wmc,dit,noc,cbo,rfc,lcom,ca,ce,npm,lcom3,loc,dam,moa,mfa,cam,ic,cbm,amc,max_cc,avg_cc,buggy
40.0,2.0,0.0,6.0,60.0,90.0,1.0,5.0,38.0,0.838141,786.0,0.9375,9.0,0.229167,0.275,1.0,6.0,18.25,2.0,0.95,True
20.0,1.0,14.0,32.0,36.0,164.0,31.0,4.0,18.0,0.8421049999999999,141.0,1.0,0.0,0.0,0.2375,0.0,0.0,5.95,2.0,1.05,False
24.0,1.0,0.0,9.0,52.0,86.0,4.0,5.0,16.0,0.673913,451.0,0.833333,3.0,0.0,0.183333,0.0,0.0,17.541667,5.0,1.7083,True
16.0,2.0,0.0,5.0,28.0,72.0,1.0,4.0,14.0,0.933333,254.0,0.333333,0.0,0.458333,0.46875,1.0,6.0,14.3125,2.0,0.875,True
8.0,2.0,0.0,5.0,20.0,4.0,2.0,4.0,7.0,0.8,148.0,0.6,0.0,0.583333,0.375,1.0,2.0,16.875,1.0,0.625,True
11.0,2.0,0.0,5.0,21.0,49.0,2.0,3.0,9.0,0.85,106.0,0.5,0.0,0.578947,0.522727,1.0,6.0,8.454545,2.0,0.8182,True
3.0,3.0,0.0,6.0,4.0,1.0,5.0,1.0,3.0,2.0,24.0,0.0,0.0,0.875,0.555556,0.0,0.0,7.0,2.0,1.3333,False
8.0,2.0,0.0,20.0,59.0,20.0,2.0,19.0,4.0,0.8214290000000001,267.0,1.0,4.0,0.416667,0.666667,1.0,1.0,31.875,1.0,0.875,False
12.0,1.0,0.0,10.0,24.0,6.0,2.0,9.0,11.0,0.787879,156.0,0.0,1.0,0.0,0.375,0.0,0.0,11.5,2.0,1.0,True
8.0,2.0,1.0,11.0,37.0,0.0,7.0,5.0,6.0,0.357143,278.0,1.0,0.0,0.8235290000000001,0.375,1.0,1.0,33.5,6.0,1.625,True
16.0,1.0,0.0,2.0,30.0,88.0,1.0,1.0,14.0,0.683333,250.0,0.0,1.0,0.0,0.21875,0.0,0.0,14.375,4.0,1.125,True
22.0,2.0,0.0,9.0,51.0,89.0,3.0,7.0,22.0,0.7210880000000001,417.0,0.857143,2.0,0.269231,0.23376599999999997,1.0,2.0,17.636364,5.0,1.0455,True
25.0,2.0,0.0,8.0,40.0,258.0,4.0,4.0,23.0,0.758333,390.0,0.8,0.0,0.333333,0.3,1.0,6.0,14.4,7.0,1.76,True
62.0,2.0,0.0,6.0,85.0,611.0,1.0,5.0,60.0,0.9539719999999999,1390.0,0.5,14.0,0.157143,0.266129,1.0,6.0,20.580645,2.0,0.9677,True
15.0,2.0,0.0,7.0,32.0,79.0,4.0,3.0,13.0,0.785714,251.0,0.666667,0.0,0.478261,0.483333,1.0,6.0,15.533332999999999,3.0,1.2,True
20.0,2.0,0.0,6.0,37.0,0.0,1.0,5.0,18.0,0.684211,321.0,0.833333,4.0,0.392857,0.36,1.0,6.0,14.75,2.0,0.9,True
0.0,1.0,0.0,0.0,0.0,0.0,0.0,0.0,0.0,2.0,4.0,0.0,0.0,0.0,0.0,0.0,0.0,0.0,0.0,0.0,False
10.0,2.0,2.0,5.0,20.0,0.0,2.0,3.0,10.0,0.0,53.0,1.0,1.0,0.64,0.55,1.0,2.0,4.2,1.0,0.9,True
12.0,2.0,0.0,5.0,22.0,54.0,2.0,3.0,10.0,0.818182,117.0,0.5,0.0,0.55,0.5,1.0,6.0,8.583333,2.0,0.8333,True
93.0,1.0,0.0,33.0,244.0,0.0,6.0,28.0,79.0,0.925951,1441.0,0.4375,3.0,0.0,0.144928,0.0,0.0,14.322581,18.0,1.6559,True
1.0,1.0,0.0,7.0,1.0,0.0,6.0,1.0,1.0,2.0,1.0,0.0,0.0,0.0,1.0,0.0,0.0,0.0,1.0,1.0,False
20.0,3.0,0.0,34.0,126.0,130.0,3.0,32.0,10.0,1.047118,1170.0,0.019048,2.0,0.55814,0.16153800000000001,2.0,7.0,47.0,11.0,2.4,True
54.0,1.0,0.0,34.0,183.0,89.0,4.0,30.0,45.0,0.878216,1831.0,0.727273,4.0,0.0,0.14016199999999998,0.0,0.0,32.703703999999995,32.0,2.2963,True
38.0,2.0,0.0,6.0,52.0,479.0,2.0,4.0,35.0,0.898649,536.0,0.9375,6.0,0.244444,0.335135,1.0,6.0,12.684211,2.0,0.9211,True
27.0,2.0,0.0,7.0,42.0,209.0,3.0,4.0,24.0,0.8461540000000001,372.0,0.9,3.0,0.323529,0.346154,1.0,6.0,12.407407000000001,2.0,0.8889,True
8.0,2.0,0.0,8.0,19.0,0.0,2.0,6.0,6.0,0.8214290000000001,324.0,1.0,6.0,0.3,0.583333,1.0,2.0,38.5,4.0,1.375,False
4.0,1.0,0.0,5.0,4.0,6.0,4.0,1.0,4.0,2.0,4.0,0.0,0.0,0.0,0.583333,0.0,0.0,0.0,1.0,1.0,False
12.0,2.0,0.0,7.0,22.0,46.0,4.0,3.0,10.0,0.818182,127.0,0.5,0.0,0.55,0.4,1.0,6.0,9.416667,2.0,1.0,True
4.0,2.0,3.0,6.0,11.0,6.0,4.0,5.0,4.0,2.0,61.0,0.0,0.0,0.916667,0.6875,0.0,0.0,14.25,5.0,1.25,True
44.0,2.0,0.0,6.0,61.0,312.0,1.0,5.0,42.0,0.8604649999999999,933.0,0.9444440000000001,8.0,0.211538,0.327273,1.0,6.0,19.795455,2.0,0.9545,True
6.0,1.0,2.0,5.0,13.0,0.0,2.0,3.0,4.0,0.5,107.0,1.0,2.0,0.0,0.458333,0.0,0.0,16.5,3.0,1.1667,False
12.0,2.0,0.0,5.0,22.0,54.0,2.0,3.0,10.0,0.818182,117.0,0.5,0.0,0.55,0.5,1.0,6.0,8.583333,2.0,0.8333,True
19.0,2.0,0.0,6.0,38.0,21.0,2.0,5.0,18.0,0.685185,284.0,0.833333,2.0,0.304348,0.225564,1.0,2.0,13.631579,3.0,0.9474,True
11.0,2.0,0.0,5.0,25.0,43.0,2.0,3.0,9.0,0.8,182.0,0.0,0.0,0.578947,0.418182,1.0,6.0,15.363635999999998,2.0,1.0909,True
15.0,1.0,132.0,155.0,23.0,105.0,155.0,0.0,12.0,2.0,84.0,0.0,0.0,0.0,0.483333,0.0,0.0,4.6,1.0,0.8,True
13.0,2.0,0.0,4.0,27.0,46.0,1.0,3.0,11.0,0.777778,201.0,0.333333,0.0,0.52381,0.333333,1.0,6.0,14.230769,2.0,1.0769,True
11.0,1.0,0.0,2.0,24.0,53.0,1.0,2.0,6.0,1.033333,241.0,1.0,0.0,0.0,0.157143,0.0,0.0,20.636364,4.0,1.6364,False
12.0,2.0,0.0,5.0,22.0,46.0,2.0,3.0,10.0,0.818182,128.0,0.5,0.0,0.55,0.4,1.0,6.0,9.5,2.0,1.0,True
12.0,1.0,2.0,15.0,13.0,42.0,15.0,0.0,12.0,0.818182,62.0,0.0,0.0,0.0,0.708333,0.0,0.0,3.833333,1.0,0.8333,False
21.0,1.0,0.0,6.0,44.0,0.0,5.0,1.0,20.0,0.976667,153.0,0.13333299999999998,1.0,0.0,0.25396799999999997,0.0,0.0,5.571429,1.0,0.9524,True
4.0,1.0,0.0,6.0,4.0,6.0,6.0,0.0,4.0,2.0,4.0,0.0,0.0,0.0,1.0,0.0,0.0,0.0,1.0,1.0,False
6.0,1.0,0.0,5.0,25.0,7.0,2.0,3.0,4.0,0.75,230.0,1.0,0.0,0.0,0.55,0.0,0.0,36.666667,9.0,2.0,True
1.0,3.0,0.0,4.0,2.0,0.0,3.0,1.0,1.0,2.0,13.0,0.0,0.0,1.0,1.0,0.0,0.0,7.0,0.0,0.0,False
4.0,1.0,0.0,2.0,18.0,0.0,1.0,1.0,4.0,0.22222199999999998,129.0,1.0,1.0,0.0,0.4375,1.0,1.0,30.5,6.0,2.5,False
12.0,2.0,0.0,5.0,24.0,46.0,1.0,4.0,10.0,0.818182,141.0,0.5,0.0,0.55,0.5,1.0,6.0,10.583333,2.0,0.8333,True
9.0,2.0,0.0,4.0,13.0,36.0,2.0,2.0,9.0,1.125,62.0,0.0,0.0,0.3,0.333333,0.0,0.0,5.6666669999999995,1.0,0.7778,True
12.0,2.0,0.0,10.0,23.0,6.0,3.0,7.0,12.0,0.6727270000000001,154.0,0.0,0.0,0.592593,0.31666700000000003,1.0,1.0,11.416667,2.0,1.0,True
5.0,2.0,0.0,3.0,20.0,0.0,0.0,3.0,4.0,0.5,138.0,1.0,0.0,0.8888889999999999,0.5,1.0,1.0,26.2,12.0,4.8,False
15.0,2.0,0.0,7.0,33.0,43.0,1.0,6.0,15.0,0.833333,258.0,0.666667,0.0,0.575758,0.333333,1.0,5.0,15.8,2.0,1.0,False
6.0,1.0,0.0,1.0,27.0,15.0,1.0,0.0,5.0,2.0,264.0,0.0,0.0,0.0,0.291667,0.0,0.0,43.0,1.0,0.8333,False
7.0,1.0,0.0,7.0,30.0,0.0,4.0,3.0,4.0,0.333333,212.0,0.0,1.0,0.0,0.47618999999999995,0.0,0.0,29.0,7.0,2.1429,False
5.0,3.0,0.0,2.0,8.0,10.0,1.0,1.0,4.0,1.25,26.0,0.0,0.0,0.923077,0.5,1.0,2.0,4.0,1.0,0.4,True
16.0,1.0,0.0,2.0,30.0,88.0,1.0,1.0,14.0,0.683333,250.0,0.0,1.0,0.0,0.21875,0.0,0.0,14.375,4.0,1.125,False
85.0,3.0,0.0,0.0,181.0,0.0,0.0,0.0,85.0,0.5,2890.0,0.5,0.0,0.514451,0.075456,2.0,20.0,32.976471000000004,1.0,0.9882,True
10.0,1.0,2.0,12.0,12.0,3.0,11.0,1.0,10.0,0.333333,69.0,1.0,0.0,0.0,0.34,0.0,0.0,5.8,2.0,1.0,False
18.0,2.0,0.0,5.0,28.0,111.0,2.0,3.0,16.0,0.776471,231.0,0.8,0.0,0.42307700000000004,0.458333,1.0,6.0,11.555556,2.0,0.8889,True
16.0,1.0,0.0,3.0,17.0,78.0,2.0,1.0,16.0,0.533333,172.0,1.0,0.0,0.0,0.291667,0.0,0.0,9.5,9.0,1.625,False
14.0,2.0,0.0,7.0,26.0,57.0,3.0,4.0,12.0,0.769231,195.0,0.666667,0.0,0.5,0.48214300000000004,1.0,6.0,12.714286,2.0,0.8571,True
25.0,2.0,0.0,11.0,41.0,258.0,7.0,4.0,23.0,0.758333,389.0,0.8,0.0,0.333333,0.257143,1.0,6.0,14.36,7.0,1.76,True
4.0,1.0,1.0,10.0,26.0,4.0,3.0,7.0,2.0,0.833333,193.0,1.0,0.0,0.0,0.416667,0.0,0.0,46.75,6.0,2.0,True
9.0,2.0,0.0,7.0,41.0,4.0,1.0,6.0,8.0,0.875,302.0,0.5,0.0,0.730769,0.35,1.0,5.0,32.111111,4.0,1.3333,True
2.0,1.0,0.0,3.0,4.0,0.0,1.0,3.0,2.0,0.0,14.0,0.0,1.0,0.0,0.666667,0.0,0.0,5.5,1.0,0.5,False
11.0,2.0,0.0,4.0,16.0,55.0,2.0,3.0,11.0,1.1,96.0,0.333333,0.0,0.25,0.272727,0.0,0.0,7.454544999999999,1.0,0.8182,True
6.0,1.0,4.0,20.0,28.0,15.0,5.0,19.0,3.0,2.0,191.0,0.0,0.0,0.0,0.333333,0.0,0.0,30.833333000000003,6.0,2.3333,True
15.0,2.0,0.0,8.0,34.0,87.0,3.0,5.0,12.0,0.8714290000000001,230.0,0.8,0.0,0.478261,0.516667,1.0,5.0,14.0,2.0,1.0,True
17.0,2.0,0.0,8.0,41.0,66.0,4.0,4.0,15.0,0.85,319.0,0.4,0.0,0.44,0.313725,1.0,6.0,17.470588,3.0,1.2353,True
7.0,2.0,0.0,2.0,8.0,21.0,1.0,2.0,7.0,1.166667,32.0,0.5,0.0,0.583333,0.428571,1.0,2.0,3.285714,1.0,0.7143,True
17.0,2.0,2.0,7.0,44.0,106.0,4.0,4.0,15.0,0.760417,483.0,0.5,0.0,0.458333,0.48529399999999995,1.0,6.0,27.058823999999998,5.0,1.5294,True
10.0,2.0,0.0,5.0,19.0,5.0,2.0,3.0,8.0,0.740741,223.0,1.0,0.0,0.3,0.228571,1.0,2.0,21.0,3.0,1.2,False
2.0,1.0,0.0,10.0,20.0,1.0,1.0,9.0,2.0,2.0,175.0,0.0,0.0,0.0,0.625,0.0,0.0,86.5,12.0,6.0,False
12.0,2.0,0.0,5.0,22.0,46.0,2.0,3.0,10.0,0.818182,128.0,0.0,0.0,0.55,0.4,1.0,6.0,9.5,2.0,1.0,True
0.0,1.0,0.0,2.0,0.0,0.0,2.0,0.0,0.0,2.0,10.0,0.0,0.0,0.0,0.0,0.0,0.0,0.0,0.0,0.0,False
7.0,3.0,0.0,4.0,17.0,0.0,2.0,2.0,6.0,0.8888889999999999,120.0,0.333333,0.0,0.772727,0.52381,1.0,5.0,15.714285999999998,1.0,0.7143,True
9.0,1.0,0.0,11.0,43.0,28.0,0.0,11.0,6.0,0.6875,416.0,1.0,0.0,0.0,0.333333,0.0,0.0,45.0,13.0,3.2222,True
7.0,1.0,0.0,4.0,22.0,0.0,1.0,3.0,5.0,0.166667,88.0,1.0,2.0,0.0,0.428571,0.0,0.0,11.285714,2.0,1.0,True
7.0,2.0,0.0,6.0,14.0,9.0,5.0,2.0,5.0,0.5,48.0,1.0,1.0,0.848485,0.342857,0.0,0.0,5.714286,1.0,0.7143,False
39.0,1.0,0.0,3.0,78.0,0.0,2.0,1.0,38.0,0.9236840000000001,234.0,0.0,1.0,0.0,0.302564,0.0,0.0,4.74359,2.0,1.0256,False
2.0,1.0,0.0,8.0,36.0,1.0,2.0,6.0,2.0,2.0,137.0,0.0,0.0,0.0,0.5,0.0,0.0,67.5,2.0,1.0,False
12.0,2.0,0.0,6.0,18.0,54.0,4.0,2.0,8.0,0.924242,222.0,1.0,1.0,0.230769,0.3125,1.0,2.0,17.0,5.0,1.3333,False
31.0,2.0,0.0,5.0,55.0,281.0,0.0,5.0,31.0,0.940909,567.0,0.545455,0.0,0.387755,0.230415,1.0,5.0,16.580645,3.0,1.0645,False
0.0,1.0,0.0,1.0,0.0,0.0,1.0,0.0,0.0,2.0,5.0,0.0,0.0,0.0,0.0,0.0,0.0,0.0,0.0,0.0,False
13.0,2.0,0.0,5.0,22.0,66.0,2.0,3.0,11.0,0.805556,140.0,0.666667,0.0,0.52381,0.4,1.0,6.0,9.538461999999999,2.0,0.8462,True
14.0,2.0,0.0,8.0,26.0,69.0,4.0,4.0,12.0,0.74359,188.0,0.666667,0.0,0.5,0.321429,1.0,6.0,12.214286,3.0,1.1429,True
17.0,2.0,0.0,9.0,32.0,74.0,5.0,4.0,13.0,0.75,224.0,0.75,0.0,0.44,0.294118,1.0,6.0,11.941175999999999,2.0,1.1176,True
6.0,1.0,0.0,4.0,22.0,0.0,1.0,3.0,0.0,0.333333,163.0,1.0,0.0,0.0,0.5,0.0,0.0,25.666667,5.0,2.3333,False
11.0,1.0,0.0,5.0,21.0,9.0,2.0,3.0,11.0,0.25,92.0,1.0,0.0,0.0,0.454545,0.0,0.0,7.181817999999999,1.0,0.6364,False
20.0,2.0,0.0,5.0,32.0,114.0,1.0,4.0,18.0,0.789474,357.0,0.833333,0.0,0.392857,0.45,1.0,6.0,16.55,2.0,0.9,True
24.0,2.0,0.0,6.0,42.0,0.0,1.0,5.0,22.0,0.818182,423.0,0.636364,5.0,0.34375,0.291667,1.0,6.0,16.166667,2.0,0.9167,True
22.0,2.0,0.0,8.0,35.0,169.0,5.0,3.0,20.0,0.946779,316.0,0.352941,0.0,0.366667,0.44318199999999996,1.0,6.0,12.590909,2.0,0.9091,True
5.0,1.0,0.0,2.0,6.0,0.0,1.0,1.0,5.0,0.583333,43.0,1.0,2.0,0.0,0.4,0.0,0.0,7.0,1.0,0.8,False
9.0,1.0,0.0,4.0,17.0,0.0,1.0,3.0,7.0,0.5,234.0,1.0,1.0,0.0,0.511111,0.0,0.0,24.555556,2.0,1.1111,True
5.0,3.0,0.0,2.0,9.0,10.0,1.0,1.0,5.0,1.25,28.0,0.0,0.0,0.96,0.55,1.0,3.0,4.4,1.0,0.2,True
4.0,1.0,4.0,5.0,6.0,6.0,4.0,1.0,1.0,2.0,15.0,0.0,0.0,0.0,0.666667,0.0,0.0,2.75,1.0,0.75,False
30.0,3.0,0.0,10.0,50.0,155.0,6.0,5.0,28.0,0.975369,622.0,0.23809499999999997,4.0,0.307692,0.34,1.0,6.0,18.333333,2.0,0.9333,True
1.0,1.0,0.0,9.0,1.0,0.0,9.0,0.0,1.0,2.0,1.0,0.0,0.0,0.0,1.0,0.0,0.0,0.0,1.0,1.0,False
10.0,2.0,0.0,6.0,18.0,45.0,3.0,3.0,8.0,1.111111,79.0,0.0,0.0,0.611111,0.525,1.0,6.0,6.8,2.0,0.8,True
36.0,2.0,0.0,6.0,57.0,196.0,1.0,5.0,34.0,0.909317,744.0,0.565217,6.0,0.25,0.277778,1.0,6.0,19.027778,2.0,0.9444,True
14.0,2.0,0.0,6.0,25.0,77.0,3.0,3.0,11.0,0.8615379999999999,212.0,0.8,0.0,0.5,0.517857,1.0,5.0,13.785714000000002,2.0,1.0,True
12.0,1.0,0.0,15.0,37.0,66.0,15.0,0.0,10.0,1.090909,494.0,1.0,0.0,0.0,0.27381,0.0,0.0,40.083333,10.0,2.5833,True
12.0,2.0,0.0,5.0,22.0,54.0,2.0,3.0,10.0,0.9818180000000001,120.0,0.2,0.0,0.55,0.5,1.0,6.0,8.583333,2.0,0.8333,True
9.0,2.0,0.0,4.0,17.0,36.0,1.0,3.0,7.0,1.125,72.0,0.0,0.0,0.647059,0.555556,1.0,6.0,6.888889,2.0,0.7778,True
9.0,2.0,0.0,10.0,27.0,6.0,5.0,5.0,9.0,0.875,180.0,0.333333,0.0,0.703704,0.355556,1.0,5.0,18.666667,2.0,1.1111,False
23.0,2.0,0.0,7.0,37.0,219.0,2.0,5.0,21.0,0.850649,345.0,0.857143,0.0,0.35483899999999996,0.347826,1.0,5.0,13.695651999999999,6.0,1.5652,True
14.0,2.0,0.0,8.0,26.0,69.0,4.0,4.0,12.0,0.74359,187.0,0.666667,0.0,0.5,0.321429,1.0,6.0,12.142857000000001,3.0,1.1429,True
29.0,2.0,0.0,7.0,53.0,100.0,2.0,6.0,28.0,0.75,556.0,0.8888889999999999,3.0,0.212121,0.221675,1.0,2.0,17.862069,5.0,1.0345,True
4.0,1.0,0.0,1.0,4.0,6.0,1.0,0.0,4.0,2.0,4.0,0.0,0.0,0.0,0.5,0.0,0.0,0.0,1.0,1.0,True
0.0,1.0,0.0,0.0,0.0,0.0,0.0,0.0,0.0,2.0,7.0,0.0,0.0,0.0,0.0,0.0,0.0,0.0,0.0,0.0,False
17.0,2.0,0.0,10.0,48.0,38.0,3.0,8.0,17.0,0.822917,419.0,0.666667,1.0,0.5428569999999999,0.27451,1.0,5.0,23.294118,3.0,1.1765,False
9.0,2.0,0.0,4.0,13.0,36.0,2.0,2.0,9.0,1.125,58.0,0.0,0.0,0.3,0.333333,0.0,0.0,5.3333330000000005,1.0,0.7778,True
9.0,1.0,0.0,10.0,20.0,0.0,10.0,0.0,9.0,0.25,294.0,1.0,0.0,0.0,0.311111,1.0,1.0,31.444444,7.0,1.8889,False
6.0,1.0,0.0,7.0,22.0,3.0,1.0,6.0,6.0,0.75,111.0,1.0,2.0,0.0,0.333333,0.0,0.0,16.833333,1.0,0.8333,False
22.0,2.0,0.0,3.0,47.0,175.0,1.0,2.0,20.0,0.6309520000000001,475.0,0.0,0.0,0.34375,0.30303,1.0,5.0,20.409091,7.0,2.0909,True
25.0,2.0,0.0,6.0,39.0,106.0,2.0,4.0,25.0,0.753788,487.0,0.909091,7.0,0.11538499999999999,0.18,0.0,0.0,18.04,8.0,1.32,True
26.0,1.0,3.0,11.0,42.0,325.0,10.0,1.0,22.0,1.04,693.0,0.0,0.0,0.0,0.544872,0.0,0.0,25.461538,10.0,1.9615,False
8.0,1.0,0.0,2.0,12.0,8.0,0.0,2.0,7.0,0.8214290000000001,129.0,0.083333,0.0,0.0,0.642857,0.0,0.0,13.625,1.0,0.625,True
5.0,3.0,0.0,4.0,6.0,0.0,3.0,1.0,5.0,2.0,37.0,0.0,0.0,0.777778,0.466667,0.0,0.0,6.4,1.0,0.8,False
5.0,2.0,0.0,17.0,48.0,6.0,1.0,17.0,2.0,0.916667,439.0,0.666667,2.0,0.555556,0.55,1.0,1.0,86.2,4.0,1.4,True
6.0,1.0,48.0,50.0,56.0,15.0,50.0,46.0,6.0,1.2,923.0,1.0,0.0,0.0,0.666667,0.0,0.0,152.5,1.0,0.8333,True
25.0,2.0,0.0,9.0,51.0,228.0,6.0,3.0,20.0,0.770833,419.0,0.833333,0.0,0.333333,0.251429,2.0,6.0,15.52,6.0,1.64,True
3.0,1.0,0.0,3.0,5.0,3.0,3.0,0.0,2.0,2.0,43.0,0.0,0.0,0.0,0.5,0.0,0.0,13.333332999999998,1.0,0.6667,False
10.0,2.0,0.0,4.0,18.0,39.0,2.0,3.0,9.0,0.851852,78.0,0.333333,0.0,0.5,0.283333,1.0,2.0,6.5,1.0,0.7,True
3.0,1.0,0.0,7.0,10.0,0.0,5.0,2.0,3.0,0.25,78.0,1.0,0.0,0.0,0.666667,0.0,0.0,24.333333,1.0,0.6667,True
11.0,1.0,0.0,5.0,21.0,9.0,2.0,3.0,11.0,0.25,92.0,1.0,0.0,0.0,0.454545,0.0,0.0,7.181817999999999,1.0,0.6364,False
12.0,2.0,0.0,12.0,33.0,32.0,7.0,5.0,11.0,1.034091,320.0,0.125,0.0,0.633333,0.35,1.0,5.0,24.333333,13.0,1.9167,True
0.0,1.0,0.0,0.0,0.0,0.0,0.0,0.0,0.0,2.0,4.0,0.0,0.0,0.0,0.0,0.0,0.0,0.0,0.0,0.0,False
12.0,2.0,0.0,5.0,22.0,46.0,2.0,3.0,10.0,0.818182,127.0,0.5,0.0,0.55,0.4,1.0,6.0,9.416667,2.0,1.0,True
2.0,1.0,0.0,3.0,8.0,1.0,0.0,3.0,2.0,2.0,27.0,0.0,0.0,0.0,0.5,0.0,0.0,12.5,1.0,0.5,False
4.0,2.0,0.0,5.0,11.0,4.0,1.0,4.0,2.0,0.833333,108.0,1.0,1.0,0.5,0.4,1.0,1.0,25.5,3.0,1.25,False
9.0,2.0,0.0,4.0,13.0,36.0,2.0,2.0,9.0,1.125,64.0,0.0,0.0,0.3,0.333333,0.0,0.0,5.888889,1.0,0.7778,True
23.0,1.0,0.0,5.0,46.0,123.0,1.0,4.0,4.0,0.659091,668.0,1.0,1.0,0.0,0.267081,0.0,0.0,27.608696000000002,8.0,2.3043,True
5.0,3.0,3.0,4.0,7.0,4.0,4.0,0.0,5.0,0.5,29.0,1.0,0.0,0.9444440000000001,0.6,0.0,0.0,4.6,1.0,0.2,True
5.0,4.0,2.0,5.0,7.0,4.0,5.0,0.0,5.0,0.5,29.0,1.0,0.0,0.9444440000000001,0.6,0.0,0.0,4.6,1.0,0.2,True
20.0,2.0,0.0,7.0,40.0,142.0,3.0,4.0,18.0,0.798246,342.0,0.833333,0.0,0.392857,0.3,1.0,6.0,15.8,10.0,1.5,True
12.0,2.0,0.0,6.0,23.0,46.0,2.0,4.0,10.0,0.818182,122.0,0.5,0.0,0.55,0.4,1.0,6.0,9.0,2.0,0.8333,True
3.0,1.0,0.0,4.0,4.0,3.0,1.0,3.0,3.0,2.0,7.0,0.0,0.0,0.0,0.833333,0.0,0.0,1.333333,1.0,0.6667,False
15.0,2.0,0.0,6.0,39.0,49.0,3.0,4.0,13.0,0.75,369.0,0.5,0.0,0.478261,0.516667,1.0,6.0,23.466667,2.0,1.2667,True
15.0,2.0,0.0,4.0,25.0,87.0,2.0,2.0,13.0,0.803571,143.0,0.75,0.0,0.478261,0.483333,1.0,6.0,8.266667,1.0,0.8,True
11.0,2.0,0.0,5.0,21.0,43.0,2.0,3.0,9.0,0.85,117.0,0.5,0.0,0.578947,0.418182,1.0,6.0,9.454545,2.0,1.0,True
20.0,2.0,0.0,5.0,31.0,138.0,2.0,3.0,18.0,0.827068,306.0,0.857143,0.0,0.392857,0.36,1.0,6.0,13.95,2.0,0.9,True
6.0,2.0,0.0,12.0,36.0,11.0,1.0,12.0,2.0,0.8,173.0,1.0,2.0,0.5,0.541667,1.0,1.0,27.5,3.0,1.1667,False
4.0,1.0,0.0,8.0,15.0,4.0,6.0,2.0,2.0,0.333333,55.0,1.0,0.0,0.0,0.333333,0.0,0.0,12.5,2.0,0.75,False
9.0,1.0,0.0,8.0,45.0,36.0,1.0,8.0,5.0,2.0,3581.0,0.0,0.0,0.0,0.296296,0.0,0.0,396.888889,3.0,1.3333,False
96.0,2.0,0.0,9.0,117.0,3214.0,5.0,4.0,93.0,0.981195,1478.0,0.483146,34.0,0.106796,0.313684,1.0,6.0,13.46875,3.0,0.9896,True
9.0,2.0,0.0,4.0,13.0,36.0,2.0,2.0,9.0,1.125,60.0,0.333333,0.0,0.3,0.333333,0.0,0.0,5.3333330000000005,1.0,0.7778,True
9.0,2.0,0.0,4.0,13.0,36.0,2.0,2.0,9.0,1.125,62.0,0.0,0.0,0.3,0.333333,0.0,0.0,5.6666669999999995,1.0,0.7778,True
20.0,2.0,0.0,6.0,37.0,88.0,1.0,5.0,18.0,0.763158,348.0,0.833333,1.0,0.392857,0.36,1.0,6.0,16.1,2.0,0.9,True
4.0,5.0,0.0,2.0,8.0,6.0,1.0,1.0,4.0,2.0,20.0,0.0,0.0,1.0,0.666667,0.0,0.0,4.0,0.0,0.0,True
5.0,2.0,0.0,8.0,16.0,10.0,4.0,4.0,5.0,2.0,50.0,0.0,0.0,0.555556,0.5,0.0,0.0,9.0,1.0,0.8,False
3.0,2.0,1.0,10.0,4.0,0.0,8.0,2.0,2.0,1.125,22.0,0.0,0.0,0.8888889999999999,0.5,0.0,0.0,5.0,1.0,0.6667,True
14.0,2.0,0.0,6.0,33.0,65.0,2.0,4.0,12.0,0.74359,229.0,0.666667,0.0,0.5,0.4,1.0,6.0,15.142857000000001,2.0,1.0714,True
17.0,1.0,3.0,14.0,19.0,84.0,11.0,3.0,16.0,0.9940479999999999,152.0,0.0,2.0,0.0,0.31764699999999996,0.0,0.0,6.705882000000001,4.0,1.1176,False
13.0,1.0,0.0,63.0,35.0,60.0,63.0,0.0,8.0,0.333333,618.0,0.666667,0.0,0.0,0.212963,0.0,0.0,46.307691999999996,10.0,1.8462,False
10.0,2.0,0.0,4.0,14.0,45.0,2.0,2.0,10.0,1.111111,59.0,0.333333,0.0,0.272727,0.32,0.0,0.0,4.6,1.0,0.8,True
11.0,2.0,0.0,5.0,17.0,25.0,2.0,3.0,8.0,0.8,126.0,0.5,0.0,0.578947,0.568182,1.0,5.0,10.272727,3.0,1.2727,True
7.0,1.0,0.0,15.0,56.0,9.0,4.0,11.0,5.0,0.722222,743.0,1.0,0.0,0.0,0.166667,0.0,0.0,104.714286,8.0,2.0,True
11.0,3.0,0.0,9.0,14.0,41.0,5.0,4.0,11.0,0.916667,66.0,0.0,1.0,0.642857,0.327273,0.0,0.0,4.4545449999999995,1.0,0.9091,False
14.0,2.0,0.0,8.0,34.0,41.0,1.0,7.0,12.0,0.711538,225.0,0.0,0.0,0.458333,0.28571399999999997,1.0,5.0,14.785714000000002,9.0,2.0,True
13.0,2.0,0.0,8.0,32.0,52.0,4.0,4.0,11.0,0.933333,1216.0,0.4,0.0,0.55,0.4153850000000001,1.0,6.0,92.153846,4.0,1.3846,True
16.0,2.0,0.0,7.0,30.0,54.0,4.0,3.0,14.0,0.7,388.0,0.0,0.0,0.416667,0.3625,1.0,1.0,23.0,4.0,1.5625,False
1.0,2.0,1.0,2.0,2.0,0.0,1.0,1.0,1.0,2.0,4.0,0.0,0.0,1.0,1.0,0.0,0.0,3.0,0.0,0.0,False
14.0,2.0,0.0,5.0,27.0,57.0,1.0,4.0,12.0,0.769231,195.0,0.666667,0.0,0.5,0.48214300000000004,1.0,6.0,12.714286,2.0,0.8571,True
4.0,5.0,0.0,1.0,8.0,6.0,0.0,1.0,4.0,2.0,20.0,0.0,0.0,1.0,0.666667,0.0,0.0,4.0,0.0,0.0,True
3.0,3.0,0.0,8.0,10.0,3.0,6.0,2.0,1.0,2.0,27.0,0.0,0.0,0.9714290000000001,0.666667,1.0,1.0,8.0,1.0,0.3333,False
25.0,2.0,0.0,3.0,67.0,22.0,1.0,2.0,22.0,0.5,961.0,0.0,0.0,0.314286,0.244444,1.0,5.0,37.36,23.0,3.6,True
5.0,2.0,0.0,5.0,12.0,10.0,1.0,4.0,5.0,2.0,32.0,0.0,0.0,0.555556,0.5,0.0,0.0,5.4,1.0,0.8,False
2.0,1.0,0.0,3.0,16.0,1.0,1.0,2.0,2.0,2.0,231.0,0.0,0.0,0.0,0.5,0.0,0.0,114.5,17.0,8.5,False
5.0,1.0,0.0,3.0,21.0,0.0,2.0,1.0,4.0,0.5,149.0,1.0,1.0,0.0,0.7,0.0,0.0,28.4,2.0,1.2,False
24.0,2.0,0.0,6.0,41.0,38.0,1.0,5.0,22.0,0.75,429.0,0.875,4.0,0.34375,0.35,1.0,6.0,16.541667,2.0,0.9167,True
11.0,2.0,0.0,6.0,21.0,49.0,3.0,3.0,9.0,0.85,106.0,0.5,0.0,0.578947,0.522727,1.0,6.0,8.454545,2.0,0.8182,True
1.0,1.0,0.0,3.0,1.0,0.0,3.0,0.0,1.0,2.0,1.0,0.0,0.0,0.0,1.0,0.0,0.0,0.0,1.0,1.0,False
26.0,2.0,0.0,6.0,46.0,117.0,1.0,5.0,24.0,0.936364,505.0,0.363636,3.0,0.323529,0.346154,1.0,6.0,17.576923,2.0,0.9231,True
12.0,2.0,0.0,5.0,24.0,46.0,1.0,4.0,10.0,0.9818180000000001,144.0,0.2,0.0,0.55,0.5,1.0,6.0,10.583333,2.0,0.8333,True
24.0,2.0,0.0,9.0,50.0,244.0,3.0,6.0,22.0,0.9082129999999999,402.0,0.44444399999999995,0.0,0.34375,0.284722,1.0,5.0,15.375,6.0,1.4583,True
2.0,1.0,0.0,3.0,5.0,0.0,1.0,2.0,1.0,0.0,49.0,1.0,1.0,0.0,0.6,0.0,0.0,22.0,5.0,2.5,False
10.0,3.0,0.0,8.0,18.0,45.0,6.0,3.0,8.0,1.111111,86.0,0.0,0.0,0.631579,0.525,1.0,6.0,7.5,2.0,0.8,True
12.0,2.0,0.0,4.0,24.0,36.0,1.0,3.0,10.0,0.772727,143.0,0.5,0.0,0.55,0.4,1.0,6.0,10.75,2.0,0.8333,True
16.0,2.0,2.0,6.0,31.0,102.0,3.0,3.0,11.0,0.933333,9857.0,0.75,1.0,0.17647100000000002,0.190476,0.0,0.0,614.5625,5.0,1.1875,True
1.0,1.0,0.0,19.0,1.0,0.0,19.0,1.0,1.0,2.0,1.0,0.0,0.0,0.0,1.0,0.0,0.0,0.0,1.0,1.0,False
20.0,2.0,0.0,5.0,35.0,114.0,1.0,4.0,18.0,0.877193,360.0,0.555556,0.0,0.392857,0.45,1.0,6.0,16.55,2.0,0.9,True
17.0,1.0,0.0,37.0,95.0,106.0,10.0,28.0,13.0,0.354167,461.0,1.0,2.0,0.0,0.144796,0.0,0.0,25.941176000000002,2.0,1.1176,False
13.0,2.0,0.0,3.0,24.0,64.0,1.0,2.0,11.0,0.883333,143.0,0.6,0.0,0.52381,0.5,1.0,6.0,9.615385,1.0,0.7692,True
20.0,2.0,0.0,14.0,65.0,94.0,3.0,14.0,15.0,0.649123,327.0,1.0,2.0,0.321429,0.15454500000000002,1.0,1.0,15.2,3.0,1.15,False
5.0,2.0,0.0,5.0,7.0,6.0,4.0,1.0,5.0,2.0,46.0,0.0,0.0,0.769231,0.7,1.0,1.0,8.2,2.0,1.0,False
3.0,1.0,0.0,1.0,30.0,3.0,0.0,1.0,2.0,2.0,315.0,0.0,0.0,0.0,0.333333,0.0,0.0,104.0,1.0,0.6667,True
12.0,2.0,0.0,6.0,23.0,46.0,2.0,4.0,10.0,0.818182,122.0,0.5,0.0,0.55,0.4,1.0,6.0,9.0,2.0,0.8333,True
3.0,1.0,0.0,3.0,4.0,3.0,2.0,2.0,3.0,2.0,8.0,0.0,0.0,0.0,0.75,0.0,0.0,1.666667,1.0,0.6667,False
9.0,2.0,0.0,4.0,13.0,36.0,2.0,2.0,9.0,1.125,59.0,0.0,0.0,0.3,0.333333,0.0,0.0,5.3333330000000005,1.0,0.7778,True
10.0,2.0,0.0,4.0,18.0,45.0,1.0,3.0,8.0,1.111111,87.0,0.0,0.0,0.611111,0.525,1.0,6.0,7.6,2.0,0.8,True
16.0,1.0,0.0,20.0,55.0,0.0,9.0,14.0,14.0,0.5,453.0,1.0,3.0,0.0,0.198864,0.0,0.0,27.0625,6.0,1.0625,False
10.0,1.0,0.0,13.0,10.0,45.0,13.0,0.0,10.0,2.0,10.0,0.0,0.0,0.0,0.4,0.0,0.0,0.0,1.0,1.0,False
9.0,2.0,0.0,5.0,17.0,36.0,2.0,3.0,7.0,1.125,72.0,0.0,0.0,0.647059,0.555556,1.0,6.0,6.888889,2.0,0.7778,True
20.0,2.0,0.0,5.0,35.0,114.0,1.0,4.0,18.0,0.8552629999999999,359.0,0.625,0.0,0.392857,0.45,1.0,6.0,16.55,2.0,0.9,True
1.0,1.0,0.0,2.0,1.0,0.0,1.0,1.0,1.0,2.0,1.0,0.0,0.0,0.0,1.0,0.0,0.0,0.0,1.0,1.0,False
1.0,1.0,0.0,13.0,1.0,0.0,13.0,0.0,1.0,2.0,1.0,0.0,0.0,0.0,1.0,0.0,0.0,0.0,1.0,1.0,False
11.0,2.0,0.0,10.0,22.0,0.0,7.0,3.0,8.0,0.35,180.0,1.0,0.0,0.578947,0.545455,1.0,6.0,15.181818,3.0,1.0,True
2.0,1.0,0.0,19.0,2.0,1.0,19.0,1.0,2.0,2.0,2.0,0.0,0.0,0.0,1.0,0.0,0.0,0.0,1.0,1.0,False
12.0,2.0,0.0,5.0,24.0,46.0,1.0,4.0,10.0,0.818182,141.0,0.5,0.0,0.55,0.5,1.0,6.0,10.583333,2.0,0.8333,True
19.0,3.0,0.0,4.0,29.0,171.0,1.0,3.0,19.0,1.055556,128.0,0.0,0.0,0.581395,0.526316,0.0,0.0,5.684211,1.0,0.9474,True
1.0,1.0,0.0,4.0,1.0,0.0,3.0,1.0,1.0,2.0,1.0,0.0,0.0,0.0,1.0,0.0,0.0,0.0,1.0,1.0,False
18.0,2.0,0.0,5.0,31.0,91.0,1.0,4.0,16.0,0.776471,303.0,0.8,0.0,0.42307700000000004,0.458333,1.0,6.0,15.555556,2.0,0.8889,True
12.0,2.0,0.0,6.0,22.0,46.0,3.0,3.0,10.0,0.818182,128.0,0.5,0.0,0.55,0.4,1.0,6.0,9.5,2.0,1.0,True
2.0,1.0,0.0,2.0,4.0,1.0,2.0,0.0,1.0,2.0,39.0,0.0,0.0,0.0,0.5,0.0,0.0,18.5,3.0,1.5,False
11.0,2.0,0.0,14.0,46.0,25.0,8.0,6.0,11.0,0.9571430000000001,366.0,0.14285699999999998,0.0,0.655172,0.22222199999999998,1.0,6.0,31.636364,3.0,1.8182,False
38.0,2.0,0.0,9.0,56.0,511.0,4.0,5.0,35.0,0.9380629999999999,604.0,0.625,4.0,0.244444,0.239382,1.0,6.0,14.263157999999999,3.0,1.0,True
12.0,2.0,0.0,5.0,24.0,46.0,1.0,4.0,10.0,0.818182,141.0,0.5,0.0,0.55,0.5,1.0,6.0,10.583333,2.0,0.8333,True
18.0,1.0,0.0,34.0,19.0,107.0,34.0,0.0,18.0,0.382353,170.0,1.0,0.0,0.0,0.43333299999999997,0.0,0.0,8.333333,2.0,1.2222,False
10.0,2.0,0.0,0.0,19.0,0.0,0.0,0.0,10.0,0.0,86.0,1.0,0.0,0.5,0.32,1.0,2.0,7.5,1.0,0.9,False
26.0,2.0,0.0,6.0,46.0,153.0,1.0,5.0,24.0,0.8,501.0,0.8888889999999999,2.0,0.323529,0.346154,1.0,6.0,17.923077,2.0,0.9231,True
11.0,2.0,0.0,5.0,21.0,49.0,2.0,3.0,9.0,0.975,108.0,0.25,0.0,0.578947,0.522727,1.0,6.0,8.454545,2.0,0.8182,True
86.0,1.0,0.0,98.0,300.0,2749.0,45.0,54.0,48.0,0.914286,3446.0,1.0,5.0,0.0,0.16732,0.0,0.0,38.90697700000001,35.0,2.2209,True
6.0,1.0,0.0,2.0,8.0,15.0,2.0,0.0,6.0,1.2,139.0,0.0,0.0,0.0,0.333333,0.0,0.0,22.0,4.0,2.0,True
10.0,2.0,0.0,4.0,14.0,45.0,2.0,2.0,10.0,1.111111,67.0,0.333333,0.0,0.272727,0.32,0.0,0.0,5.4,1.0,0.8,True
23.0,2.0,0.0,2.0,24.0,253.0,1.0,1.0,23.0,2.0,49.0,0.0,0.0,0.5217390000000001,0.669565,1.0,2.0,1.130435,1.0,0.9565,False
4.0,4.0,0.0,3.0,8.0,6.0,2.0,1.0,4.0,2.0,20.0,0.0,0.0,1.0,0.666667,0.0,0.0,4.0,0.0,0.0,False
32.0,2.0,0.0,7.0,64.0,312.0,1.0,6.0,32.0,0.909274,614.0,0.8125,0.0,0.38,0.265625,1.0,5.0,17.6875,1.0,0.9688,False
11.0,2.0,0.0,5.0,21.0,49.0,2.0,3.0,9.0,1.0,109.0,0.2,0.0,0.578947,0.522727,1.0,6.0,8.454545,2.0,0.8182,True
14.0,2.0,0.0,5.0,24.0,69.0,2.0,3.0,12.0,0.769231,155.0,0.666667,0.0,0.5,0.48214300000000004,1.0,6.0,9.857142999999999,2.0,0.8571,True
10.0,1.0,2.0,6.0,14.0,19.0,3.0,4.0,6.0,0.611111,71.0,1.0,2.0,0.0,0.325,0.0,0.0,5.9,3.0,1.3,False
10.0,2.0,0.0,4.0,18.0,33.0,2.0,3.0,9.0,0.866667,89.0,0.6,0.0,0.5,0.283333,1.0,2.0,7.4,1.0,0.7,True
3.0,1.0,0.0,3.0,8.0,0.0,3.0,0.0,3.0,0.0,32.0,0.0,0.0,0.0,0.666667,0.0,0.0,9.333333,1.0,0.6667,False
37.0,2.0,0.0,12.0,80.0,470.0,6.0,6.0,32.0,0.863426,866.0,0.833333,0.0,0.244444,0.21959499999999998,1.0,6.0,22.081081,7.0,1.8919,True
11.0,1.0,0.0,4.0,15.0,21.0,1.0,3.0,11.0,0.533333,90.0,1.0,0.0,0.0,0.454545,0.0,0.0,6.909091,1.0,0.6364,False
80.0,3.0,0.0,3.0,153.0,3060.0,0.0,3.0,72.0,0.83906,838.0,1.0,2.0,0.529762,0.07962999999999999,2.0,20.0,9.3875,3.0,1.1375,False
6.0,3.0,0.0,1.0,15.0,15.0,1.0,0.0,6.0,1.1783780000000001,287.0,0.054054,2.0,0.9152540000000001,0.3,1.0,2.0,40.666667,2.0,1.1667,True
12.0,2.0,0.0,4.0,24.0,46.0,0.0,4.0,10.0,0.818182,141.0,0.5,0.0,0.55,0.5,1.0,6.0,10.583333,2.0,0.8333,True
2.0,1.0,0.0,3.0,5.0,0.0,2.0,1.0,2.0,0.0,42.0,0.0,0.0,0.0,0.833333,0.0,0.0,19.0,1.0,0.5,True
4.0,1.0,0.0,6.0,4.0,6.0,5.0,2.0,4.0,2.0,4.0,0.0,0.0,0.0,0.666667,0.0,0.0,0.0,1.0,1.0,False
22.0,2.0,0.0,5.0,34.0,141.0,1.0,4.0,20.0,0.957393,423.0,0.315789,0.0,0.366667,0.44318199999999996,1.0,6.0,17.363636,2.0,0.9091,True
2.0,1.0,0.0,5.0,10.0,1.0,1.0,4.0,0.0,2.0,82.0,0.0,0.0,0.0,0.5,0.0,0.0,40.0,1.0,0.5,False
8.0,2.0,0.0,3.0,12.0,22.0,1.0,3.0,7.0,0.8857139999999999,102.0,0.8,0.0,0.583333,0.35,1.0,2.0,11.125,1.0,0.625,True
8.0,2.0,0.0,7.0,9.0,14.0,5.0,2.0,6.0,0.785714,73.0,0.0,0.0,0.695652,0.325,0.0,0.0,7.625,2.0,1.0,False
54.0,1.0,0.0,33.0,141.0,651.0,3.0,30.0,7.0,0.766926,1861.0,0.705882,1.0,0.0,0.174004,0.0,0.0,33.148148,14.0,3.1667,True
18.0,2.0,0.0,6.0,35.0,1.0,1.0,5.0,16.0,0.670588,276.0,0.8,3.0,0.42307700000000004,0.366667,1.0,6.0,14.055556,2.0,0.8889,True
8.0,1.0,0.0,8.0,19.0,0.0,7.0,1.0,8.0,0.642857,333.0,0.5,0.0,0.0,0.46875,0.0,0.0,40.375,6.0,2.125,True
1.0,1.0,0.0,7.0,1.0,0.0,6.0,1.0,1.0,2.0,1.0,0.0,0.0,0.0,1.0,0.0,0.0,0.0,1.0,1.0,False
24.0,2.0,0.0,6.0,41.0,82.0,1.0,5.0,22.0,0.766304,438.0,0.875,3.0,0.34375,0.35,1.0,6.0,16.916667,2.0,0.9167,True
4.0,1.0,0.0,6.0,16.0,4.0,1.0,6.0,4.0,0.333333,82.0,0.0,0.0,0.0,0.416667,0.0,0.0,19.25,3.0,1.25,True
11.0,2.0,0.0,7.0,29.0,43.0,2.0,5.0,9.0,0.85,154.0,0.5,0.0,0.578947,0.418182,1.0,6.0,12.818182,2.0,0.9091,True
11.0,2.0,0.0,5.0,21.0,43.0,2.0,3.0,9.0,0.85,117.0,0.0,0.0,0.578947,0.418182,1.0,6.0,9.454545,2.0,1.0,True
11.0,2.0,0.0,5.0,21.0,49.0,2.0,3.0,9.0,0.933333,107.0,0.333333,0.0,0.578947,0.522727,1.0,6.0,8.454545,2.0,0.8182,True
38.0,2.0,1.0,6.0,60.0,255.0,1.0,5.0,36.0,0.924925,801.0,0.518519,6.0,0.23913,0.331579,1.0,6.0,19.368420999999998,2.0,0.9474,True
47.0,2.0,0.0,15.0,101.0,665.0,1.0,14.0,41.0,0.836957,997.0,1.0,3.0,0.5319149999999999,0.185619,2.0,18.0,20.042553,7.0,1.5319,False
8.0,3.0,0.0,4.0,19.0,0.0,2.0,2.0,7.0,1.142857,161.0,0.5,0.0,0.772727,0.35,1.0,5.0,18.875,1.0,0.625,True
25.0,1.0,0.0,0.0,29.0,0.0,0.0,0.0,24.0,0.388889,629.0,1.0,0.0,0.0,0.313333,1.0,1.0,24.04,9.0,2.6,False
10.0,2.0,0.0,4.0,14.0,45.0,2.0,2.0,10.0,1.111111,52.0,0.5,0.0,0.272727,0.32,0.0,0.0,4.0,1.0,0.8,True
2.0,1.0,0.0,9.0,8.0,1.0,2.0,7.0,2.0,2.0,24.0,0.0,0.0,0.0,0.5,0.0,0.0,11.0,1.0,0.5,False
12.0,2.0,0.0,6.0,22.0,46.0,3.0,3.0,10.0,0.818182,128.0,0.5,0.0,0.55,0.4,1.0,6.0,9.5,2.0,1.0,True
13.0,3.0,0.0,10.0,65.0,0.0,3.0,7.0,9.0,0.375,644.0,0.0,1.0,0.8214290000000001,0.369231,3.0,5.0,48.384615000000004,4.0,1.5385,True
25.0,1.0,0.0,4.0,29.0,0.0,4.0,0.0,24.0,0.388889,629.0,1.0,0.0,0.0,0.36,1.0,1.0,24.04,9.0,2.6,False
11.0,2.0,0.0,5.0,21.0,43.0,2.0,3.0,9.0,0.85,106.0,0.5,0.0,0.578947,0.522727,1.0,6.0,8.454545,2.0,0.8182,True
9.0,1.0,0.0,8.0,9.0,36.0,5.0,4.0,9.0,2.0,9.0,0.0,0.0,0.0,0.314815,0.0,0.0,0.0,1.0,1.0,False
42.0,1.0,0.0,6.0,89.0,0.0,4.0,2.0,41.0,1.0,361.0,0.06666699999999999,1.0,0.0,0.304762,0.0,0.0,6.52381,5.0,1.0952,True
1.0,1.0,0.0,4.0,1.0,0.0,3.0,1.0,1.0,2.0,1.0,0.0,0.0,0.0,1.0,0.0,0.0,0.0,1.0,1.0,False
13.0,2.0,0.0,5.0,24.0,56.0,2.0,3.0,11.0,0.777778,141.0,0.666667,0.0,0.52381,0.5,1.0,6.0,9.615385,2.0,0.8462,True
12.0,2.0,0.0,6.0,23.0,46.0,2.0,4.0,10.0,0.818182,122.0,0.5,0.0,0.55,0.4,1.0,6.0,9.0,2.0,0.8333,True
10.0,2.0,0.0,3.0,12.0,3.0,2.0,2.0,9.0,0.916667,87.0,0.5,0.0,0.5,0.283333,1.0,2.0,7.3,2.0,0.9,True
9.0,1.0,0.0,2.0,32.0,20.0,2.0,0.0,8.0,0.625,291.0,1.0,0.0,0.0,0.301587,0.0,0.0,31.0,8.0,2.4444,False
11.0,2.0,0.0,5.0,21.0,49.0,2.0,3.0,9.0,0.85,106.0,0.5,0.0,0.578947,0.522727,1.0,6.0,8.454545,2.0,0.8182,True
12.0,2.0,0.0,15.0,49.0,0.0,8.0,8.0,11.0,0.757576,269.0,0.333333,0.0,0.633333,0.277778,1.0,5.0,21.166667,3.0,1.25,False
12.0,2.0,0.0,5.0,24.0,46.0,1.0,4.0,10.0,1.0,145.0,0.166667,0.0,0.55,0.5,1.0,6.0,10.583333,2.0,0.8333,True
30.0,2.0,0.0,6.0,50.0,327.0,2.0,4.0,28.0,0.7758619999999999,505.0,0.833333,0.0,0.28947399999999995,0.216667,1.0,6.0,15.633332999999999,8.0,2.0667,True
18.0,2.0,0.0,6.0,35.0,37.0,1.0,5.0,16.0,0.806723,287.0,0.571429,2.0,0.42307700000000004,0.366667,1.0,6.0,14.555556,2.0,0.8889,True
7.0,1.0,0.0,17.0,51.0,3.0,0.0,17.0,6.0,0.083333,282.0,1.0,1.0,0.0,0.303571,0.0,0.0,39.0,6.0,1.8571,False
9.0,2.0,0.0,4.0,13.0,36.0,2.0,2.0,9.0,1.125,62.0,0.0,0.0,0.3,0.333333,0.0,0.0,5.6666669999999995,1.0,0.7778,True
4.0,1.0,0.0,2.0,24.0,4.0,1.0,1.0,2.0,0.333333,146.0,1.0,0.0,0.0,0.466667,0.0,0.0,35.25,3.0,1.25,False
12.0,2.0,0.0,6.0,23.0,46.0,2.0,4.0,10.0,0.818182,122.0,0.5,0.0,0.55,0.4,1.0,6.0,9.0,2.0,0.8333,True
25.0,2.0,0.0,13.0,74.0,94.0,3.0,10.0,20.0,0.897436,490.0,0.384615,2.0,0.333333,0.262857,2.0,7.0,18.08,6.0,1.52,True
6.0,1.0,0.0,17.0,45.0,5.0,1.0,17.0,6.0,0.55,247.0,0.0,2.0,0.0,0.375,0.0,0.0,39.5,10.0,2.6667,True
12.0,1.0,0.0,7.0,35.0,16.0,2.0,6.0,8.0,0.727273,359.0,0.555556,2.0,0.0,0.319444,0.0,0.0,28.166666999999997,9.0,2.0,True
4.0,2.0,0.0,1.0,12.0,4.0,0.0,1.0,4.0,0.666667,44.0,1.0,0.0,0.8888889999999999,0.5,1.0,1.0,9.75,2.0,1.25,False
8.0,2.0,0.0,3.0,15.0,4.0,3.0,0.0,5.0,0.428571,90.0,1.0,0.0,0.416667,0.425,1.0,1.0,9.875,1.0,0.875,False
5.0,2.0,0.0,16.0,41.0,6.0,1.0,16.0,2.0,0.75,181.0,1.0,2.0,0.555556,0.55,1.0,1.0,34.8,3.0,1.2,False
18.0,2.0,0.0,6.0,40.0,103.0,2.0,4.0,16.0,0.8487389999999999,327.0,0.0,1.0,0.42307700000000004,0.47222200000000003,1.0,6.0,16.777778,2.0,1.1667,True
48.0,2.0,0.0,7.0,64.0,162.0,3.0,4.0,46.0,0.8617020000000001,891.0,0.95,12.0,0.196429,0.325,1.0,6.0,17.145833,3.0,1.0,True
7.0,1.0,0.0,12.0,29.0,1.0,7.0,6.0,1.0,0.0,257.0,1.0,1.0,0.0,0.514286,0.0,0.0,35.57142899999999,2.0,0.7143,False
4.0,4.0,0.0,4.0,8.0,6.0,3.0,1.0,4.0,2.0,20.0,0.0,0.0,1.0,0.666667,0.0,0.0,4.0,0.0,0.0,True
57.0,2.0,0.0,18.0,87.0,1362.0,17.0,7.0,17.0,0.927083,1806.0,1.0,1.0,0.25,0.265306,1.0,7.0,30.473684000000002,19.0,2.5263,False
5.0,2.0,18.0,21.0,6.0,10.0,20.0,1.0,5.0,1.25,13.0,0.0,0.0,0.636364,0.6,0.0,0.0,1.0,1.0,0.8,False
6.0,1.0,0.0,10.0,19.0,15.0,2.0,8.0,5.0,2.0,171.0,0.0,0.0,0.0,0.666667,0.0,0.0,27.5,1.0,0.8333,True
9.0,2.0,0.0,4.0,17.0,36.0,1.0,3.0,7.0,1.125,72.0,0.0,0.0,0.647059,0.555556,1.0,6.0,6.888889,2.0,0.7778,True
28.0,1.0,0.0,2.0,35.0,198.0,1.0,1.0,28.0,0.841751,388.0,1.0,0.0,0.0,0.383929,0.0,0.0,12.464286,12.0,1.75,True
49.0,2.0,0.0,8.0,66.0,664.0,4.0,4.0,46.0,0.902083,728.0,0.95,8.0,0.196429,0.270833,1.0,6.0,13.448979999999999,2.0,0.9388,True
12.0,2.0,0.0,5.0,24.0,46.0,1.0,4.0,10.0,0.818182,141.0,0.5,0.0,0.55,0.5,1.0,6.0,10.583333,2.0,0.8333,True
11.0,2.0,0.0,5.0,21.0,43.0,2.0,3.0,9.0,0.85,116.0,0.5,0.0,0.578947,0.418182,1.0,6.0,9.363636,2.0,1.0,True
38.0,2.0,0.0,6.0,61.0,367.0,1.0,5.0,36.0,0.8540540000000001,807.0,0.933333,4.0,0.23913,0.276316,1.0,6.0,19.842105,2.0,0.9474,True
24.0,2.0,0.0,7.0,39.0,204.0,2.0,5.0,21.0,0.882609,418.0,0.7,1.0,0.34375,0.298611,1.0,6.0,16.0,4.0,1.2917,True
34.0,2.0,0.0,10.0,60.0,187.0,4.0,7.0,34.0,0.747475,728.0,0.8888889999999999,2.0,0.18421099999999999,0.19852899999999998,2.0,3.0,20.147059,8.0,1.4118,True
31.0,2.0,0.0,7.0,44.0,171.0,3.0,4.0,28.0,0.8638889999999999,406.0,0.916667,9.0,0.28947399999999995,0.283333,1.0,6.0,11.709677000000001,2.0,0.9032,True
9.0,2.0,0.0,4.0,13.0,36.0,2.0,2.0,9.0,1.125,62.0,0.0,0.0,0.3,0.333333,0.0,0.0,5.6666669999999995,1.0,0.7778,True
11.0,1.0,0.0,7.0,17.0,9.0,4.0,3.0,11.0,0.25,85.0,1.0,0.0,0.0,0.522727,0.0,0.0,6.5454550000000005,1.0,0.6364,False
3.0,1.0,0.0,2.0,21.0,3.0,0.0,2.0,2.0,2.0,112.0,0.0,0.0,0.0,0.333333,0.0,0.0,36.333333,4.0,2.3333,False
3.0,1.0,0.0,2.0,24.0,1.0,1.0,1.0,1.0,0.75,121.0,1.0,0.0,0.0,0.5,0.0,0.0,38.666667,8.0,2.6667,False
12.0,2.0,0.0,6.0,22.0,46.0,3.0,3.0,10.0,0.818182,128.0,0.5,0.0,0.55,0.4,1.0,6.0,9.5,2.0,1.0,True
4.0,1.0,0.0,3.0,4.0,6.0,1.0,2.0,4.0,2.0,4.0,0.0,0.0,0.0,0.583333,0.0,0.0,0.0,1.0,1.0,False
4.0,1.0,0.0,5.0,5.0,0.0,3.0,2.0,3.0,0.666667,28.0,1.0,2.0,0.0,0.4375,0.0,0.0,5.25,1.0,0.75,False
18.0,2.0,0.0,6.0,33.0,81.0,1.0,5.0,16.0,0.764706,308.0,0.8,0.0,0.42307700000000004,0.305556,1.0,6.0,15.833332999999998,2.0,0.8889,True
10.0,3.0,0.0,5.0,13.0,3.0,2.0,3.0,10.0,0.722222,73.0,0.5,0.0,0.466667,0.4,1.0,2.0,6.1,1.0,0.8,True
6.0,1.0,0.0,6.0,11.0,0.0,2.0,4.0,5.0,0.0,170.0,1.0,1.0,0.0,0.541667,0.0,0.0,27.166666999999997,5.0,2.3333,True
11.0,1.0,0.0,11.0,34.0,0.0,2.0,9.0,10.0,0.566667,210.0,1.0,1.0,0.0,0.272727,0.0,0.0,17.818182,3.0,1.0909,False
7.0,1.0,0.0,6.0,16.0,9.0,5.0,1.0,3.0,1.164242,1460.0,0.003636,0.0,0.0,0.190476,0.0,0.0,168.28571399999996,2.0,1.2857,False
11.0,2.0,0.0,5.0,21.0,49.0,2.0,3.0,9.0,0.85,106.0,0.5,0.0,0.578947,0.522727,1.0,6.0,8.454545,2.0,0.8182,True
1.0,1.0,0.0,1.0,2.0,0.0,1.0,0.0,0.0,2.0,6.0,0.0,0.0,0.0,1.0,0.0,0.0,3.0,0.0,0.0,False
11.0,2.0,0.0,5.0,21.0,43.0,2.0,3.0,9.0,0.85,116.0,0.5,0.0,0.578947,0.418182,1.0,6.0,9.363636,2.0,1.0,True
9.0,2.0,1.0,6.0,32.0,0.0,2.0,4.0,9.0,0.125,172.0,0.0,0.0,0.533333,0.351852,1.0,1.0,18.0,4.0,1.1111,False
10.0,1.0,0.0,4.0,31.0,3.0,1.0,3.0,9.0,0.22222199999999998,183.0,0.0,0.0,0.0,0.333333,0.0,0.0,17.2,2.0,1.3,True
32.0,1.0,3.0,19.0,65.0,290.0,13.0,6.0,18.0,0.962649,732.0,1.0,16.0,0.0,0.175781,0.0,0.0,20.6875,3.0,1.1563,False
12.0,1.0,0.0,6.0,30.0,34.0,6.0,0.0,9.0,0.690909,306.0,1.0,0.0,0.0,0.375,0.0,0.0,24.083333,6.0,1.5833,True
14.0,2.0,0.0,7.0,28.0,61.0,4.0,3.0,11.0,0.807692,245.0,0.5,0.0,0.5,0.5,1.0,5.0,16.357143,4.0,1.0714,True
14.0,1.0,0.0,5.0,41.0,21.0,4.0,1.0,14.0,0.564103,243.0,0.0,0.0,0.0,0.297619,0.0,0.0,16.142857,8.0,1.5714,True
9.0,2.0,0.0,5.0,22.0,2.0,2.0,4.0,8.0,0.666667,202.0,0.166667,1.0,0.538462,0.333333,1.0,2.0,20.777778,2.0,0.8889,True
12.0,2.0,0.0,5.0,23.0,54.0,2.0,3.0,10.0,0.909091,117.0,0.333333,0.0,0.55,0.4,1.0,6.0,8.5,2.0,0.8333,True
12.0,2.0,0.0,6.0,47.0,28.0,1.0,5.0,11.0,0.636364,353.0,1.0,0.0,0.655172,0.2467530000000001,1.0,6.0,28.166666999999997,3.0,1.3333,False
22.0,2.0,0.0,7.0,46.0,105.0,1.0,6.0,20.0,0.920635,422.0,0.4,2.0,0.366667,0.253247,1.0,6.0,17.5,2.0,0.9091,True
4.0,1.0,0.0,1.0,5.0,0.0,1.0,0.0,4.0,1.125,33.0,0.25,0.0,0.0,0.583333,0.0,0.0,5.25,1.0,0.5,False
4.0,4.0,0.0,3.0,8.0,6.0,2.0,1.0,4.0,2.0,20.0,0.0,0.0,1.0,0.666667,0.0,0.0,4.0,0.0,0.0,True
12.0,2.0,0.0,5.0,22.0,54.0,2.0,3.0,10.0,0.9545450000000001,119.0,0.25,0.0,0.55,0.5,1.0,6.0,8.583333,2.0,0.8333,True
8.0,1.0,0.0,3.0,20.0,0.0,2.0,2.0,3.0,0.369048,441.0,1.0,1.0,0.0,0.416667,0.0,0.0,52.625,6.0,2.375,True
17.0,2.0,0.0,7.0,32.0,72.0,3.0,4.0,15.0,0.791667,282.0,0.833333,0.0,0.44,0.268908,1.0,6.0,15.235294,4.0,1.2941,True
12.0,2.0,0.0,5.0,24.0,46.0,1.0,4.0,10.0,0.818182,141.0,0.5,0.0,0.55,0.5,1.0,6.0,10.583333,2.0,0.8333,True
12.0,2.0,0.0,5.0,22.0,46.0,2.0,3.0,10.0,0.818182,127.0,0.5,0.0,0.55,0.4,1.0,6.0,9.416667,2.0,1.0,True
16.0,3.0,0.0,4.0,28.0,120.0,1.0,3.0,16.0,1.066667,104.0,0.0,0.0,0.625,0.53125,0.0,0.0,5.4375,1.0,0.9375,True
6.0,1.0,0.0,6.0,6.0,15.0,6.0,1.0,6.0,2.0,6.0,0.0,0.0,0.0,0.583333,0.0,0.0,0.0,1.0,1.0,False
10.0,2.0,0.0,4.0,14.0,45.0,2.0,2.0,10.0,1.111111,67.0,0.333333,0.0,0.272727,0.32,0.0,0.0,5.4,1.0,0.8,True
14.0,3.0,0.0,6.0,34.0,19.0,2.0,4.0,13.0,1.0769229999999999,379.0,1.0,0.0,0.555556,0.385714,1.0,4.0,26.0,3.0,1.4286,True
12.0,1.0,0.0,7.0,30.0,48.0,2.0,5.0,9.0,0.818182,322.0,1.0,2.0,0.0,0.5,0.0,0.0,25.25,4.0,1.4167,True
5.0,3.0,0.0,2.0,9.0,10.0,1.0,1.0,5.0,1.25,28.0,0.0,0.0,0.96,0.55,1.0,3.0,4.4,1.0,0.2,True
0.0,1.0,0.0,4.0,0.0,0.0,4.0,0.0,0.0,2.0,0.0,0.0,0.0,0.0,0.0,0.0,0.0,0.0,0.0,0.0,False
8.0,3.0,0.0,3.0,15.0,26.0,2.0,1.0,7.0,0.857143,219.0,0.25,1.0,0.9,0.342857,1.0,1.0,25.875,3.0,1.125,True
8.0,2.0,3.0,11.0,23.0,0.0,7.0,4.0,8.0,0.14285699999999998,115.0,1.0,0.0,0.571429,0.375,1.0,1.0,13.25,5.0,1.25,False
24.0,2.0,0.0,5.0,41.0,0.0,0.0,5.0,22.0,0.717391,411.0,0.875,6.0,0.34375,0.35,1.0,6.0,15.791667000000002,2.0,0.9167,True
5.0,1.0,0.0,5.0,6.0,2.0,3.0,2.0,4.0,0.75,36.0,1.0,2.0,0.0,0.36,0.0,0.0,5.4,1.0,0.8,False
5.0,3.0,0.0,3.0,7.0,4.0,3.0,0.0,5.0,0.5,29.0,1.0,0.0,0.9444440000000001,0.6,0.0,0.0,4.6,1.0,0.2,False
10.0,3.0,0.0,5.0,24.0,0.0,2.0,4.0,8.0,0.666667,171.0,0.5,0.0,0.631579,0.525,1.0,6.0,15.9,2.0,0.9,True
4.0,1.0,0.0,8.0,17.0,0.0,3.0,5.0,3.0,0.0,116.0,1.0,0.0,0.0,0.5,0.0,0.0,27.75,2.0,1.25,False
1.0,1.0,0.0,0.0,2.0,0.0,0.0,0.0,1.0,2.0,51.0,0.0,0.0,0.0,1.0,0.0,0.0,3.0,0.0,0.0,True
12.0,1.0,0.0,129.0,165.0,62.0,1.0,129.0,5.0,0.818182,1358.0,0.5,0.0,0.0,0.239583,0.0,0.0,112.0,123.0,11.4167,True
37.0,2.0,0.0,10.0,54.0,348.0,6.0,4.0,35.0,0.8432540000000001,661.0,0.9285709999999999,5.0,0.244444,0.279279,1.0,6.0,16.486486,4.0,1.1351,True
12.0,1.0,0.0,8.0,25.0,24.0,6.0,2.0,8.0,0.8636360000000001,319.0,1.0,0.0,0.0,0.214286,0.0,0.0,25.25,3.0,1.25,False
12.0,2.0,0.0,5.0,22.0,54.0,2.0,3.0,10.0,0.818182,117.0,0.5,0.0,0.55,0.5,1.0,6.0,8.583333,2.0,0.8333,True
17.0,2.0,4.0,12.0,48.0,44.0,4.0,8.0,13.0,0.75,298.0,1.0,0.0,0.458333,0.3875,1.0,6.0,16.352941,4.0,1.3529,True
12.0,2.0,0.0,4.0,24.0,46.0,0.0,4.0,10.0,0.818182,141.0,0.5,0.0,0.55,0.5,1.0,6.0,10.583333,2.0,0.8333,True
30.0,1.0,0.0,20.0,104.0,87.0,5.0,16.0,22.0,0.748276,1151.0,0.6,4.0,0.0,0.146154,0.0,0.0,36.7,20.0,2.9,True
18.0,2.0,0.0,5.0,30.0,107.0,2.0,3.0,16.0,0.794118,259.0,0.833333,0.0,0.42307700000000004,0.458333,1.0,6.0,13.055556,2.0,0.8889,True
5.0,1.0,0.0,8.0,24.0,2.0,0.0,8.0,4.0,0.666667,117.0,0.0,1.0,0.0,0.36,0.0,0.0,21.8,7.0,2.2,False
22.0,1.0,1.0,14.0,56.0,197.0,4.0,10.0,16.0,0.8138529999999999,378.0,0.545455,1.0,0.0,0.369048,0.0,0.0,15.681818,4.0,1.0455,True
8.0,1.0,0.0,7.0,17.0,0.0,2.0,5.0,7.0,0.571429,134.0,1.0,2.0,0.0,0.458333,0.0,0.0,15.375,3.0,1.375,False
20.0,2.0,0.0,6.0,32.0,114.0,2.0,4.0,18.0,0.8947370000000001,361.0,0.5,0.0,0.392857,0.45,1.0,6.0,16.55,2.0,0.9,True
30.0,1.0,0.0,3.0,53.0,331.0,3.0,0.0,24.0,0.8735629999999999,767.0,0.0,0.0,0.0,0.391667,0.0,0.0,24.366667,6.0,2.6333,True
2.0,1.0,0.0,5.0,2.0,1.0,5.0,0.0,2.0,2.0,2.0,0.0,0.0,0.0,0.75,0.0,0.0,0.0,1.0,1.0,False
129.0,1.0,0.0,67.0,376.0,6636.0,5.0,62.0,95.0,0.942356,3629.0,0.72973,19.0,0.0,0.067187,0.0,0.0,26.844960999999998,42.0,2.2171,True
1.0,1.0,0.0,7.0,1.0,0.0,6.0,1.0,1.0,2.0,1.0,0.0,0.0,0.0,1.0,0.0,0.0,0.0,1.0,1.0,False
11.0,2.0,0.0,6.0,23.0,25.0,3.0,3.0,9.0,0.8,183.0,0.5,0.0,0.55,0.43181800000000004,1.0,6.0,15.272727,3.0,1.1818,True
8.0,1.0,0.0,4.0,28.0,0.0,2.0,2.0,7.0,0.571429,426.0,1.0,1.0,0.0,0.25,0.0,0.0,51.75,7.0,3.0,True
35.0,1.0,0.0,186.0,43.0,595.0,184.0,2.0,32.0,2.0,379.0,0.0,0.0,0.0,0.2,0.0,0.0,9.828571,2.0,1.2,True
7.0,2.0,0.0,2.0,8.0,21.0,0.0,2.0,7.0,1.0,26.0,1.0,0.0,0.583333,0.428571,1.0,2.0,2.571429,1.0,0.7143,True
2.0,1.0,0.0,5.0,2.0,1.0,5.0,0.0,2.0,2.0,2.0,0.0,0.0,0.0,0.75,0.0,0.0,0.0,1.0,1.0,False
11.0,2.0,0.0,5.0,21.0,49.0,2.0,3.0,9.0,0.933333,106.0,0.333333,0.0,0.578947,0.522727,1.0,6.0,8.363636,2.0,0.8182,True
10.0,2.0,0.0,5.0,15.0,45.0,2.0,3.0,10.0,1.111111,59.0,0.333333,0.0,0.272727,0.32,0.0,0.0,4.6,1.0,0.8,True
15.0,2.0,0.0,6.0,31.0,43.0,1.0,5.0,15.0,0.833333,229.0,0.666667,0.0,0.575758,0.333333,1.0,5.0,13.866667000000001,1.0,0.9333,False
5.0,3.0,0.0,3.0,8.0,10.0,2.0,1.0,4.0,1.25,26.0,0.0,0.0,0.923077,0.5,1.0,2.0,4.0,1.0,0.4,True
28.0,2.0,0.0,8.0,51.0,0.0,3.0,5.0,26.0,0.731481,237.0,0.75,3.0,0.297297,0.198413,1.0,6.0,7.3214289999999975,3.0,1.1786,True
13.0,2.0,0.0,13.0,23.0,0.0,10.0,3.0,11.0,0.642857,271.0,1.0,1.0,0.45,0.25640999999999997,1.0,2.0,19.307692000000007,2.0,0.9231,False
11.0,2.0,0.0,3.0,14.0,33.0,1.0,3.0,11.0,0.9,66.0,0.75,0.0,0.4375,0.327273,1.0,2.0,4.636364,1.0,0.8182,True
10.0,1.0,0.0,15.0,62.0,15.0,2.0,13.0,6.0,0.6444439999999999,785.0,1.0,0.0,0.0,0.17284000000000002,0.0,0.0,77.0,8.0,2.0,True
27.0,2.0,0.0,8.0,47.0,195.0,3.0,5.0,27.0,0.875,484.0,0.833333,0.0,0.42222200000000004,0.265432,1.0,5.0,16.481481,2.0,1.037,True
23.0,2.0,0.0,9.0,36.0,221.0,5.0,4.0,21.0,0.727273,350.0,0.75,0.0,0.35483899999999996,0.304348,1.0,6.0,14.043478,7.0,1.8261,True
14.0,2.0,0.0,12.0,39.0,1.0,8.0,4.0,12.0,0.692308,243.0,0.5,0.0,0.5,0.4,1.0,6.0,16.214285999999998,2.0,1.2143,True
5.0,3.0,0.0,2.0,8.0,10.0,1.0,1.0,4.0,1.25,26.0,0.0,0.0,0.923077,0.5,1.0,2.0,4.0,1.0,0.4,True
3.0,1.0,0.0,1.0,9.0,0.0,1.0,0.0,3.0,0.0,86.0,0.0,0.0,0.0,0.5,0.0,0.0,26.666666999999997,1.0,0.6667,False
13.0,2.0,0.0,7.0,29.0,34.0,2.0,5.0,13.0,0.854167,179.0,0.5,0.0,0.612903,0.323077,1.0,5.0,12.461538000000001,1.0,0.9231,False
13.0,2.0,0.0,5.0,23.0,66.0,2.0,3.0,11.0,0.805556,140.0,0.666667,0.0,0.52381,0.5,1.0,6.0,9.538461999999999,2.0,0.8462,True
9.0,2.0,0.0,4.0,13.0,36.0,2.0,2.0,9.0,1.125,62.0,0.0,0.0,0.3,0.333333,0.0,0.0,5.6666669999999995,1.0,0.7778,True
12.0,1.0,16.0,46.0,56.0,60.0,25.0,35.0,12.0,1.0,415.0,0.25,0.0,0.0,0.283333,0.0,0.0,33.25,4.0,1.1667,True
7.0,1.0,0.0,7.0,20.0,9.0,2.0,5.0,7.0,0.833333,173.0,1.0,5.0,0.0,0.571429,0.0,0.0,22.857143,2.0,1.0,True
10.0,2.0,0.0,4.0,14.0,45.0,2.0,2.0,10.0,1.111111,63.0,0.333333,0.0,0.272727,0.32,0.0,0.0,5.0,1.0,0.8,True
11.0,2.0,0.0,5.0,21.0,49.0,2.0,3.0,9.0,0.933333,107.0,0.333333,0.0,0.578947,0.522727,1.0,6.0,8.454545,2.0,0.8182,True
62.0,2.0,0.0,14.0,108.0,1491.0,5.0,10.0,56.0,0.957966,1287.0,0.487179,0.0,0.15942,0.203629,1.0,6.0,19.129032000000002,6.0,1.4194,True
4.0,1.0,0.0,3.0,4.0,6.0,3.0,0.0,4.0,2.0,4.0,0.0,0.0,0.0,0.75,0.0,0.0,0.0,1.0,1.0,False
19.0,2.0,0.0,5.0,35.0,109.0,1.0,4.0,17.0,0.8174600000000001,265.0,0.857143,1.0,0.407407,0.368421,1.0,6.0,12.578947,2.0,0.8947,True
4.0,1.0,0.0,10.0,49.0,0.0,0.0,10.0,4.0,0.0,492.0,1.0,2.0,0.0,0.5625,0.0,0.0,121.0,8.0,2.0,True
9.0,2.0,0.0,9.0,17.0,30.0,3.0,7.0,6.0,0.75,55.0,1.0,1.0,0.529412,0.407407,1.0,1.0,5.0,1.0,0.8889,False
1.0,4.0,0.0,140.0,2.0,0.0,140.0,0.0,1.0,2.0,5.0,0.0,0.0,1.0,1.0,0.0,0.0,4.0,0.0,0.0,False
2.0,1.0,0.0,6.0,8.0,1.0,0.0,6.0,2.0,2.0,28.0,0.0,0.0,0.0,0.5,0.0,0.0,13.0,1.0,0.5,True
7.0,2.0,0.0,3.0,10.0,9.0,2.0,2.0,7.0,0.9444440000000001,69.0,0.666667,0.0,0.583333,0.428571,1.0,2.0,8.428571,2.0,1.0,True
15.0,2.0,0.0,7.0,32.0,43.0,1.0,6.0,15.0,0.833333,253.0,0.666667,0.0,0.575758,0.333333,1.0,5.0,15.466667000000001,2.0,1.0,False
19.799054,1.0,13.492704999999999,33.317734,23.91742600000001,155.294037,31.47873400000001,1.783711,18.0,0.618166,167.504923,1.0,0.0,0.0,0.343105,0.0,0.0,7.765325,2.0,1.201409,False
3.805228,2.98995,0.0,5.256016000000002,4.142023,0.5182720000000001,3.91089,1.5771,3.0,1.1688479999999999,24.738828,0.010684,0.322087,0.719202,0.491759,0.0,0.0,6.309588,1.782398,1.08131,False
10.083117,2.0,0.0,19.435896,56.711980000000004,0.162358,5.5174900000000004,8.415637,5.8560870000000005,0.798257,268.756858,0.806179,3.794207,0.456434,0.418995,1.0,2.36366,29.028837,1.233341,0.9263110000000001,False
0.0,1.0,0.0,0.172649,0.0,0.0,0.587816,0.0,0.0,2.0,4.254909,0.0,0.0,0.0,0.0,0.0,0.0,0.0,0.0,0.0,False
1.910566,1.0,0.0,6.145295,1.055122,0.13961400000000002,5.403421,0.052739999999999995,1.509387,2.0,1.707768,0.0,0.0,0.0,0.928998,0.0,0.0,0.0,1.0,1.0,False
8.849641,1.646177,0.0,6.24744,30.393753999999998,14.884992,2.0,3.7451510000000003,6.542587,0.67807,294.737434,1.0,3.2537990000000003,0.041264999999999996,0.32921999999999996,0.9375120000000001,0.47235900000000003,35.292249,7.996734,1.441198,False
4.0,1.0,0.0,3.0052,4.0,6.0,1.437851,1.777712,4.0,2.0,4.0,0.0,0.0,0.0,0.583333,0.0,0.0,0.0,1.0,1.0,False
5.88951,1.0,1.387034,7.641796,19.934416,1.8577869999999999,1.6066209999999999,6.773231,4.0,0.50703,110.786229,0.213391,1.287248,0.0,0.38339,0.0,0.0,20.035489000000002,4.7057720000000005,1.580596,False
13.736120000000001,1.0,0.0,2.0,28.731658000000003,53.27978,1.0,1.5503149999999999,8.143183,0.701587,244.362809,0.972074,0.7716930000000001,0.0,0.21664299999999997,0.0,0.0,15.94635,4.0,1.304041,False
7.994393,1.555967,1.499407,8.558032,15.171254000000001,17.136289,12.334961999999999,0.702808,8.886442,1.7987259999999998,54.777024,0.0,0.0,0.036331999999999996,0.5129100000000001,0.0,0.0,5.403878,1.0,0.804758,False
4.0,1.0,0.0,4.751476,4.0,6.0,1.04627,1.959152,4.0,2.0,4.0,0.0,0.0,0.0,0.835541,0.0,0.0,0.0,1.0,1.0,False
0.39381,1.636947,0.0,3.260495,0.10801600000000001,0.0,2.775426,0.555401,0.29238600000000003,2.0,11.023319,0.0,0.0,0.8444209999999999,0.546596,0.0,0.0,3.344185,0.0,0.0,False
3.1205979999999998,1.0,0.0,2.0,19.64751,0.415203,1.0,1.0,2.889104,0.6823359999999999,128.58598,1.0,0.429911,0.0,0.460012,0.9026270000000001,0.773543,34.267891,7.861467,2.5396919999999996,False
4.9724260000000005,1.253077,0.0,2.061461,20.375434,3.8387290000000003,0.8187800000000001,2.57038,2.332456,0.45738100000000004,143.124564,1.0,0.0,0.478771,0.496012,0.489417,0.257069,26.714674,6.96143,3.493613,False
11.265986999999999,1.300438,0.0,2.964507,27.051043,45.855528,1.0,2.250112,14.564321,0.854557,241.24176200000002,0.981934,0.0,0.361109,0.189788,0.729269,2.591988,19.273214000000007,3.8060379999999996,1.2705629999999999,False
8.883546,1.0,0.0,1.481088,27.328742,15.544117000000002,1.8932380000000002,0.0,7.396754,1.519052,267.50915299999997,0.8919940000000001,0.0,0.0,0.29830999999999996,0.0,0.0,31.998846,3.662465,1.111211,False
7.3448720000000005,1.7934889999999999,0.0,5.8357550000000025,24.259915,2.170988,3.379585,3.0,5.224345,0.339341,213.764736,0.7171529999999999,0.172992,0.115264,0.313151,0.228219,0.48115699999999995,24.898970000000002,5.777125,1.6982810000000002,False
15.342518,1.643277,0.0,4.410878,30.552196000000002,64.126112,1.0,4.7747720000000005,14.934496,0.709342,246.523289,0.614872,0.0039380000000000005,0.424046,0.31259499999999996,0.581983,2.238609,14.1648,2.603164,0.996777,False
8.041666000000001,1.434129,0.445297,9.155915,9.049831,13.200076000000001,9.809080999999999,1.032063,8.501441,0.518792,71.922,0.9464610000000001,0.0,0.653591,0.329376,0.0,0.0,7.442251,2.0,1.0,False
14.570745,1.9309630000000002,0.0,4.181132,17.96585,70.383278,2.982675,1.9698099999999998,10.58426,0.8338700000000001,176.953813,1.0,0.876458,0.178988,0.30209400000000003,0.326165,0.0141,11.280636,7.551625,1.584915,False
1.7286130000000002,1.176821,0.0,3.2267639999999997,3.495057,0.0,2.038468,1.131428,1.109374,1.715252,13.081623,0.0,0.012448,0.941414,0.978108,0.0,0.0,5.996758,0.596364,0.465129,False
12.961839,2.0,0.0,5.486869,30.000558,22.92359200000001,1.232269,4.642337,11.612285,0.7544029999999999,225.66253199999997,0.993868,0.0,0.317833,0.240887,1.0,3.850479,17.49157,1.298357,1.147628,False
2.824422,1.0,0.0,6.272256,23.485276000000002,1.318463,1.0,2.996308,2.0,0.9291590000000001,159.19505,0.184843,0.0,0.0,0.560895,0.0,0.0,69.220091,7.503295,2.6406169999999998,False
0.065847,1.0,0.0,1.796285,0.900766,0.0,1.480605,0.0,0.0,2.0,8.26441,0.0,0.0,0.0,0.078529,0.0,0.0,2.453741,0.0,0.0,False
5.479081,2.0,0.0,5.343669,10.329003,8.210398,4.276464,1.86522,5.0,0.805447,46.258488,0.145955,0.146213,0.774812,0.6166739999999999,0.183841,0.025054,7.966260000000001,1.622002,0.920135,False
24.109825,1.480275,0.0,6.781986,50.689510999999996,0.0,6.09009,7.5508690000000005,11.282154,0.9189620000000001,254.734525,0.29822600000000005,0.42703,0.31971700000000003,0.297669,0.30797399999999997,2.087902,19.615038000000002,2.268599,1.10151,False
2.846981,1.0,0.0,7.818536,30.851034000000002,1.0,1.322917,5.74236,1.2650350000000001,1.6365450000000001,127.677559,0.021815,0.0,0.0,0.5,0.0,0.0,41.839397999999996,5.5930839999999975,2.252465,False
12.591836,2.0,0.0,6.274203,20.871013,46.177731,3.5154160000000005,4.015187999999998,8.253115,0.892597,223.30909300000002,0.885329,0.670633,0.251101,0.32583,1.0,4.501047,16.989273999999998,4.028137,1.28823,False
31.28254,2.0,0.0,6.111347,60.546556,294.5749009999999,0.894993,5.172427,31.534931,0.9202799999999999,569.3038280000002,0.632523,0.0,0.383949,0.264891,1.0,5.0,17.028582999999998,2.779657,0.9730219999999999,False
0.0,1.0,0.0,0.385308,0.0,0.0,0.165757,0.0,0.0,2.0,4.912541,0.0,0.0,0.0,0.0,0.0,0.0,0.0,0.0,0.0,False
6.0,1.290649,0.0,5.724233,28.142188,0.174318,1.0,4.835801999999998,0.698404,0.370422,166.221344,1.0,0.9192379999999999,0.176813,0.521188,0.309762,0.14832599999999999,26.414214,4.391753,2.290411,False
10.279710000000001,1.847232,0.0,4.720162999999999,16.365911999999998,6.753664,2.647154,0.399027,5.8037300000000025,0.41989,91.506929,1.0,0.0,0.062219000000000003,0.426442,0.833835,0.606454,8.234791,1.0,0.824519,False
4.084006,1.937977,0.0,1.692473,10.536738,3.57745,0.208767,1.0,4.8924449999999995,0.62973,43.015258,1.0,0.631216,0.031023000000000002,0.41178400000000004,0.205911,0.293396,8.717881,1.271477,0.961657,False
4.0,1.042303,1.430518,3.3898610000000002,6.271667,6.0,2.141002,1.0,1.8799709999999998,2.0,17.369482,0.0,0.0,0.6763239999999999,0.666667,0.0,0.0,3.7750730000000003,0.228246,0.201622,False
1.0,1.0,0.0,7.955997,1.0,0.0,6.920533,0.6397729999999999,1.0,2.0,1.0,0.0,0.0,0.0,1.0,0.0,0.0,0.0,1.0,1.0,False
8.986839,1.154987,0.0,4.777032,24.891734,4.22208,2.330876,4.903698,0.9198370000000001,0.672858,178.35916799999995,0.341013,0.0,0.126089,0.376203,0.751505,1.871933,25.202204000000002,3.138372,2.258285,False
0.582228,1.0,0.0,0.6463770000000001,1.2316200000000002,0.0,0.11259000000000001,0.0,0.0,2.0,6.210933,0.0,0.0,0.0,0.338748,0.0,0.0,0.994448,0.0,0.0,False
16.225433,2.0,0.0,12.81408,47.196102,36.270928999999995,7.731628,6.708367999999999,15.370106,0.893106,383.04377999999997,0.659234,0.983655,0.620257,0.235589,1.0,5.673493,28.517063,3.0,1.228413,False
8.031242,1.0,0.0,7.4952619999999985,21.158278,9.253587,8.319106,0.0,6.099261,0.7053560000000001,284.2075200000001,0.977267,0.0,0.0,0.299183,0.062652,0.322252,32.837563,5.6840699999999975,0.9214899999999999,False
5.039217,1.0,0.0,7.169648,17.026594,2.2718409999999998,2.934262,5.055057,5.319908,0.078079,114.364926,1.0,0.8198979999999999,0.0,0.376417,0.0,0.0,22.480007,1.444555,1.056381,False
14.729451999999998,1.0,0.609245,38.759207,36.889803,160.812318,18.707271,0.20660799999999999,21.922019,1.014681,645.714391,0.019563,0.0,0.0,0.2272760000000001,0.0,0.0,27.258947999999997,10.0,1.884579,False
4.917433,1.9461560000000002,0.0,2.7325,5.133844,0.0,1.650653,0.886008,4.708309,1.8875709999999999,33.883509000000004,0.163107,0.0,0.308979,0.530064,0.0,0.0,5.491423,1.0,0.5247539999999999,False
4.869102,1.592754,0.0,4.011832,5.481515,3.113111,3.3082809999999996,0.46728000000000003,3.8201989999999997,2.0,43.00546,0.0,0.0,0.710097,0.546079,0.602582,0.201627,11.850605999999999,1.876207,0.714963,False
11.0,1.0,0.0,5.0,21.0,9.0,2.0,3.0,11.0,0.25,92.0,1.0,0.0,0.0,0.454545,0.0,0.0,7.181817999999999,1.0,0.6364,False
0.14846199999999998,1.0,0.0,0.331255,0.830865,0.0,0.698371,0.56789,0.796748,2.0,1.074843,0.0,0.0,0.0,0.664291,0.0,0.0,0.0,0.15529500000000002,0.65772,False
2.0,1.0,0.0,3.768893,8.0,1.0,1.576495,6.4159370000000004,2.0,2.0,24.155464000000002,0.0,0.0,0.0,0.5,0.0,0.0,12.437655,1.0,0.5,False
5.835026,1.6493900000000001,0.0,6.5889070000000025,15.170148000000001,3.2611830000000004,1.0,4.023231,5.707214,0.800818,108.655349,1.0,1.8816810000000002,0.175861,0.337068,0.364295,0.541442,18.297142,1.17961,0.8996049999999999,False
3.5245260000000003,1.0,0.0,3.837915,4.0,4.5094199999999995,1.0,2.684941,3.726772,2.0,6.805042,0.0,0.0,0.0,0.699324,0.0,0.0,0.61958,1.0,0.9369370000000001,False
6.0,1.355448,0.0,5.984072,25.836302,2.495767,1.0,4.083231,1.6376030000000001,0.46966499999999994,164.29846,1.0,1.88473,0.4203020000000001,0.5094569999999999,0.106576,0.604608,27.424031,3.979994,1.980363,False
4.977936,1.694814,0.0,8.0,15.460068,8.390347,4.180722,3.244555,4.870014,1.9357,50.427193,0.717806,0.0,0.510513,0.35954899999999995,0.0,0.0,10.242169,1.210496,0.7927029999999999,False
42.24456,1.3460809999999999,0.0,12.152646,58.931511,286.418977,9.576319999999999,7.069225,16.419984,1.750911,1858.566491,0.8423379999999999,0.9964360000000001,0.13003800000000001,0.292529,0.000231,6.664289999999999,139.14177800000002,3.533149,1.7928400000000002,False
4.692335,1.23957,0.0,8.0,15.985735,8.303136,5.417716,2.017544,4.084352,1.739939,51.927085,0.8381870000000001,0.0,0.286053,0.356288,0.0,0.0,9.726339999999999,1.139564,0.784207,False
7.274675999999999,1.723628,2.8896040000000003,13.017919000000001,32.071191999999996,37.507404,7.506935,9.368663,11.523188000000001,0.880233,171.828094,0.401562,2.0,0.08402000000000001,0.36444899999999997,0.857461,0.596156,21.329239,3.3061019999999997,1.127485,False
15.680646,1.0,0.0,32.573797,39.379835,15.601354999999998,29.168792,9.06306,8.762276,0.422626,492.12624400000004,0.6918270000000001,1.954492,0.0,0.20939000000000002,0.0,0.0,38.456083,9.22149,1.519339,False
10.932879,1.672278,0.8905790000000001,6.649992999999999,14.0,38.363402,4.613626,4.0,7.645596,0.874273,68.753345,0.9554229999999999,1.424332,0.153232,0.325701,0.0,0.0,5.4321209999999995,2.2894799999999997,1.0976629999999998,False
15.931470999999998,1.0602049999999998,0.0,7.099405,25.397743,40.808808,4.1575489999999995,2.607171,8.640522,0.846716,378.786926,0.524351,0.0,0.09362999999999999,0.280721,0.15441400000000002,0.24072600000000002,25.10450100000001,3.376261,1.408493,False
1.0,1.7516759999999998,0.6547729999999999,1.253957,2.0,0.0,1.0,0.549905,0.150144,2.0,5.837467,0.0,0.0,0.010118,1.0,0.0,0.0,3.0,0.0,0.0,False
3.534267,3.0,0.0,5.136958,7.302107,3.353636,5.007509,1.7782630000000001,2.213917,1.4012280000000001,27.422919,0.102337,0.0,0.959873,0.622178,0.622848,0.6723060000000001,5.581047,1.0,0.22786399999999998,False
5.0,1.316298,0.0,5.0,6.376037999999999,8.075467999999999,1.790786,2.274282,4.9482800000000005,1.185475,34.267755,0.977141,0.178427,0.145282,0.419832,0.0,0.0,5.4,1.0,0.8,False
2.5833169999999996,1.580594,0.0,3.259289,18.04005,1.6117290000000002,1.585501,2.273266,2.730784,1.900354,224.87521,0.6817300000000001,0.0,0.239002,0.340219,0.919573,1.8088389999999999,34.511611,8.398492999999998,6.636265,False
5.686761,1.0,0.0,3.248641,21.604164,0.0,1.88809,1.569982,1.205942,0.430699,157.773171,1.0,0.716667,0.0,0.58027,0.0,0.0,27.500897,4.806135,1.301052,False
1.0,1.0,0.0,2.505793,1.0,0.0,2.2096709999999997,0.076571,1.0,2.0,1.0,0.0,0.0,0.0,1.0,0.0,0.0,0.0,1.0,1.0,False
2.370098,1.0,0.0,2.3584970000000003,5.2939050000000005,0.0,1.0,1.42115,1.643566,0.24515599999999999,47.100901,1.0,1.248089,0.0,0.525249,0.0,0.0,12.877788,2.906926,0.9403379999999999,False
1.0,1.0,0.0,18.20668,1.0,0.0,17.332179999999994,1.0,1.0,2.0,1.0,0.0,0.0,0.0,1.0,0.0,0.0,0.0,1.0,1.0,False
16.935278,1.8328529999999998,0.0,22.61036,49.531135,89.840772,5.935428,4.345761,13.435918,0.58463,433.60969400000016,0.547605,0.363099,0.269893,0.207938,0.07925,0.482437,23.221292000000002,2.449952,1.1243450000000001,False
19.852035,1.2145549999999998,0.0,10.569415,44.100331,90.628106,1.3194299999999999,12.498792,14.184079999999998,0.677301,283.806241,0.283436,1.3397940000000002,0.270219,0.19961099999999998,0.73085,0.22207600000000002,14.909,3.3267230000000003,1.145742,False
4.469023,2.0,0.0,4.829505999999999,10.663287,5.3064599999999995,1.111297,1.0,4.340455,1.4433610000000001,45.080467999999996,0.25022300000000003,0.0,0.801295,0.534647,1.0,1.0,9.238836000000001,2.0,1.152858,False
2.809732,1.0,0.0,1.3650200000000001,3.2563419999999996,0.380537,1.7416099999999999,0.275943,1.250513,2.0,7.817814999999999,0.0,0.0,0.0,0.837173,0.0,0.0,2.115247,0.347921,0.161349,False
15.935992,1.876005,0.0,16.009133,53.112603,16.995841,8.069798,11.666212,11.627208,0.9478200000000001,387.577855,0.47683000000000003,2.542509,0.110275,0.217542,0.727581,1.92392,28.095858000000003,4.5480540000000005,1.171733,False
4.907832,1.0,0.0,6.3509139999999995,8.825106,10.330478999999999,7.666283999999999,0.0,7.104918,2.0,6.177382,0.0,0.0,0.0,0.9315459999999999,0.0,0.0,0.0,1.0,1.0,False
1.0,1.0,0.0,3.8010879999999996,1.0,0.0,1.421682,1.0,1.0,2.0,1.0,0.0,0.0,0.0,1.0,0.0,0.0,0.0,1.0,1.0,False
1.23577,1.0,0.0,14.058160999999998,1.560989,0.2170050000000001,17.168801000000002,0.428464,1.141709,2.0,1.349839,0.0,0.0,0.0,1.0,0.0,0.0,0.0,1.0,1.0,False
1.662434,1.0,0.0,8.233879,1.8141919999999998,0.5974470000000001,12.724299,1.0,1.576586,2.0,1.1574659999999999,0.0,0.0,0.0,1.0,0.0,0.0,0.0,1.0,1.0,False
1.0,1.0,0.0,3.778337,1.0,0.0,2.406533,1.0,1.0,2.0,1.0,0.0,0.0,0.0,1.0,0.0,0.0,0.0,1.0,1.0,False
2.006249,1.0,0.0,2.0,5.6903690000000005,0.362482,1.243411,0.43993000000000004,3.494477,1.870707,41.943022,0.01772,0.720282,0.0,0.468034,0.0,0.0,7.823774,1.943609,1.2284680000000001,False
11.975964999999999,1.42672,0.0,9.245643,42.25253,24.555232999999998,6.8779,2.1241369999999997,10.437097999999999,0.91432,347.78803500000015,0.911185,0.0,0.289971,0.214786,0.036302,2.8376330000000003,25.420857,3.0,1.5027760000000001,False
17.368504,1.8336130000000002,0.0,28.168487,22.138432,61.164512,17.733631,0.929588,13.082768,0.515038,174.984329,0.6931689999999999,0.0,0.145475,0.335704,0.56757,1.4584409999999999,12.269984,1.445318,1.198376,False
10.784459,1.151237,0.0,1.6802290000000002,20.077361,3.046725,0.8963979999999999,0.808012,10.346877000000001,0.100218,86.220802,1.0,0.0,0.23908400000000002,0.361581,0.434712,0.540284,7.480034,1.0,0.7908189999999999,False
21.421895000000006,1.399781,13.730151000000001,30.840835,31.548240000000003,234.39129599999998,12.244937,3.9604160000000004,19.196046,1.820528,110.82949099999999,0.7923140000000001,0.0,0.4979560000000001,0.537563,0.647709,0.070351,2.619325,1.710531,0.963363,False
3.06434,3.599911,0.0,5.393529,4.495657,2.445864,4.642812,1.0,3.6407019999999997,2.0,21.118234,0.0,0.0,0.883956,0.5892649999999999,0.0,0.0,5.778816,0.7704270000000001,0.624444,False
29.311053,1.551269,0.455276,8.732650999999999,47.331733,320.071958,6.798732000000001,3.348929,24.455737,0.9982049999999999,679.241615,0.390944,0.0,0.057872,0.48112,0.135571,2.381164,19.264348000000002,5.949882,1.47308,False
9.317653,1.136472,0.638626,8.632612,14.752779,19.599118,3.0,4.844422,6.0,0.734002,61.632628000000004,1.0,1.389829,0.45115,0.3733,0.7225659999999999,0.670313,5.196664,1.523255,1.1727049999999999,False
2.374717,1.0,0.0,3.0,8.0,0.9326459999999999,0.856643,2.410873,2.4053400000000003,0.4473220000000001,29.589794,0.0,0.0,0.0,0.589903,0.0,0.0,12.061848,1.0,0.617213,False
11.0,1.0,0.0,4.218683,19.941264999999998,12.565152000000001,1.986186,3.0,11.0,0.309555,91.962634,1.0,0.0,0.0,0.454545,0.0,0.0,6.9134759999999975,1.0,0.6364,False
72.6463,1.225239,2.026744,11.566147,146.404074,344.886983,0.46705399999999997,5.191441,22.932123999999998,0.858308,732.980265,1.0,2.934641,0.497658,0.16361199999999998,0.312566,5.711715,19.247279000000002,3.0,1.151311,False
4.0,1.0,0.0,3.511203,4.0,6.0,4.4327260000000015,0.895718,4.0,2.0,4.0,0.0,0.0,0.0,0.719666,0.0,0.0,0.0,1.0,1.0,False
2.485241,1.0,0.0,3.8164839999999995,9.078812,0.5141720000000001,1.0,2.688356,1.732187,0.8091189999999999,85.802482,0.0,0.0,0.0,0.5,0.0,0.0,30.845285999999998,1.0,0.621179,False
8.0,2.0,0.0,3.5075,12.195981,10.217108999999999,3.8389550000000003,0.291815,5.323621,0.611271,80.48365600000002,0.38295300000000004,0.0,0.65147,0.412391,0.787374,0.090271,8.728429,1.4832530000000002,0.959491,False
1.0,1.0,0.0,8.152175,1.0,0.0,8.678293,0.496263,1.0,2.0,1.0,0.0,0.0,0.0,1.0,0.0,0.0,0.0,1.0,1.0,False
40.907625,1.239394,1.0099719999999999,15.891119,86.83589,659.977657,10.523746000000001,10.098828,19.718945,0.9447840000000001,889.629134,1.0,4.566178,0.159446,0.183482,1.35285,11.395741000000001,20.451651000000002,6.852048,1.416514,False
19.567275,1.0,0.0,9.10239,41.648226,77.446129,7.685810000000001,0.00434,16.234037,0.36238400000000004,463.73237699999993,1.0,1.782943,0.0,0.2497780000000001,0.41881499999999994,0.35723499999999997,24.944444,2.106602,1.4139469999999998,False
2.410936,1.0,0.0,5.4367550000000024,8.0,0.385209,2.457817,4.265561,2.866043,1.13982,25.468032,0.0,0.0,0.0,0.554347,0.0,0.0,9.604915,1.0,0.530732,False
18.035159,1.0,0.0,13.143741,44.899462,0.0,5.0412,2.38901,17.060226999999998,0.446013,555.75287,1.0,0.35110399999999997,0.0,0.2239,0.515063,0.222687,24.666459,8.144532,2.3025,False
4.571403,1.0,0.0,7.066700999999999,7.332628999999999,21.92855,5.0,2.3237,4.362929,2.0,8.031003,0.0,0.0,0.0,0.628592,0.0,0.0,0.0,1.0,1.0,False
1.416085,1.0,0.0,4.162846,1.195969,0.47298199999999996,3.607482,0.056627,1.1125049999999999,2.0,1.212624,0.0,0.0,0.0,0.813793,0.0,0.0,0.0,1.0,1.0,False
9.0,1.0,0.0,7.904375,21.975915,3.6473769999999996,4.393269999999999,0.0,8.249575,0.599151,292.441753,1.0,0.0,0.0,0.303375,0.63336,0.9213790000000001,31.042663,7.156105999999999,2.150265,False
12.477343,2.0,0.0,14.021548999999998,39.72727800000001,0.0,8.903323,6.245467,11.0,0.742363,269.750967,0.741444,0.305164,0.5746439999999999,0.26190599999999997,1.0,3.4231629999999997,20.738073999999997,2.681937,0.930992,False
7.851425,1.0,0.0,6.792175,36.414449,14.446422,0.546588,9.774749,7.646398,0.5474180000000001,287.9439240000001,1.0,0.33669499999999997,0.0,0.303556,0.0,0.0,35.442062,7.1312729999999975,2.239626,False
3.7543919999999997,1.0,0.0,2.0,24.0,2.990038,1.0,1.0,1.007863,0.626313,129.845438,1.0,0.0,0.0,0.48978599999999994,0.0,0.0,38.640221000000004,7.67852,2.419524,False
3.9617120000000003,1.565456,0.0,1.398241,10.044964,3.364382,1.9977639999999999,0.443172,2.019173,1.477578,43.897128,0.6339,0.0,0.046847,0.5,0.355271,0.875821,11.033053,1.031556,0.814562,False
10.639482000000001,1.9697040000000001,0.0,3.5172190000000003,15.0,5.608754,2.724436,1.901518,9.914010000000001,0.437992,90.0,1.0,0.0,0.375582,0.448366,0.351509,0.132,8.714275,1.0,0.658887,False
5.2882440000000015,1.6318620000000001,0.0,13.42973,36.648957,5.53709,1.020575,12.189506,3.3989019999999996,0.711067,196.60968300000002,1.0,1.559775,0.348603,0.320785,0.795454,0.381653,27.757478999999996,3.0,1.133856,False
6.588417999999999,1.0,0.0,9.565661,27.001434999999997,14.361068,4.608937,2.0554069999999998,2.831877,0.550863,259.760927,0.349375,0.711592,0.0,0.36775399999999997,0.0,0.0,40.434882,1.8280599999999998,0.770203,False
52.71726500000001,1.001974,1.251005,18.591611,75.80963299999998,988.1943140000001,14.272123,6.211332,17.689928,0.928668,1142.487869,1.0,7.545951,0.2467010000000001,0.228702,0.879792,4.489495,28.088797999999997,7.5412149999999984,1.244983,False
4.730449,1.9910619999999999,14.257764000000002,20.239744,1.891059,0.138454,19.467578,1.0,4.8405260000000006,1.373105,10.34874,0.0,0.0,0.348296,0.839526,0.0,0.0,0.94801,1.0,0.9159209999999999,False
11.0,1.0,0.0,5.326893,17.663093,9.0,3.5171330000000003,3.0,11.0,0.25,91.083849,1.0,0.0,0.0,0.491234,0.0,0.0,7.090764,1.0,0.6364,False
3.7033669999999996,1.0,0.0,6.3814980000000014,19.073485,1.538332,0.31913800000000003,3.235202,2.85754,0.887091,115.254524,0.748209,0.0,0.0,0.376444,0.0,0.0,29.528364,3.003025,1.292909,False
3.424236,1.0,0.0,3.364953,17.723032999999994,0.19129100000000002,2.9104080000000003,1.862132,2.1046709999999997,0.090589,117.44407700000001,1.0,0.0,0.0,0.5,0.0,0.0,31.342840000000002,5.039068,2.375502,False
3.204903,1.0,0.0,3.0,4.0,5.026939,1.200959,2.0,3.003344,2.0,5.1727690000000015,0.0,0.0,0.0,0.6066050000000001,0.0,0.0,1.412686,1.0,0.951469,False
3.199275,2.5152,0.0,5.271326999999999,4.782699,0.514301,3.227889,1.178564,3.0,0.9951969999999999,27.709115999999998,0.24559099999999998,1.273815,0.013143,0.54602,0.0,0.0,5.737013,1.756009,1.113277,False
10.888193,1.0,0.0,8.826157,32.02667,0.0,3.476171,8.742096,6.538114,0.387847,210.701591,0.126926,1.0,0.0,0.333443,0.0,0.0,28.010203999999998,3.9355,1.670938,False
16.675468,1.0,0.0,4.6341019999999995,27.65643,5.7312959999999995,4.148125,0.978457,12.873071000000001,0.562762,1281.075693,0.462258,0.0,0.0,0.350707,0.9892709999999999,0.584218,101.52765,6.368595,2.220701,False
0.442425,1.0,0.0,1.0,0.611858,0.0,1.0,0.0,0.0,2.0,5.140843,0.0,0.0,0.0,0.595723,0.0,0.0,2.4264229999999998,0.0,0.0,False
9.0,2.0,0.509212,8.616559,27.999258,5.6186370000000005,2.051705,4.1087419999999995,9.0,0.777786,177.09528500000005,0.255153,0.0,0.549277,0.35481799999999997,1.0,1.3607559999999999,18.577417,3.243061,1.1111,False
31.933752000000002,1.921776,1.124519,11.530087,57.048230000000004,289.075444,4.434406,5.986905,30.827776,0.961313,608.090003,0.556346,12.764612,0.128176,0.209261,0.812469,0.12066900000000001,19.510598,3.0,1.11084,False
12.0,1.158752,0.0,7.214611,27.885728999999998,27.043813,2.048934,2.418878,9.201455000000001,0.640948,322.819665,1.0,0.0,0.401098,0.217981,0.9080389999999999,5.32118,26.796435,3.0,1.332548,False
4.0,1.0,0.0,3.555713,5.0,0.0,2.1806509999999997,0.69391,3.389131,0.700678,28.259854999999998,0.661374,1.7924669999999998,0.0,0.48143800000000003,0.0,0.0,5.25,1.0,0.719329,False
4.131888,1.0,0.0,6.0,4.331015,10.031066000000001,5.254924,1.315957,4.328863,2.0,4.053369,0.0,0.0,0.0,0.6186149999999999,0.0,0.0,0.0,1.0,1.0,False
0.1965,1.0,0.0,5.284401,0.954391,0.0,4.969247,0.596603,0.43514899999999995,2.0,0.13841900000000001,0.0,0.0,0.0,0.486555,0.0,0.0,0.0,0.45584399999999997,0.22043800000000002,False
8.0,1.396352,0.339723,9.606701,19.863325,0.0,6.049192,4.980487,7.945405,0.506925,132.592425,1.0,1.0999700000000001,0.278821,0.399853,0.816357,0.291116,14.125367,4.959482,1.269876,False
5.0,1.0,0.0,3.067585,6.0,1.690273,2.697548,1.452752,4.102958999999999,0.747544,37.89736,1.0,2.0,0.0,0.372812,0.0,0.0,6.840188,1.0,0.8,False
4.059711,3.0,0.0,3.6456190000000004,6.991282000000001,2.342029,3.3515260000000002,0.95636,4.6659190000000015,1.344282,26.097813000000002,0.47476199999999996,0.0,0.9153209999999999,0.562384,0.0,0.0,6.306118,1.9893439999999998,0.615102,False
4.867318,1.0,1.375315,6.919747,13.162222,0.0,2.337192,4.788396,3.6974050000000003,0.049457999999999995,114.36988600000001,1.0,0.728028,0.0,0.46275299999999997,0.0,0.0,26.331079,2.216025,1.200724,False
11.701062,1.5671959999999998,0.0,8.0,21.745944,7.97164,5.871723,3.58333,7.5197350000000025,0.825649,319.9178970000001,1.0,2.6016169999999996,0.034968,0.234431,0.681177,0.910242,34.980395,3.842339,1.2545030000000001,False
7.6331,1.61201,2.2263479999999998,9.997337,23.174436,1.7339650000000002,2.464612,5.516443,4.573342,0.6134189999999999,115.158827,0.422544,0.291196,0.042052,0.372496,0.41744499999999995,0.623365,18.241799,5.569417,1.85722,False
8.0,1.087016,1.4016819999999999,10.266441,21.225413,0.0,4.655518,4.824006,7.888400999999999,0.492076,123.760899,1.0,1.3081120000000002,0.411396,0.45783,0.459888,0.13461700000000001,15.082738,4.027764,1.3658649999999999,False
1.100765,1.0,0.0,5.1931199999999995,1.190513,0.568421,5.124724,0.18220799999999998,1.943988,2.0,1.868338,0.0,0.0,0.0,0.910416,0.0,0.0,0.0,1.0,1.0,False
1.789382,1.0,0.0,6.490434,1.3435059999999999,0.844101,5.374353,0.6337,1.65285,2.0,1.8615150000000005,0.0,0.0,0.0,0.941391,0.0,0.0,0.0,1.0,1.0,False
1.890023,1.0,0.0,6.941464,1.7743799999999998,0.045579,5.014053,0.614138,1.833789,2.0,1.736868,0.0,0.0,0.0,0.829227,0.0,0.0,0.0,1.0,1.0,False
15.0,2.0,0.0,6.665549,31.645238,43.0,1.0,5.121207,15.0,0.833333,239.99014100000002,0.666667,0.0,0.575758,0.333333,1.0,5.0,15.267721,1.028608,0.9632940000000001,False
11.415078999999999,1.196545,0.0,9.211986,27.317425,1.543933,7.76898,1.218289,8.362518,0.6397,289.559038,1.0,0.006749,0.21452800000000002,0.29337399999999997,0.5997399999999999,1.696202,26.635331,2.88158,2.318942,False
5.9478029999999995,1.0,1.6852790000000002,3.379655,11.565493,0.0,1.776704,0.362275,3.633671,0.229804,95.79898299999999,0.26,0.542138,0.0,0.498971,0.0,0.0,25.916493,2.04061,0.739103,False
9.412484,1.403066,0.0,6.738474000000001,23.506076,18.555967000000006,1.021551,3.217889,3.8692889999999998,0.6541520000000001,163.618581,0.997833,0.0,0.573381,0.330047,0.805106,2.539107,17.864029000000006,3.817342,1.8116720000000002,False
4.0,1.0,0.0,3.827095,4.0,6.0,3.9734769999999995,1.066901,4.0,2.0,4.0,0.0,0.0,0.0,0.710029,0.0,0.0,0.0,1.0,1.0,False
8.985006,2.0,0.0,8.185675,16.743038000000002,20.337563,3.978071,4.776393,5.273391999999999,1.377634,51.007357,0.517325,0.865524,0.552662,0.46452,0.617178,0.062975,5.266906,1.0,0.8470790000000001,False
1.0,2.3161709999999998,0.0,68.983327,1.583293,0.0,38.409525,0.24123899999999998,1.0,2.0,4.005386,0.0,0.0,0.919535,1.0,0.0,0.0,3.5154730000000005,0.691094,0.570896,False
12.098218,1.338279,0.0,4.795101,24.451416000000002,47.73401,1.0,5.319168,13.341389000000001,0.8665219999999999,248.100415,0.783926,0.0,0.344085,0.245885,0.823458,1.126592,20.370604999999998,2.978323,1.098552,False
