dit,ca,moa,max_cc,buggy,Voting_Prediction,Voting_Pred_Prob,RandomForest_Prediction,RandomForest_Pred_Prob,AdaBoost_Prediction,AdaBoost_Pred_Prob,selectedEnsemble
1.0,1.0,1.0,1.0,False,False,0.266411066578,False,0.467034632035,False,0.498082125971,AdaBoost
1.0,2.118203,0.0,3.32148,True,False,0.34324064997299997,True,0.5666666666669999,True,0.54673919897,AdaBoost
1.0,3.0,4.0,4.0,False,True,0.531653537819,False,0.2,False,0.330824198927,AdaBoost
3.0,1.0,2.0,8.0,True,True,0.562201814784,True,0.65,True,0.717383481844,AdaBoost
2.0,4.0,1.0,1.0,False,False,0.21430967486400002,False,0.0,False,0.0732446109486,AdaBoost
2.0,2.0,4.0,1.0,True,True,0.827989996867,False,0.3,False,0.295570090811,Voting
2.0,0.0,0.0,0.0,False,False,0.0881335029812,False,0.1,False,0.025923668722399998,AdaBoost
5.0,1.0,0.0,0.0,False,False,0.19705620853,False,0.0,False,0.059147279435400005,AdaBoost
5.0,1.0,0.0,0.0,False,False,0.19705620853,False,0.0,False,0.059147279435400005,AdaBoost
2.0,0.0,0.0,0.0,False,False,0.0881335029812,False,0.1,False,0.025923668722399998,AdaBoost
1.0,5.0,2.0,3.0,False,True,0.573426642249,False,0.25,False,0.29447664373000004,AdaBoost
2.0,1.0,2.0,2.0,True,False,0.34594332904700004,False,0.3,True,0.687979810948,AdaBoost
3.0,1.0,0.0,2.0,False,False,0.240037457511,False,0.14,False,0.48650413822899996,AdaBoost
3.0,0.0,0.0,5.0,False,True,0.659771856767,False,0.2,False,0.381929888595,AdaBoost
2.0,12.0,0.0,4.0,False,False,0.240825130581,False,0.266666666667,False,0.195758991287,AdaBoost
2.887381,0.143709,0.0,2.127529,True,False,0.487296251976,True,0.6,False,0.448004260998,RandomForest
2.0,1.0,0.0,2.0,True,False,0.195173658344,False,0.173611111111,False,0.487762334624,AdaBoost
3.0,2.0,0.0,7.0,True,True,0.8269209037790001,False,0.285,False,0.424979916373,Voting
3.2802510000000002,1.0,1.0,1.0,True,False,0.305078289822,False,0.211886495857,True,0.523134692563,AdaBoost
3.0,4.0,3.0,6.0,False,True,0.58499403795,False,0.5,True,0.542499393482,RandomForest
4.0,2.0,0.0,2.0,False,False,0.40034677788,False,0.27,False,0.45757704268,AdaBoost
2.504334,2.4415560000000003,3.870651,1.119277,True,True,0.84271803397,True,0.6,True,0.753057494885,AdaBoost
1.0,1.0,1.0,1.0,False,False,0.266411066578,False,0.467034632035,False,0.498082125971,AdaBoost
1.0,2.0,0.0,2.0,False,False,0.12509520679000002,False,0.09,False,0.15770000679500001,AdaBoost
1.0,0.0,0.0,1.0,False,False,0.08498944709280001,False,0.026355590151599998,False,0.476715322709,AdaBoost
6.0,1.0,0.0,1.0,False,False,0.25635571591899997,False,0.0375,False,0.183737713332,AdaBoost
4.0,4.0,0.0,1.0,False,True,0.562935910143,True,0.7,True,0.730349439455,AdaBoost
1.0,11.0,0.0,5.0,False,False,0.25720402381900004,False,0.3,False,0.315378504163,AdaBoost
2.0,10.0,1.0,4.0,False,True,0.646440351236,False,0.4,False,0.42202309579,AdaBoost
1.0,3.0,3.0,7.0,False,True,0.552281008412,False,0.1,False,0.216801904943,AdaBoost
1.0,12.0,0.0,1.0,False,False,0.15614689699,False,0.1,False,0.155979029099,AdaBoost
1.0,3.0,0.0,4.0,False,False,0.230883195595,False,0.0,False,0.186437114075,AdaBoost
1.9624150000000002,1.0,0.0,1.00876,True,False,0.44907956459799997,True,0.707692307692,True,0.566247319447,AdaBoost
2.0,6.0,0.0,3.0,False,False,0.233644278461,False,0.2,False,0.10000515203299999,AdaBoost
2.0,0.0,0.0,4.0,True,False,0.205724465585,False,0.1,False,0.212118029266,AdaBoost
2.644552,1.305906,1.1729049999999999,3.979994,True,True,0.69741654634,True,0.8,True,0.941639684388,AdaBoost
2.906494,1.0,0.0,2.0,True,True,0.50337609855,True,0.5733333333330001,True,0.597384218782,AdaBoost
3.0,2.0,1.0,2.0,False,False,0.262475818015,False,0.0,False,0.180054875087,AdaBoost
4.0,1.0,1.0,3.0,False,False,0.33335893597800004,False,0.14,False,0.18437127477,AdaBoost
1.0,2.0,0.0,8.0,True,True,0.6399011861899999,False,0.4,False,0.45719395706999993,Voting
3.0,9.0,1.0,3.0,False,False,0.317600495591,False,0.35,False,0.446544263103,AdaBoost
1.0,0.0,0.0,3.0,False,False,0.12131783618599999,False,0.0,False,0.13887944492,AdaBoost
4.0,2.0,0.0,0.0,False,False,0.181793964164,False,0.35,False,0.365906697584,AdaBoost
3.0,1.0,1.0,1.0,False,False,0.293836776655,False,0.211886495857,False,0.493900536126,AdaBoost
6.0,1.0,1.0,2.0,False,False,0.368729828729,False,0.0333333333333,False,0.14522565517799998,AdaBoost
1.0,1.0,0.0,4.0,False,False,0.19225270607,False,0.0,False,0.049456310623199995,AdaBoost
2.0,9.0,3.0,2.0,False,True,0.8733194111779999,False,0.3,False,0.27847954551,AdaBoost
4.0,4.0,0.0,1.0,False,True,0.562935910143,True,0.7,True,0.730349439455,AdaBoost
0.0,0.0,3.0,5.0,False,False,0.461818614178,False,0.05,False,0.18175783247000002,AdaBoost
2.0993209999999998,3.972238,1.805129,6.097055999999999,True,True,0.8681941222120001,True,1.0,True,0.534146916151,AdaBoost
1.0,0.0,4.0,1.0,False,False,0.45056431680200004,False,0.1,False,0.101933191108,AdaBoost
3.0,1.0,0.0,1.0,True,False,0.222035373843,False,0.265834479991,False,0.49360849013499997,AdaBoost
1.0,2.0,0.0,1.0,False,False,0.161525097826,False,0.124258525845,False,0.49177217856000005,AdaBoost
6.0,1.0,1.0,1.0,False,False,0.331358756812,False,0.0333333333333,False,0.189286859677,AdaBoost
3.838793,1.603259,1.39612,3.0,True,True,0.725703882457,True,1.0,True,0.8561377857670001,AdaBoost
0.0,1.0,0.0,1.0,False,False,0.07045453083530001,False,0.0,False,3.15672660172e-07,AdaBoost
1.0,1.0,0.0,5.0,False,False,0.378366725143,False,0.34285714285700003,False,0.495765004734,AdaBoost
2.0,4.0,3.0,1.0,False,True,0.815066981579,False,0.2,False,0.130113718706,AdaBoost
3.292353,1.8464650000000002,2.9154,3.0,True,True,0.520368685739,True,0.8,True,0.640854320054,AdaBoost
1.0,13.0,0.0,1.0,True,False,0.16547721254,False,0.1,False,0.155979029099,AdaBoost
3.0,5.0,2.0,2.0,False,False,0.446050689938,False,0.4,False,0.443300531809,AdaBoost
1.0,13.0,0.0,1.0,False,False,0.16547721254,False,0.1,False,0.155979029099,AdaBoost
1.103531,1.0,1.257462,3.4555830000000003,True,True,0.594980050366,True,0.85,True,0.611711511376,AdaBoost
1.0,9.0,0.0,1.0,True,False,0.24941807037500002,False,0.25,False,0.492609591949,AdaBoost
5.885048,0.316878,0.856563,1.0,True,True,0.622753940294,True,1.0,False,0.413760984902,AdaBoost
6.0,1.0,0.0,1.0,False,False,0.25635571591899997,False,0.0375,False,0.183737713332,AdaBoost
0.0,1.0,0.0,1.0,False,False,0.07045453083530001,False,0.0,False,3.15672660172e-07,AdaBoost
6.0,1.0,0.0,0.0,False,False,0.234708901073,False,0.0,False,0.04941443272749999,AdaBoost
2.0754080000000004,1.958957,0.0,1.0,True,False,0.467115144941,True,0.538181818182,True,0.688309332642,AdaBoost
1.0,0.0,0.0,1.0,False,False,0.08498944709280001,False,0.026355590151599998,False,0.476715322709,AdaBoost
3.0,3.0,4.0,5.0,True,True,0.917366403469,True,0.6,True,0.728063349605,AdaBoost
2.0,1.0,1.0,3.0,True,True,0.5765234158,False,0.5,True,0.540425326739,AdaBoost
3.0,0.0,0.0,1.0,False,False,0.221210660552,False,0.254150416577,False,0.496550996689,AdaBoost
1.0,3.0,0.0,4.0,False,False,0.304030951055,False,0.0,False,0.178915544927,AdaBoost
3.0,2.0,1.0,1.0,False,False,0.202557522031,False,0.0,False,0.16598000499399998,AdaBoost
0.0,1.0,0.0,6.0,False,False,0.440207630887,False,0.0,False,0.178386425656,AdaBoost
2.136472,1.7462330000000001,0.0,2.0,True,False,0.49494529637199997,True,0.9,True,0.8635311691740001,AdaBoost
1.0,7.0,0.0,1.0,True,False,0.164525013485,False,0.12138888888900001,False,0.49035014581200004,AdaBoost
4.0,3.0,0.0,4.0,False,False,0.41939668144299996,False,0.5,False,0.44135593584399996,AdaBoost
1.0,1.0,0.0,6.0,False,False,0.461851449987,False,0.0,False,0.25199665784200004,AdaBoost
3.0,3.0,0.0,1.0,False,False,0.165096375057,False,0.0,False,0.150809166662,AdaBoost
1.0,0.0,0.0,5.0,False,False,0.39963524688600005,False,0.0,False,0.339295391946,AdaBoost
1.0,2.697518,0.0,4.720151,True,False,0.394227632821,False,0.2,False,0.47819993685,AdaBoost
3.0,4.0,0.0,4.0,False,True,0.719570786621,True,0.7,True,0.543961682582,AdaBoost
4.0,2.0,0.0,5.0,False,True,0.8298788274869999,False,0.3,True,0.531808883,RandomForest
3.0,1.0,0.0,2.0,False,False,0.265502088864,False,0.175119047619,False,0.494021943586,AdaBoost
1.0,1.0,2.0,3.0,True,False,0.329386708536,False,0.1,False,0.118249017061,AdaBoost
2.0,3.0,4.0,3.0,True,True,0.504966917986,True,0.675,False,0.304351568666,AdaBoost
2.903726,1.7815580000000002,0.0,4.3428629999999995,True,True,0.7480339520720001,True,0.7,True,0.538073840283,AdaBoost
5.0,1.0,1.0,1.0,False,False,0.42038499163000004,True,0.61,False,0.499043151977,AdaBoost
2.979254,2.0,1.072846,1.219322,True,False,0.21165988098299998,False,0.3,False,0.368684830386,AdaBoost
1.0,2.0,3.0,4.0,False,False,0.476316129286,False,0.4,False,0.42741609899800004,AdaBoost
1.0,3.0,1.0,1.0,False,False,0.305445005908,False,0.452976190476,True,0.501197540088,AdaBoost
1.0,1.0,0.0,1.0,False,False,0.148321311039,False,0.156594827989,False,0.491034736596,AdaBoost
1.0,0.0,0.0,0.0,False,False,0.0894792565756,False,0.0,False,0.00023574406130200001,AdaBoost
3.0,2.0,0.0,1.0,False,False,0.16086297517200002,False,0.02,False,0.182812520204,AdaBoost
1.087567,3.0,0.128719,1.0,True,False,0.445442752404,True,1.0,True,0.6712751759029999,AdaBoost
2.0,3.0,0.0,1.0,True,False,0.246797853335,False,0.40666666666699997,False,0.494914143209,AdaBoost
1.0,3.0,0.0,1.0,False,False,0.107772842039,False,0.0,False,0.158713201115,AdaBoost
1.0,4.0,0.0,5.0,False,False,0.423289055415,False,0.0,False,0.21954685136500002,AdaBoost
3.0,2.0,3.0,2.0,False,True,0.793762678989,True,0.7,True,0.617815561901,AdaBoost
3.0,1.0,1.0,3.0,False,False,0.305051397994,False,0.1,False,0.362107085224,AdaBoost
3.0,1.0,0.0,2.0,False,False,0.265502088864,False,0.175119047619,False,0.494021943586,AdaBoost
1.0,1.0,0.0,1.0,False,False,0.148321311039,False,0.156594827989,False,0.491034736596,AdaBoost
1.0,1.0,0.0,1.0,False,False,0.148321311039,False,0.156594827989,False,0.491034736596,AdaBoost
1.0,1.0,0.0,5.0,True,False,0.409739494185,False,0.0,False,0.166825485252,AdaBoost
3.0,1.0,1.0,4.0,False,False,0.415033895275,False,0.1,False,0.160438687116,AdaBoost
2.0,1.0,1.0,1.0,True,False,0.159710180221,False,0.28125,True,0.566590603682,AdaBoost
2.0,3.0,0.0,4.0,False,False,0.347957148227,False,0.5,False,0.308407010963,AdaBoost
4.0,1.0,1.0,1.0,True,False,0.39114096798299997,False,0.47833333333300004,True,0.500028706915,AdaBoost
5.0,2.0,0.0,0.0,False,False,0.21704751950999998,False,0.0,False,0.0852852419631,AdaBoost
4.0,0.0,0.0,2.0,False,False,0.19819700777,False,0.0,False,0.0237493491627,AdaBoost
3.0,2.0,1.0,6.0,False,True,0.527515060926,False,0.3,False,0.386729565691,AdaBoost
1.0,0.0,3.0,1.0,False,False,0.355689415599,False,0.00232558139535,False,0.030260654368500003,AdaBoost
1.0,0.0,0.0,1.0,False,False,0.0976197859209,False,0.0177275603688,False,0.476723239551,AdaBoost
2.562407,3.688036,0.543902,2.468811,True,True,0.56091497943,True,0.9666666666670001,True,0.688184585499,AdaBoost
6.0,1.0,0.0,3.0,False,False,0.345723815032,False,0.4,True,0.520394376129,AdaBoost
4.0,1.0,2.0,3.0,True,False,0.439976586337,False,0.1,False,0.472161625039,AdaBoost
2.0,1.0,0.0,3.0,False,False,0.214320108076,False,0.0761904761905,False,0.132823051954,AdaBoost
1.0,1.0,0.0,6.0,False,False,0.461851449987,False,0.0,False,0.25199665784200004,AdaBoost
3.0,0.0,1.0,1.0,False,False,0.178098472698,False,0.0,False,0.108717046425,AdaBoost
3.0,1.210014,2.546711,5.330515,True,True,0.8710010463700001,True,1.0,True,0.597569168619,AdaBoost
6.0,1.0,0.0,1.0,False,False,0.230894984996,False,0.0,False,0.184552736134,AdaBoost
1.0,1.0,0.0,0.0,False,False,0.09843526478760001,False,0.019111381619,False,0.0244175189959,AdaBoost
2.0,1.0,0.0,2.0,False,False,0.261731026859,False,0.337698412698,False,0.496089353349,AdaBoost
1.0,1.0,0.0,0.0,False,False,0.09843526478760001,False,0.019111381619,False,0.0244175189959,AdaBoost
1.0,1.0,0.0,0.0,False,False,0.09843526478760001,False,0.019111381619,False,0.0244175189959,AdaBoost
1.0,1.0,0.0,0.0,False,False,0.09843526478760001,False,0.019111381619,False,0.0244175189959,AdaBoost
1.0,0.0,0.0,0.0,False,False,0.0894792565756,False,0.0,False,0.00023574406130200001,AdaBoost
1.0,0.0,0.0,0.0,False,False,0.0894792565756,False,0.0,False,0.00023574406130200001,AdaBoost
1.0,0.0,0.0,0.0,False,False,0.0894792565756,False,0.0,False,0.00023574406130200001,AdaBoost
1.0,0.0,0.0,0.0,False,False,0.0894792565756,False,0.0,False,0.00023574406130200001,AdaBoost
1.0,0.0,0.0,0.0,False,False,0.0894792565756,False,0.0,False,0.00023574406130200001,AdaBoost
1.0,0.0,0.0,0.0,False,False,0.0894792565756,False,0.0,False,0.00023574406130200001,AdaBoost
1.0,0.0,0.0,0.0,False,False,0.0894792565756,False,0.0,False,0.00023574406130200001,AdaBoost
1.0,0.0,0.0,0.0,False,False,0.0894792565756,False,0.0,False,0.00023574406130200001,AdaBoost
1.0,0.0,0.0,0.0,False,False,0.0894792565756,False,0.0,False,0.00023574406130200001,AdaBoost
1.0,0.0,0.0,0.0,False,False,0.0894792565756,False,0.0,False,0.00023574406130200001,AdaBoost
1.0,0.0,0.0,0.0,False,False,0.0894792565756,False,0.0,False,0.00023574406130200001,AdaBoost
1.0,0.0,0.0,0.0,False,False,0.0894792565756,False,0.0,False,0.00023574406130200001,AdaBoost
1.0,0.0,0.0,0.0,False,False,0.0894792565756,False,0.0,False,0.00023574406130200001,AdaBoost
1.0,0.0,0.0,0.0,False,False,0.0894792565756,False,0.0,False,0.00023574406130200001,AdaBoost
1.0,0.0,0.0,0.0,False,False,0.0894792565756,False,0.0,False,0.00023574406130200001,AdaBoost
4.0,4.0,1.0,1.0,False,False,0.350783185872,True,0.686666666667,False,0.359864435222,AdaBoost
0.0,1.0,0.0,1.0,False,False,0.07561594955889998,False,0.0,False,3.22566185092e-07,AdaBoost
3.0,4.0,0.0,4.0,True,True,0.719570786621,True,0.7,True,0.543961682582,AdaBoost
1.0,8.0,0.0,1.0,False,False,0.119876798154,False,0.0,False,0.048244848260300004,AdaBoost
4.0,1.0,0.0,1.0,False,False,0.16063900418,False,0.0,False,0.10719715770800001,AdaBoost
0.0,0.0,2.0,1.0,False,False,0.170830971722,False,0.0,False,0.00446067193253,AdaBoost
0.0,1.0,0.0,4.0,False,False,0.172622084684,False,0.1,False,0.061365227412,AdaBoost
1.0,3.0,0.0,3.0,True,True,0.504424573434,True,0.8,True,0.815031907782,AdaBoost
2.0,3.0,0.0,2.0,True,False,0.328461077318,False,0.196031746032,False,0.444187413823,AdaBoost
3.0,0.0,0.0,1.0,False,False,0.243555166021,False,0.430396547897,False,0.49642587073999994,AdaBoost
1.456581,3.0,0.0,2.450453,True,False,0.494697956597,True,0.9,True,0.734788812958,AdaBoost
1.0,3.0,0.0,3.0,True,True,0.504424573434,True,0.8,True,0.815031907782,AdaBoost
3.0,1.0,1.0,1.0,False,False,0.279264750289,False,0.23637943755600002,False,0.495499624119,AdaBoost
3.0,1.0,0.0,3.0,False,False,0.217339710678,False,0.17523809523800002,False,0.31664791245499996,AdaBoost
1.0,0.0,0.0,1.0,False,False,0.0957500761576,False,0.027841003652699998,False,0.477175181155,AdaBoost
3.0,1.0,0.0,3.0,False,False,0.217339710678,False,0.17523809523800002,False,0.31664791245499996,AdaBoost
2.0,7.0,1.0,1.0,False,False,0.19190149063,False,0.16,False,0.22379297509100002,AdaBoost
2.320812,2.0,2.874565,1.688302,True,False,0.444051150128,True,0.8,True,0.558686635448,AdaBoost
2.0,3.0,0.0,3.0,False,False,0.210021165797,False,0.128571428571,False,0.385516725612,AdaBoost
3.0,0.0,0.0,3.0,False,False,0.201108829705,False,0.108333333333,False,0.197949550918,AdaBoost
2.0,2.0,0.0,2.0,False,False,0.248853199446,False,0.21555555555599998,False,0.45045522670599997,AdaBoost
5.0,7.0,0.0,1.0,True,False,0.20351231455899998,False,0.5,True,0.5579772493949999,AdaBoost
3.0,2.0,3.0,1.0,False,False,0.455608082808,False,0.1,False,0.378450593434,AdaBoost
1.0,1.0,0.0,1.0,False,False,0.14564463383600001,False,0.13052389433599998,False,0.491851748028,AdaBoost
2.695764,0.596579,1.936551,2.357618,True,True,0.673517443625,True,1.0,True,0.802055561199,AdaBoost
2.225396,1.196689,0.0,1.0,True,False,0.46279753045,True,0.8830769230769999,True,0.914805585392,AdaBoost
1.0,0.0,0.0,2.0,False,False,0.104929548671,False,0.0,False,0.0560726626258,AdaBoost
1.0,11.0,0.0,1.0,False,False,0.11855901471699999,False,0.128333333333,False,0.204737199815,AdaBoost
6.0,0.0,0.0,1.0,True,False,0.163300506367,False,0.0,False,0.121746474315,AdaBoost
1.0,2.0,3.0,3.0,False,False,0.45378533745,False,0.2,False,0.448220395783,AdaBoost
4.0,0.0,0.0,1.0,False,False,0.14809746979900001,False,0.0,False,0.09033140579219999,AdaBoost
4.0,3.0,0.0,1.0,False,False,0.180287975675,False,0.05,False,0.107993030846,AdaBoost
2.0,8.0,1.0,1.0,False,False,0.188274980177,False,0.1,False,0.032850763152700004,AdaBoost
1.0,11.0,0.0,1.0,False,False,0.11855901471699999,False,0.128333333333,False,0.204737199815,AdaBoost
6.0,1.0,1.0,1.0,False,False,0.219775055126,False,0.0,False,0.18199044908700002,AdaBoost
1.0,1.0,0.0,0.0,False,False,0.0923479224688,False,0.0,False,0.00016399873599000003,AdaBoost
1.0,1.0,0.0,0.0,False,False,0.0923479224688,False,0.0,False,0.00016399873599000003,AdaBoost
1.0,2.0,0.0,1.0,False,False,0.164005091376,False,0.186799684276,False,0.492683394371,AdaBoost
6.0,1.0,0.0,1.0,False,False,0.174955243587,False,0.0,False,0.16177321449100002,AdaBoost
3.0,1.0,0.0,3.0,False,False,0.217339710678,False,0.17523809523800002,False,0.31664791245499996,AdaBoost
1.0,5.0,1.0,2.0,False,False,0.182235538668,False,0.5,False,0.406812956664,AdaBoost
4.0,0.0,0.0,1.0,False,False,0.14809746979900001,False,0.0,False,0.09033140579219999,AdaBoost
4.0,0.0,0.0,1.0,False,False,0.14809746979900001,False,0.0,False,0.09033140579219999,AdaBoost
0.0,1.0,0.0,4.0,False,False,0.172622084684,False,0.1,False,0.061365227412,AdaBoost
2.0,2.0,0.0,1.0,False,False,0.161481660055,False,0.140952380952,False,0.481884348479,AdaBoost
3.0,2.0,0.0,2.0,False,False,0.34627662913400004,False,0.39,False,0.496223756903,AdaBoost
1.0,4.0,0.0,4.0,False,False,0.254756674473,False,0.0,False,0.262439208345,AdaBoost
3.0,3.0,1.0,3.0,False,True,0.635162452957,False,0.5,True,0.652193381653,RandomForest
1.0,1.0,0.0,5.0,False,False,0.443755340938,False,0.233333333333,False,0.49226969463,AdaBoost
2.0,0.0,1.0,3.0,False,False,0.225997052227,False,0.5,False,0.49530885428300003,AdaBoost
1.0,0.0,1.0,1.0,False,False,0.126941790604,False,0.135338072508,False,0.27784002765099997,AdaBoost
1.0,1.0,0.0,1.0,False,False,0.14564463383600001,False,0.13052389433599998,False,0.491851748028,AdaBoost
1.582614,1.802271,1.245802,3.924151,True,True,0.673874810804,True,1.0,True,0.954696310872,AdaBoost
3.0,3.0,1.0,3.0,True,True,0.635162452957,False,0.5,True,0.652193381653,AdaBoost
4.0,3.0,0.0,1.0,False,False,0.180287975675,False,0.05,False,0.107993030846,AdaBoost
2.0,1.0,3.0,2.0,True,False,0.445180239662,False,0.5,True,0.736064514981,AdaBoost
1.0,2.0,0.0,1.0,False,False,0.164005091376,False,0.186799684276,False,0.492683394371,AdaBoost
2.0,3.0,1.0,3.0,False,False,0.268092504477,True,0.7,True,0.644064231541,Voting
3.0,1.0,0.0,5.0,True,False,0.399936182265,False,0.15,False,0.418121643829,AdaBoost
1.0,1.0,0.0,4.0,False,False,0.224539181958,False,0.14,False,0.12013776684800001,AdaBoost
3.0,0.0,0.0,1.0,False,False,0.243555166021,False,0.430396547897,False,0.49642587073999994,AdaBoost
4.0,0.0,0.0,0.0,False,False,0.141512405136,False,0.21666666666700002,False,0.29905016164500003,AdaBoost
3.0,2.0,1.0,1.0,False,False,0.20284764719099999,False,0.1,False,0.163586773465,AdaBoost
1.387263,1.504166,0.0,1.0,True,False,0.444433769943,True,1.0,True,0.979611215783,AdaBoost
2.023565,1.7462400000000002,2.0,3.0,True,True,0.713975996541,True,0.9,True,0.865630872244,AdaBoost
4.0,2.0,1.0,3.0,True,False,0.312113324847,False,0.2,False,0.22722250228399998,AdaBoost
3.0,0.0,0.0,1.0,False,False,0.243555166021,False,0.430396547897,False,0.49642587073999994,AdaBoost
0.0,2.0,0.0,2.0,False,False,0.09319422217260001,False,0.0,False,0.034627121978599996,AdaBoost
5.793489,1.379585,0.172992,1.0,True,True,0.516410226337,True,0.7,True,0.645386222174,AdaBoost
1.0,1.0,0.0,4.0,False,False,0.224539181958,False,0.14,False,0.12013776684800001,AdaBoost
1.0,3.0,3.0,1.0,False,False,0.415803415793,False,0.05666666666669999,False,0.432778727465,AdaBoost
4.0,1.0,0.0,1.0,False,False,0.16063900418,False,0.0,False,0.10719715770800001,AdaBoost
5.0,4.0,0.0,2.0,True,True,0.557963113175,True,0.8,True,0.855357835338,AdaBoost
2.1596580000000003,1.666118,0.0,2.0,True,False,0.48822430933399996,True,1.0,True,0.939659772168,AdaBoost
4.389628,4.0,0.0,2.0,True,True,0.5527591883780001,True,0.666666666667,True,0.763881079117,AdaBoost
1.0,1.0,0.0,5.0,False,False,0.420426596614,False,0.423333333333,False,0.492892005326,AdaBoost
1.0,1.0,0.0,1.0,False,False,0.12357259499800001,False,0.104742527663,False,0.488358190135,AdaBoost
2.0,1.0,0.0,0.0,False,False,0.110050030184,False,0.33095238095199997,False,0.0726896418392,AdaBoost
5.0,2.0,2.0,1.0,False,False,0.437220730005,True,0.7,True,0.6940206613050001,Voting
3.0,0.0,0.0,4.0,False,False,0.278429993167,False,0.2,False,0.36737098077200003,AdaBoost
4.0,1.0,0.0,1.0,False,False,0.17629530909000002,False,0.0,False,0.116632468765,AdaBoost
2.0,1.0,0.0,3.0,False,False,0.17804687682,False,0.0,False,0.149433350965,AdaBoost
3.0,0.351534,0.0,1.0,True,False,0.47064232513800003,True,0.93,True,0.7933996063009999,AdaBoost
3.0,1.0,1.0,4.0,False,False,0.371945960378,False,0.2,False,0.170282881885,AdaBoost
1.0,1.0,0.0,1.0,True,False,0.12357259499800001,False,0.104742527663,False,0.488358190135,AdaBoost
3.0,1.0,2.0,1.0,False,False,0.357253803822,False,0.242857142857,False,0.403831962296,AdaBoost
1.0,1.0,0.0,1.0,True,False,0.12357259499800001,False,0.104742527663,False,0.488358190135,AdaBoost
4.0,2.0,2.0,1.0,False,False,0.40676169678199997,False,0.4,True,0.6082836759979999,AdaBoost
1.0,9.0,0.0,1.0,False,False,0.41870225967200003,True,0.6,True,0.668049595365,Voting
2.0,2.0,0.0,1.0,False,False,0.16563494531300002,False,0.24642857142900002,False,0.485656152341,AdaBoost
0.0,1.0,2.0,1.0,False,False,0.20456774952,False,0.05,False,0.024264369485800002,AdaBoost
0.0,1.0,2.0,1.0,False,False,0.20456774952,False,0.05,False,0.024264369485800002,AdaBoost
2.0,8.0,1.0,2.0,False,False,0.164223850719,False,0.0,False,0.239544088022,AdaBoost
2.0,1.0,0.0,1.0,False,False,0.171109988848,False,0.120952380952,False,0.490370870902,AdaBoost
5.0,4.0,0.0,1.0,True,True,0.556158386979,True,0.53,True,0.623470407294,AdaBoost
3.0,1.0,1.0,2.0,False,False,0.23217790320099999,False,0.07210526315789999,False,0.37175165034999996,AdaBoost
3.0,1.0,1.0,2.0,False,False,0.23217790320099999,False,0.07210526315789999,False,0.37175165034999996,AdaBoost
2.0,3.0,0.0,0.0,False,False,0.344711245288,False,0.40833333333300004,False,0.4609666219,AdaBoost
5.0,1.0,0.0,0.0,False,False,0.19582417357299997,False,0.0,False,0.0695181405542,AdaBoost
1.0,7.640569999999999,0.0,1.0,True,False,0.0871250298205,False,0.0,False,0.19038755332899998,AdaBoost
5.0,1.0,0.0,2.0,True,False,0.366835451655,False,0.18,False,0.429910796069,AdaBoost
4.0,2.0,0.0,1.0,False,True,0.520989664036,True,0.7,True,0.7784700658050001,AdaBoost
1.0,5.0,1.0,3.0,False,True,0.53571979804,False,0.3,False,0.281183828733,AdaBoost
5.0,1.0,2.0,1.0,False,False,0.425195249393,False,0.433333333333,False,0.42880976442,AdaBoost
1.192955,1.0,1.0,1.0,True,False,0.465988638356,True,0.88,True,0.694210030343,AdaBoost
3.0,1.0,0.0,1.0,False,False,0.24124552186,False,0.316156993274,False,0.495008784935,AdaBoost
2.0,3.0,0.0,1.0,False,False,0.35059939927100003,False,0.458333333333,True,0.505216147142,AdaBoost
3.0,2.011576,0.364014,3.351926,True,True,0.607083735895,True,0.653333333333,False,0.489179254006,AdaBoost
2.0,2.0,2.0,4.0,True,True,0.7880860663779999,True,0.8,True,0.624122660895,AdaBoost
4.0,1.0,0.0,1.0,False,False,0.17629530909000002,False,0.0,False,0.116632468765,AdaBoost
1.0,0.0,2.0,2.0,False,False,0.270860395599,False,0.0,False,0.197850913669,AdaBoost
3.0,1.0,2.0,1.0,False,False,0.357253803822,False,0.242857142857,False,0.403831962296,AdaBoost
2.0,1.0,2.0,1.0,False,False,0.313247397327,False,0.114285714286,False,0.189620435712,AdaBoost
2.123995,0.139597,0.0,2.967964,True,True,0.500039455504,True,0.9,True,0.6018339213480001,AdaBoost
1.702396,1.797021,0.288408,1.8280599999999998,True,False,0.47024027955700004,True,1.0,True,0.583744545683,AdaBoost
4.0,1.0,0.0,1.0,False,False,0.17629530909000002,False,0.0,False,0.116632468765,AdaBoost
1.0,0.0,0.0,1.0,False,False,0.0856834812921,False,0.0164380251211,False,0.475630533575,AdaBoost
2.22966,2.6948,1.7493470000000002,3.32564,True,True,0.7355149037019999,True,1.0,True,0.866820868403,AdaBoost
3.0,1.0,0.0,2.0,True,False,0.170304732989,False,0.0,False,0.152363686962,AdaBoost
3.0,1.0,1.0,4.0,False,False,0.371945960378,False,0.2,False,0.170282881885,AdaBoost
3.0,0.0,2.0,3.0,True,True,0.7498593766089999,False,0.2,False,0.48705973244199996,Voting
1.197255,2.395164,0.526209,2.7059330000000004,True,False,0.49735531571,True,0.9,True,0.7439979148829999,AdaBoost
1.0,1.0,1.0,1.0,True,False,0.216450840533,False,0.287903207903,False,0.49484886431,AdaBoost
3.0,2.0,1.0,3.0,False,False,0.303854036562,False,0.33333333333299997,True,0.502037639383,AdaBoost
4.0,6.0,0.0,1.0,False,False,0.291008704529,True,0.693333333333,True,0.501252892738,Voting
4.0,3.0,1.0,2.0,False,True,0.6251847050770001,False,0.233333333333,False,0.43904245942500003,AdaBoost
4.0,4.0,0.0,2.0,True,False,0.333080138674,True,0.633333333333,True,0.563535837653,AdaBoost
2.0,0.0,2.0,2.0,False,True,0.656553372474,False,0.1,False,0.416878083583,AdaBoost
2.872178,1.466653,1.0,1.0,True,True,0.53743446744,True,0.829166666667,True,0.8140903990270001,AdaBoost
1.0,2.966704,0.017501,1.0,True,False,0.0977739489188,False,0.2,False,0.306571402812,AdaBoost
1.0,1.0,0.0,1.0,False,False,0.12357259499800001,False,0.104742527663,False,0.488358190135,AdaBoost
1.0,9.0,0.0,1.0,False,False,0.41870225967200003,True,0.6,True,0.668049595365,Voting
1.0,9.0,0.0,1.0,True,False,0.41870225967200003,True,0.6,True,0.668049595365,AdaBoost
3.0,5.0,2.0,1.0,False,False,0.369248391219,False,0.4,True,0.575690780743,AdaBoost
1.0,2.0,0.0,1.0,False,False,0.151394729077,False,0.19260791114300002,False,0.492325394071,AdaBoost
2.0,2.0,0.0,1.0,False,False,0.16563494531300002,False,0.24642857142900002,False,0.485656152341,AdaBoost
1.574086,4.758926,0.751911,2.430195,True,True,0.5142368071500001,True,0.7,False,0.42587688601499996,AdaBoost
1.0,5.0,1.0,1.0,True,False,0.134873931127,False,0.125,False,0.451605674718,AdaBoost
3.0,2.0,1.0,1.0,False,False,0.215058850641,False,0.0,False,0.175171761762,AdaBoost
2.0,2.0,0.0,0.0,False,False,0.118404692513,False,0.253571428571,False,0.421810101554,AdaBoost
2.0,2.0,0.0,1.0,False,False,0.16563494531300002,False,0.24642857142900002,False,0.485656152341,AdaBoost
5.0,1.0,1.0,1.0,False,False,0.437065094609,True,0.583333333333,False,0.49860850603,AdaBoost
4.0,0.0,0.0,1.0,False,False,0.160412616299,False,0.0214285714286,False,0.13477509262,AdaBoost
2.0,5.0,0.0,1.0,False,False,0.125331033663,False,0.286666666667,False,0.486629322083,AdaBoost
3.0,1.0,0.0,1.0,False,False,0.24124552186,False,0.316156993274,False,0.495008784935,AdaBoost
1.0,3.0,1.0,1.0,True,False,0.22259574929,False,0.23166666666700003,False,0.49320423792900003,AdaBoost
2.0,2.0,0.0,1.0,False,False,0.16563494531300002,False,0.24642857142900002,False,0.485656152341,AdaBoost
1.0,2.0,0.0,4.0,True,False,0.229023316406,False,0.2,False,0.48361129614799997,AdaBoost
5.0,1.0,0.0,1.0,True,False,0.18942123666900001,False,0.1,False,0.177976399038,AdaBoost
3.912984,2.406689,0.0,1.0,True,False,0.347722165266,True,0.525,False,0.48679264462300004,RandomForest
5.0,2.0,1.0,1.0,True,False,0.364395817065,False,0.195,False,0.41799761998,AdaBoost
1.0,2.0,0.0,4.0,False,False,0.229023316406,False,0.2,False,0.48361129614799997,AdaBoost
1.0,1.0,0.0,1.0,False,False,0.146068434358,False,0.135169341278,False,0.491032676611,AdaBoost
1.0,1.0,0.0,1.0,False,False,0.146068434358,False,0.135169341278,False,0.491032676611,AdaBoost
1.0,0.0,0.0,0.0,False,False,0.0811364271098,False,0.0,False,0.00361958220866,AdaBoost
2.0,1.0,0.0,1.0,False,False,0.23154081117400002,False,0.420833333333,False,0.494019533802,AdaBoost
2.163971,1.352087,0.291196,3.145875,True,True,0.547068412868,True,0.8,True,0.675106658966,AdaBoost
2.078224,1.0,0.797788,1.015282,True,False,0.48380053568099995,True,1.0,True,0.869662462142,AdaBoost
1.0,1.0,1.0,5.0,False,False,0.374996501004,True,0.804761904762,False,0.4853431059,AdaBoost
1.0,1.0,0.0,1.0,False,False,0.146068434358,False,0.135169341278,False,0.491032676611,AdaBoost
1.0,3.0,0.0,3.0,True,False,0.495922419224,True,1.0,True,0.833457263532,AdaBoost
5.0,0.0,0.0,2.0,False,False,0.20261941209000003,False,0.2,True,0.5693395001129999,AdaBoost
1.0,1.0,1.0,1.0,True,False,0.21797342364100003,False,0.259232434232,False,0.494952205816,AdaBoost
3.0,0.0,1.0,2.0,False,False,0.205588783101,False,0.0,False,0.033080940018,AdaBoost
1.0,0.0,0.0,0.0,False,False,0.0811364271098,False,0.0,False,0.00361958220866,AdaBoost
5.0,4.900935,0.486203,1.0,True,True,0.559602552238,True,0.9,True,0.628758645061,AdaBoost
1.0,0.0,0.0,0.0,False,False,0.0811364271098,False,0.0,False,0.00361958220866,AdaBoost
2.0,1.0,0.0,1.0,False,False,0.23154081117400002,False,0.420833333333,False,0.494019533802,AdaBoost
1.0,2.0,0.0,3.0,True,False,0.156909661111,False,0.0,False,0.215693054298,AdaBoost
1.0,1.0,0.0,3.0,False,False,0.14763269035999999,False,0.0,False,0.0165166571971,AdaBoost
2.0,1.0,0.0,1.0,False,False,0.23154081117400002,False,0.420833333333,False,0.494019533802,AdaBoost
3.0,2.0,0.0,2.0,True,False,0.181077017037,False,0.0,False,0.131841590172,AdaBoost
3.0,2.0,1.0,4.0,False,False,0.373855866141,False,0.33333333333299997,False,0.469573068807,AdaBoost
2.0,4.0,2.0,2.0,False,False,0.335049395676,False,0.4,False,0.46047748761999996,AdaBoost
1.0,3.0,0.0,2.0,False,False,0.123734038968,False,0.0,False,0.151009250296,AdaBoost
3.0,5.0,1.0,1.0,True,True,0.543532418604,True,0.6,True,0.5395787301280001,AdaBoost
5.0,1.0,0.0,1.0,True,False,0.18942123666900001,False,0.1,False,0.177976399038,AdaBoost
5.0,1.0,0.0,1.0,False,False,0.18942123666900001,False,0.1,False,0.177976399038,AdaBoost
5.0,2.0,0.0,1.0,False,False,0.19981198354600002,False,0.4,False,0.18529632825,AdaBoost
1.0,4.0,0.0,1.0,False,False,0.106630243478,False,0.0,False,0.160754426339,AdaBoost
5.0,2.0,0.0,1.0,False,False,0.19981198354600002,False,0.4,False,0.18529632825,AdaBoost
0.0,1.0,0.0,1.0,False,False,0.07055660238210001,False,0.0,False,2.76247483819e-07,AdaBoost
3.0,0.0,0.0,2.0,False,False,0.15775841736,False,0.0639880952381,False,0.11205608967,AdaBoost
3.0,4.0,0.0,2.0,True,True,0.523011471637,True,0.85,True,0.801055573479,AdaBoost
0.0,1.0,0.0,1.0,False,False,0.07055660238210001,False,0.0,False,2.76247483819e-07,AdaBoost
2.0,0.0,0.0,0.0,False,False,0.10476410614600001,False,0.0,False,0.0542062851215,AdaBoost
2.0,3.0,0.0,1.0,True,False,0.29990981768,False,0.34038461538500003,True,0.501677931337,AdaBoost
5.0,2.0,0.0,1.0,False,False,0.19981198354600002,False,0.4,False,0.18529632825,AdaBoost
1.0,0.0,0.0,0.0,False,False,0.0811364271098,False,0.0,False,0.00361958220866,AdaBoost
5.0,1.0,0.0,1.0,False,False,0.18942123666900001,False,0.1,False,0.177976399038,AdaBoost
1.479139,1.0,1.0,1.0,True,False,0.476450966691,True,1.0,True,0.892582078707,AdaBoost
2.0,2.0,0.0,4.0,False,False,0.275787680504,False,0.4,False,0.457076871552,AdaBoost
2.0,1.0,0.0,0.0,False,False,0.114868627152,False,0.1,False,0.0689102954813,AdaBoost
1.0,1.0,0.0,1.0,False,False,0.146068434358,False,0.135169341278,False,0.491032676611,AdaBoost
3.0,1.0,1.0,1.0,False,False,0.281432535637,False,0.24989718614700002,False,0.49520817676000006,AdaBoost
2.0,1.0,2.0,1.0,False,False,0.281455382898,False,0.0,False,0.23381253355700002,AdaBoost
3.0,0.0,0.0,1.0,False,False,0.23003765837200002,False,0.258377594628,False,0.49533515253399996,AdaBoost
5.0,4.0,1.0,1.0,False,True,0.596528628431,False,0.395,False,0.422700759899,AdaBoost
1.0,8.0,0.0,1.0,False,False,0.09901360494999999,False,0.042857142857099996,False,0.11165799851199999,AdaBoost
1.0,8.0,0.0,1.0,False,False,0.09901360494999999,False,0.042857142857099996,False,0.11165799851199999,AdaBoost
1.0,3.0,0.0,4.0,False,False,0.235744231742,False,0.1,False,0.14102116702700002,AdaBoost
3.0,2.0,2.0,3.0,True,True,0.747511989796,True,0.8,True,0.65627932006,AdaBoost
2.0,2.0,0.0,1.0,False,False,0.161565729017,False,0.08333480245239999,False,0.484857667156,AdaBoost
1.0,1.175763,0.797977,3.968032,True,True,0.5897491733300001,True,0.9,True,0.6420421499050001,AdaBoost
1.731645,1.0,0.0,1.1930969999999999,True,False,0.44931369556199996,True,0.923076923077,True,0.8533891720360001,AdaBoost
4.0,1.0,2.0,2.0,False,True,0.7152311706100001,True,0.8,False,0.460052901013,AdaBoost
5.0,0.0,0.0,1.0,False,False,0.175944143004,False,0.0,True,0.505856688201,AdaBoost
4.0,1.0,0.0,0.0,False,False,0.16278952491499998,False,0.4,False,0.422075535372,AdaBoost
1.0,6.0,0.0,1.0,False,False,0.18790731103,False,0.22083333333299998,False,0.49204894928099996,AdaBoost
2.0,2.0,0.0,1.0,False,False,0.161565729017,False,0.08333480245239999,False,0.484857667156,AdaBoost
0.0,2.0,0.0,2.0,False,False,0.08969962476500001,False,0.0,False,0.0127628944297,AdaBoost
1.0,1.0,2.0,3.0,False,True,0.656018116751,True,0.7,True,0.780982340817,AdaBoost
1.0,6.0,0.0,2.0,True,False,0.206250635464,False,0.145833333333,False,0.166368953111,AdaBoost
5.0,0.0,0.0,1.0,False,False,0.175944143004,False,0.0,True,0.505856688201,AdaBoost
2.0,1.0,0.0,1.0,False,False,0.23154081117400002,False,0.420833333333,False,0.494019533802,AdaBoost
1.0,1.0,2.0,1.0,False,False,0.326097872795,False,0.290384615385,False,0.39295232658,AdaBoost
4.0,1.0,0.0,3.0,False,True,0.582322102368,False,0.0,False,0.198414560139,AdaBoost
2.0,3.0,0.0,1.0,False,False,0.29990981768,False,0.34038461538500003,True,0.501677931337,AdaBoost
1.0,1.0,0.0,1.0,False,False,0.146068434358,False,0.135169341278,False,0.491032676611,AdaBoost
1.0,0.0,0.0,2.0,False,False,0.100570269814,False,0.0,False,0.05068725495080001,AdaBoost
1.0,3.0,1.0,1.0,False,False,0.306238730708,False,0.45,False,0.498427294576,AdaBoost
2.5276810000000003,2.614105,2.100087,3.532454,True,True,0.76593638102,True,0.9,True,0.929533351231,AdaBoost
1.0,0.0,0.0,1.0,False,False,0.08939571890339998,False,0.0262148394241,False,0.47561623795100005,AdaBoost
3.0,1.0,1.0,1.0,True,False,0.19977074006499998,False,0.0904866332498,False,0.48213780492200004,AdaBoost
1.0,3.0,1.0,2.0,False,False,0.167900745265,False,0.1,False,0.290687456851,AdaBoost
2.0,0.0,0.0,1.0,False,False,0.10026490228599999,False,0.00733333333333,False,0.0782078330193,AdaBoost
1.0,1.0,0.0,3.0,False,False,0.148708650256,False,0.0,False,0.089077351253,AdaBoost
3.0,0.0,1.0,1.0,False,False,0.154252556208,False,0.0105263157895,False,0.11819931032400001,AdaBoost
1.0,1.0,0.0,1.0,True,False,0.125574842112,False,0.10293775758300001,False,0.489062424517,AdaBoost
3.0,3.0,1.0,4.0,True,True,0.535904011711,False,0.35,False,0.453839551836,Voting
4.0,1.0,1.0,3.0,False,False,0.28042557874,False,0.0,False,0.182607758955,AdaBoost
3.0,0.0,0.0,0.0,False,False,0.106518049419,False,0.1,False,0.0790540352833,AdaBoost
3.0,0.299159,0.0,0.0,True,False,0.11008213249900001,True,0.7,True,0.621726991206,AdaBoost
3.0,2.0,0.0,1.0,False,False,0.140607435657,False,0.0896516653954,False,0.153858420261,AdaBoost
3.0,0.0,0.0,0.0,True,False,0.106518049419,False,0.1,False,0.0790540352833,AdaBoost
2.0,1.0,0.0,1.0,False,False,0.166481342641,False,0.13373015873,False,0.48455072750399997,AdaBoost
3.0,0.254924,0.0,0.0,True,False,0.109559685191,True,0.7,True,0.554944960332,AdaBoost
5.0,2.0,0.0,1.0,False,False,0.17049208621,False,0.0,False,0.176120129779,AdaBoost
2.0,0.0,0.0,2.0,False,False,0.12222682542000002,False,0.1,False,0.09544283305839998,AdaBoost
1.0,5.0,0.0,1.0,False,False,0.11467924504,False,0.0,False,0.139434203407,AdaBoost
2.0,1.0,0.0,3.0,False,False,0.178479843369,False,0.025,False,0.161439789018,AdaBoost
3.0,3.0,0.0,1.0,False,False,0.149523166691,False,0.06,False,0.188627018614,AdaBoost
2.0,0.0,0.0,3.0,False,False,0.162543097324,False,0.1,False,0.485563570611,AdaBoost
5.0,1.0,1.0,1.0,True,False,0.201967365299,False,0.04,False,0.177117003357,AdaBoost
2.0,2.0,0.0,1.0,False,False,0.15078706043600001,False,0.101904761905,False,0.48508417970299994,AdaBoost
3.0,4.0,0.0,2.0,True,True,0.5198427362470001,True,1.0,True,0.806509114117,AdaBoost
1.0,1.0,1.0,1.0,False,False,0.241983633336,False,0.398015873016,False,0.497473190564,AdaBoost
2.0,1.0,0.0,2.0,True,False,0.190325532899,False,0.236666666667,False,0.486892870946,AdaBoost
3.0,1.0,1.0,1.0,False,False,0.19977074006499998,False,0.0904866332498,False,0.48213780492200004,AdaBoost
3.0,1.0,0.0,0.0,True,False,0.118087474646,False,0.314757980487,False,0.471710049352,AdaBoost
3.0,1.0,0.0,0.0,True,False,0.118087474646,False,0.314757980487,False,0.471710049352,AdaBoost
3.0,6.0,1.0,1.0,False,True,0.540552343205,False,0.4,True,0.665251318993,RandomForest
3.0,1.068941,1.0,1.0,True,False,0.200752926686,False,0.17996031746,True,0.508406996783,AdaBoost
1.0,1.0,0.0,3.0,False,False,0.148708650256,False,0.0,False,0.089077351253,AdaBoost
1.0,8.0,0.0,1.0,False,False,0.11765133357799999,False,0.0,False,0.13725264583,AdaBoost
1.0,0.0,0.0,1.0,False,False,0.08939571890339998,False,0.0262148394241,False,0.47561623795100005,AdaBoost
2.5977040000000002,1.0,0.0,1.0,True,False,0.201844402001,True,0.5574034831319999,True,0.7310677056880001,AdaBoost
3.0,1.0,1.0,1.0,True,False,0.19977074006499998,False,0.0904866332498,False,0.48213780492200004,AdaBoost
1.985457,3.5356959999999997,0.0,2.452163,True,True,0.510664985222,False,0.4,True,0.518063305977,AdaBoost
5.0,1.0,0.43360299999999996,1.0,True,False,0.17076021278200001,True,0.5566666666669999,True,0.58388433747,AdaBoost
1.0,0.0,0.0,1.0,False,False,0.08939571890339998,False,0.0262148394241,False,0.47561623795100005,AdaBoost
4.0,3.0,0.0,2.0,False,True,0.532026852626,False,0.2,False,0.304046761559,AdaBoost
4.0,1.0,1.0,2.0,False,False,0.222346061363,False,0.13,False,0.263491254111,AdaBoost
4.0,1.0,1.0,2.0,False,False,0.222346061363,False,0.13,False,0.263491254111,AdaBoost
1.0,4.0,2.0,1.0,False,False,0.253958482015,False,0.11,False,0.0541085471275,AdaBoost
3.0,1.0,0.456462,1.0,True,False,0.22085392671700002,False,0.47688204063699996,True,0.605822061206,AdaBoost
3.0,1.519395,1.0059129999999998,2.635966,True,False,0.243256271074,True,0.7,False,0.377735172011,RandomForest
3.0,1.0,1.0,1.0,True,False,0.19977074006499998,False,0.0904866332498,False,0.48213780492200004,AdaBoost
3.0,2.0,2.0,2.0,True,False,0.339104993851,False,0.4,False,0.308420996081,AdaBoost
1.173136,1.330422,0.07308300000000001,3.723328,True,True,0.5403266232020001,True,0.8,True,0.611369859017,AdaBoost
1.0,2.0,0.0,3.0,False,False,0.494147990338,True,0.6,True,0.770484080326,Voting
1.0,2.0,1.0,3.0,True,False,0.20755143994199998,False,0.4,False,0.497250305861,AdaBoost
3.0,1.0,1.0,1.0,False,False,0.19977074006499998,False,0.0904866332498,False,0.48213780492200004,AdaBoost
3.0,1.0,0.0,1.0,True,False,0.209189323519,False,0.265734697642,False,0.493749726388,AdaBoost
1.0,1.0,0.0,3.0,False,False,0.148708650256,False,0.0,False,0.089077351253,AdaBoost
2.738177,1.665921,0.004632,1.0,True,False,0.46566638988799997,True,0.833333333333,True,0.933086768214,AdaBoost
4.673849,1.0,0.040792,1.0,True,False,0.288896839816,False,0.23702380952399998,True,0.522616837953,AdaBoost
3.0,1.0,0.0,1.0,False,False,0.209189323519,False,0.265734697642,False,0.493749726388,AdaBoost
1.0,1.0,0.0,1.0,True,False,0.125574842112,False,0.10293775758300001,False,0.489062424517,AdaBoost
2.0,0.0,0.0,1.0,False,False,0.10026490228599999,False,0.00733333333333,False,0.0782078330193,AdaBoost
2.0,0.0,0.0,1.0,False,False,0.10026490228599999,False,0.00733333333333,False,0.0782078330193,AdaBoost
2.0,0.0,0.0,1.0,False,False,0.10026490228599999,False,0.00733333333333,False,0.0782078330193,AdaBoost
2.0,0.0,0.0,1.0,False,False,0.10026490228599999,False,0.00733333333333,False,0.0782078330193,AdaBoost
2.0,0.0,0.0,1.0,False,False,0.10026490228599999,False,0.00733333333333,False,0.0782078330193,AdaBoost
2.0,0.0,0.0,1.0,False,False,0.10026490228599999,False,0.00733333333333,False,0.0782078330193,AdaBoost
2.0,0.0,0.0,1.0,False,False,0.10026490228599999,False,0.00733333333333,False,0.0782078330193,AdaBoost
2.0,0.0,0.0,1.0,False,False,0.10026490228599999,False,0.00733333333333,False,0.0782078330193,AdaBoost
2.0,0.0,0.0,1.0,False,False,0.10026490228599999,False,0.00733333333333,False,0.0782078330193,AdaBoost
2.0,0.0,0.0,1.0,False,False,0.10026490228599999,False,0.00733333333333,False,0.0782078330193,AdaBoost
2.0,0.0,0.0,1.0,False,False,0.10026490228599999,False,0.00733333333333,False,0.0782078330193,AdaBoost
2.0,0.0,0.0,1.0,False,False,0.10026490228599999,False,0.00733333333333,False,0.0782078330193,AdaBoost
1.0,1.0,1.0,3.0,False,False,0.192791906904,False,0.367613636364,True,0.512603244002,AdaBoost
1.0,1.0,0.0,3.0,False,False,0.146419322324,False,0.0,False,0.0835187900795,AdaBoost
5.0,1.0,0.0,1.0,False,False,0.35551635165299994,False,0.29404761904800003,True,0.500149348769,AdaBoost
2.26157,1.0,0.0,2.0,True,False,0.48051602271300003,True,0.805555555556,True,0.776561989658,AdaBoost
3.0,0.0,0.0,0.0,False,False,0.28400781958099997,True,0.578095238095,False,0.49735218572800005,AdaBoost
1.0,7.0,0.0,1.0,False,False,0.430909285811,True,1.0,True,0.9855626660340001,Voting
1.0,7.0,0.0,1.0,False,False,0.430909285811,True,1.0,True,0.9855626660340001,Voting
2.0,1.0,0.0,1.0,True,False,0.11546064132400001,False,0.0,False,0.019139947088400003,AdaBoost
4.0,1.0,1.0,3.0,False,False,0.309213486074,False,0.2,False,0.157425729177,AdaBoost
2.0,2.0,0.0,1.0,False,False,0.160468352644,False,0.175503663004,False,0.48602001123800004,AdaBoost
1.0,5.0,0.0,1.0,False,False,0.10272493704600001,False,0.0,False,0.193930782648,AdaBoost
1.0,7.0,0.0,1.0,False,False,0.430909285811,True,1.0,True,0.9855626660340001,Voting
1.0,3.0,1.0,1.0,True,False,0.21937939860199998,False,0.1,False,0.491475842104,AdaBoost
4.0,1.0,1.0,1.0,True,True,0.548629810224,True,0.725,True,0.822146333539,AdaBoost
3.0,1.0,0.0,1.0,True,False,0.215368705044,False,0.18101571802799998,False,0.493133354635,AdaBoost
1.165251,3.507281,0.0,1.152488,True,False,0.442833546537,False,0.5,True,0.510355690015,AdaBoost
4.0,1.0,0.0,1.0,False,False,0.166268367479,False,0.0,False,0.0945408285273,AdaBoost
1.0,7.0,0.0,1.0,False,False,0.430909285811,True,1.0,True,0.9855626660340001,Voting
3.0,1.0,0.0,1.0,False,False,0.215368705044,False,0.18101571802799998,False,0.493133354635,AdaBoost
4.0,1.0,0.0,1.0,False,False,0.166268367479,False,0.0,False,0.0945408285273,AdaBoost
2.0,0.0,1.0,1.0,False,False,0.14082339867000002,False,0.0,False,0.10162251238600001,AdaBoost
1.0,2.0,1.0,4.0,True,False,0.4472669342600001,False,0.35,True,0.564696982593,AdaBoost
1.0,1.0,0.0,1.0,False,False,0.13608656316099998,False,0.09704425975099999,False,0.49031574051700005,AdaBoost
3.0,0.0,0.0,2.0,False,False,0.155122455908,False,0.0422222222222,False,0.104362787619,AdaBoost
3.0,0.0,0.0,1.0,False,False,0.224479411336,False,0.24458513708500002,False,0.495939261533,AdaBoost
2.815618,1.743412,0.0,0.19606800000000002,True,False,0.465886457916,True,0.8,True,0.8398604299760001,AdaBoost
3.0,1.0,1.0,1.0,True,False,0.269210132575,False,0.23658645276299997,False,0.494094244466,AdaBoost
2.0,2.0,0.0,1.0,False,False,0.160468352644,False,0.175503663004,False,0.48602001123800004,AdaBoost
3.0,1.0,0.0,1.0,False,False,0.215368705044,False,0.18101571802799998,False,0.493133354635,AdaBoost
1.0,6.809062,0.0,1.0,True,False,0.431514744943,True,0.8375,True,0.781691390252,AdaBoost
1.0,1.0,1.0,1.0,False,False,0.24354281321600002,False,0.306462842713,False,0.49636008619499994,AdaBoost
0.0,0.0,0.0,1.0,False,False,0.06253472419940001,False,0.0,False,0.07990141001380001,AdaBoost
0.0,0.0,0.0,1.0,False,False,0.06253472419940001,False,0.0,False,0.07990141001380001,AdaBoost
2.0,1.0,1.0,4.0,True,True,0.6476268501510001,False,0.4,True,0.735438996556,AdaBoost
0.0,1.0,1.0,1.0,False,False,0.214283582678,False,0.18830808080800002,False,0.319189042681,AdaBoost
1.0,1.0,1.0,3.0,False,False,0.192791906904,False,0.367613636364,True,0.512603244002,AdaBoost
1.0,0.0,0.0,1.0,False,False,0.0899215932409,False,0.023616869246200003,False,0.478705457276,AdaBoost
1.0,1.0,0.0,1.0,False,False,0.13608656316099998,False,0.09704425975099999,False,0.49031574051700005,AdaBoost
3.0,0.0,1.0,1.0,False,False,0.17066836762,False,0.0,False,0.112640342645,AdaBoost
1.0,4.0,0.0,1.0,False,False,0.103150074374,False,0.0,False,0.155933347662,AdaBoost
4.0,1.0,0.0,1.0,False,False,0.166268367479,False,0.0,False,0.0945408285273,AdaBoost
3.0,1.0,0.0,2.0,False,False,0.23564282351,False,0.156666666667,False,0.48910056221299997,AdaBoost
3.0,2.0,1.0,1.0,False,False,0.19726077380100002,False,0.0,False,0.159404593501,AdaBoost
1.0,1.0,0.540381,1.0,True,False,0.436119462347,True,0.698015873016,True,0.652502329418,AdaBoost
4.0,3.0,0.0,1.0,False,False,0.18312988640099997,False,0.0,False,0.146135890073,AdaBoost
1.0,0.0,0.0,1.0,False,False,0.0899215932409,False,0.023616869246200003,False,0.478705457276,AdaBoost
1.0,0.0,0.0,2.0,False,False,0.100703602821,False,0.0,False,0.05538503713119999,AdaBoost
4.0,4.0,0.0,1.0,True,False,0.185531637036,False,0.1,False,0.185027022006,AdaBoost
2.0,0.0,0.0,2.0,False,False,0.127466090452,False,0.0,False,0.106765619728,AdaBoost
3.0,1.0,0.0,1.0,True,False,0.215368705044,False,0.18101571802799998,False,0.493133354635,AdaBoost
1.0,7.0,0.0,1.0,True,False,0.430909285811,True,1.0,True,0.9855626660340001,AdaBoost
4.0,1.0,1.0,1.0,False,True,0.548629810224,True,0.725,True,0.822146333539,AdaBoost
1.166907,1.0,0.0,1.0,True,False,0.427958818063,False,0.380695053402,True,0.523159133396,AdaBoost
1.0,4.0,0.0,1.0,False,False,0.103150074374,False,0.0,False,0.155933347662,AdaBoost
3.0,0.580523,0.0,0.483253,True,False,0.461857658953,True,1.0,True,0.999970313456,AdaBoost
2.0,2.0,0.0,1.0,False,False,0.160468352644,False,0.175503663004,False,0.48602001123800004,AdaBoost
1.14742,1.6960950000000001,0.0,0.033993999999999996,True,False,0.422991930628,False,0.321052631579,True,0.533101676377,AdaBoost
0.0,0.0,0.0,1.0,False,False,0.06253472419940001,False,0.0,False,0.07990141001380001,AdaBoost
1.6793169999999997,3.7829339999999996,0.0,1.340817,True,False,0.461442526274,True,0.85,True,0.5852557265439999,AdaBoost
3.0,1.0,1.0,1.0,False,False,0.269210132575,False,0.23658645276299997,False,0.494094244466,AdaBoost
3.0,1.0,0.0,1.0,False,False,0.215368705044,False,0.18101571802799998,False,0.493133354635,AdaBoost
1.0,1.0,0.0,1.0,False,False,0.13608656316099998,False,0.09704425975099999,False,0.49031574051700005,AdaBoost
1.0,0.0,0.0,1.0,False,False,0.0899215932409,False,0.023616869246200003,False,0.478705457276,AdaBoost
3.0,1.0,1.0,1.0,False,False,0.269210132575,False,0.23658645276299997,False,0.494094244466,AdaBoost
1.0,1.0,0.0,1.0,False,False,0.13608656316099998,False,0.09704425975099999,False,0.49031574051700005,AdaBoost
3.0,1.0,1.0,1.0,False,False,0.269210132575,False,0.23658645276299997,False,0.494094244466,AdaBoost
3.0,3.0,1.0,1.0,True,False,0.204134872035,False,0.1,False,0.42437180020900006,AdaBoost
1.0,1.0,0.0,1.0,False,False,0.13608656316099998,False,0.09704425975099999,False,0.49031574051700005,AdaBoost
2.0,6.0,0.0,2.0,False,False,0.484480460997,False,0.4,True,0.6386528073759999,AdaBoost
4.0,2.0,0.0,1.0,True,False,0.176624995598,False,0.0,False,0.15413546064300002,AdaBoost
1.0,3.0,0.0,2.0,False,False,0.122932518698,False,0.1,False,0.140505239007,AdaBoost
1.0,1.0,0.0,1.0,True,False,0.13608656316099998,False,0.09704425975099999,False,0.49031574051700005,AdaBoost
2.0,2.0,1.0,1.0,False,True,0.516401541538,False,0.30666666666700004,False,0.458449103594,AdaBoost
1.0,3.0,1.0,1.0,False,False,0.320611408131,True,0.609523809524,False,0.498650936688,AdaBoost
1.0,6.0,0.0,1.0,False,False,0.113576332892,False,0.1,False,0.167603428453,AdaBoost
4.0,0.0,0.0,1.0,False,False,0.166803883167,False,0.0,False,0.0779455349409,AdaBoost
1.0,1.0,0.0,1.0,False,False,0.165223240584,False,0.195415790172,False,0.491371975462,AdaBoost
1.0,2.0,0.0,1.0,False,False,0.180840340551,False,0.219576129518,False,0.49213860468500004,AdaBoost
1.0,3.0,0.0,2.0,False,False,0.140669285395,False,0.0,False,0.161501548372,AdaBoost
3.0,1.0,0.0,1.0,False,False,0.271845111365,False,0.366155377302,False,0.496982671993,AdaBoost
2.3674049999999998,1.0,0.0,1.313208,True,False,0.48456693639799997,True,0.9375,True,0.9843721534309999,AdaBoost
1.0,0.0,0.0,1.0,False,False,0.0999963733727,False,0.0,False,4.08447669294e-05,AdaBoost
1.0,5.0,0.0,1.0,False,False,0.118245818203,False,0.0,False,0.165858455367,AdaBoost
3.0,0.0,0.0,1.0,False,False,0.258472409794,False,0.288455433455,False,0.495539696328,AdaBoost
1.3371819999999999,2.444539,0.0,1.0,True,False,0.46176957275799996,True,1.0,True,0.815872575168,AdaBoost
3.0,0.0,0.0,1.0,False,False,0.258472409794,False,0.288455433455,False,0.495539696328,AdaBoost
1.0,0.0,0.0,1.0,False,False,0.0999963733727,False,0.0,False,4.08447669294e-05,AdaBoost
1.0,0.0,0.0,1.0,False,False,0.0999963733727,False,0.0,False,4.08447669294e-05,AdaBoost
1.0,0.0,0.0,1.0,False,False,0.0999963733727,False,0.0,False,4.08447669294e-05,AdaBoost
1.0,0.0,0.0,1.0,False,False,0.0999963733727,False,0.0,False,4.08447669294e-05,AdaBoost
1.0,0.0,0.0,1.0,False,False,0.0999963733727,False,0.0,False,4.08447669294e-05,AdaBoost
1.0,0.0,0.0,1.0,False,False,0.0999963733727,False,0.0,False,4.08447669294e-05,AdaBoost
1.0,0.0,0.0,1.0,False,False,0.0999963733727,False,0.0,False,4.08447669294e-05,AdaBoost
1.0,0.0,0.0,1.0,False,False,0.0999963733727,False,0.0,False,4.08447669294e-05,AdaBoost
1.0,0.0,0.0,1.0,False,False,0.0999963733727,False,0.0,False,4.08447669294e-05,AdaBoost
1.0,0.0,0.0,1.0,False,False,0.0999963733727,False,0.0,False,4.08447669294e-05,AdaBoost
1.0,0.0,0.0,1.0,False,False,0.0999963733727,False,0.0,False,4.08447669294e-05,AdaBoost
1.0,0.0,0.0,1.0,False,False,0.0999963733727,False,0.0,False,4.08447669294e-05,AdaBoost
1.0,0.0,0.0,1.0,False,False,0.0999963733727,False,0.0,False,4.08447669294e-05,AdaBoost
1.0,0.0,0.0,1.0,False,False,0.0999963733727,False,0.0,False,4.08447669294e-05,AdaBoost
1.0,0.0,0.0,1.0,False,False,0.0999963733727,False,0.0,False,4.08447669294e-05,AdaBoost
1.0,0.0,0.0,1.0,False,False,0.0999963733727,False,0.0,False,4.08447669294e-05,AdaBoost
4.0,1.0,0.0,1.0,False,False,0.181101166468,False,0.0,False,0.108393515044,AdaBoost
1.0,0.0,0.0,1.0,True,False,0.0999963733727,False,0.0,False,4.08447669294e-05,AdaBoost
1.0,1.0,1.0,1.0,True,False,0.265808744757,False,0.42,False,0.496720981537,AdaBoost
1.0,1.0,1.0,1.0,False,False,0.265808744757,False,0.42,False,0.496720981537,AdaBoost
1.0,1.0,0.0,2.0,False,False,0.195095658753,False,0.274062881563,False,0.486830347004,AdaBoost
1.0,1.0,0.0,1.0,False,False,0.165223240584,False,0.195415790172,False,0.491371975462,AdaBoost
3.0,1.0,0.0,2.0,False,False,0.252062028291,False,0.20178571428599998,False,0.491150630265,AdaBoost
1.0,0.0,0.0,1.0,False,False,0.0999963733727,False,0.0,False,4.08447669294e-05,AdaBoost
4.0,1.0,0.0,1.0,False,False,0.181101166468,False,0.0,False,0.108393515044,AdaBoost
4.0,1.0,0.0,1.0,False,False,0.181101166468,False,0.0,False,0.108393515044,AdaBoost
1.0,6.0,0.0,1.0,False,False,0.113576332892,False,0.1,False,0.167603428453,AdaBoost
1.0,1.0,1.0,1.0,False,False,0.265808744757,False,0.42,False,0.496720981537,AdaBoost
1.0,1.0,0.0,1.0,False,False,0.165223240584,False,0.195415790172,False,0.491371975462,AdaBoost
1.0,1.0,1.0,1.0,False,False,0.265808744757,False,0.42,False,0.496720981537,AdaBoost
1.0,1.0,0.0,1.0,False,False,0.165223240584,False,0.195415790172,False,0.491371975462,AdaBoost
3.0,1.0,0.0,1.0,False,False,0.271845111365,False,0.366155377302,False,0.496982671993,AdaBoost
1.0,0.0,0.0,1.0,False,False,0.0999963733727,False,0.0,False,4.08447669294e-05,AdaBoost
1.0,2.0,0.0,1.0,False,False,0.180840340551,False,0.219576129518,False,0.49213860468500004,AdaBoost
0.0,1.0,0.0,1.0,False,False,0.0842192171659,False,0.0,False,2.29050681639e-07,AdaBoost
2.0,0.0,1.0,1.0,False,False,0.158484348414,False,0.0,False,0.0713573235677,AdaBoost
1.0,2.0,1.0,1.0,False,False,0.149524648946,False,0.25,False,0.22761770434599998,AdaBoost
1.0,2.0,1.0,1.0,False,False,0.149524648946,False,0.25,False,0.22761770434599998,AdaBoost
2.0,1.0,1.0,2.0,True,True,0.532178878766,True,0.616666666667,True,0.6731735751800001,AdaBoost
1.0,5.0,0.0,1.0,False,False,0.118245818203,False,0.0,False,0.165858455367,AdaBoost
1.0,1.0,0.0,1.0,False,False,0.165223240584,False,0.195415790172,False,0.491371975462,AdaBoost
2.5815189999999997,1.850911,0.0,1.3970879999999999,True,True,0.500080631708,True,1.0,True,0.887196276867,AdaBoost
1.0,1.0,0.0,1.0,False,False,0.165223240584,False,0.195415790172,False,0.491371975462,AdaBoost
1.0,1.0,0.0,1.0,False,False,0.165223240584,False,0.195415790172,False,0.491371975462,AdaBoost
1.0,1.0,0.0,1.0,False,False,0.165223240584,False,0.195415790172,False,0.491371975462,AdaBoost
1.0,0.0,0.0,1.0,False,False,0.0999963733727,False,0.0,False,4.08447669294e-05,AdaBoost
1.0,2.0,0.0,1.0,False,False,0.180840340551,False,0.219576129518,False,0.49213860468500004,AdaBoost
3.0,1.0,0.0,1.0,False,False,0.271845111365,False,0.366155377302,False,0.496982671993,AdaBoost
1.0,0.0,0.0,1.0,False,False,0.0999963733727,False,0.0,False,4.08447669294e-05,AdaBoost
1.0,0.0,0.0,2.0,False,False,0.117377874346,False,0.0,False,0.011774670514499999,AdaBoost
1.0,6.0,0.0,1.0,True,False,0.113576332892,False,0.1,False,0.167603428453,AdaBoost
1.0,2.0,0.0,1.0,False,False,0.180840340551,False,0.219576129518,False,0.49213860468500004,AdaBoost
3.3184739999999997,1.775426,0.81577,1.0,True,False,0.20685194412500002,True,0.6,True,0.717894954808,AdaBoost
3.0,0.0,0.0,1.0,False,False,0.258472409794,False,0.288455433455,False,0.495539696328,AdaBoost
3.0,1.0,0.0,1.0,False,False,0.271845111365,False,0.366155377302,False,0.496982671993,AdaBoost
3.0,2.0,0.0,2.0,False,False,0.362478861695,True,0.705,True,0.5020016189159999,Voting
3.0,1.0,0.0,1.0,False,False,0.271845111365,False,0.366155377302,False,0.496982671993,AdaBoost
1.0,0.0,0.0,1.0,False,False,0.0999963733727,False,0.0,False,4.08447669294e-05,AdaBoost
1.0,5.0,0.0,1.0,False,False,0.12521662326,False,0.0,False,0.0582480414874,AdaBoost
1.0,5.0,0.0,1.0,False,False,0.12521662326,False,0.0,False,0.0582480414874,AdaBoost
1.0,5.0,0.0,1.0,False,False,0.12521662326,False,0.0,False,0.0582480414874,AdaBoost
3.0,1.0,0.0,1.0,False,False,0.229238663952,False,0.254599550346,False,0.494935909855,AdaBoost
2.0,3.0,1.0,1.0,False,True,0.521514035023,False,0.27803030303000004,False,0.426234250092,AdaBoost
1.0,4.0,0.0,1.0,False,False,0.123750502299,False,0.0,False,0.047982546507400005,AdaBoost
1.0,6.0,0.0,1.0,False,False,0.207599480909,False,0.166666666667,False,0.491675524286,AdaBoost
1.0,1.0,0.0,1.0,False,False,0.150740625003,False,0.11020132525200001,False,0.49034038298199994,AdaBoost
1.0,1.0,0.0,1.0,True,False,0.150740625003,False,0.11020132525200001,False,0.49034038298199994,AdaBoost
1.0,2.0,1.0,1.0,False,False,0.14722763169199998,False,0.0363636363636,False,0.132126168061,AdaBoost
1.0,0.0,0.0,2.0,False,False,0.10728860363399999,False,0.0,False,0.107253390896,AdaBoost
1.0,1.0,1.0,1.0,True,False,0.234487797518,False,0.411363636364,False,0.496719580257,AdaBoost
3.0,4.447072,1.0,1.0,True,False,0.222744697799,True,0.6,True,0.653055275239,AdaBoost
4.0,0.0,0.0,1.0,False,False,0.146198922842,False,0.0,False,0.131685809472,AdaBoost
3.0,0.721122,0.0,0.14693,True,False,0.464800209027,True,1.0,True,0.993314977806,AdaBoost
1.0,2.0,0.0,1.0,False,False,0.175912927,False,0.20316521003199997,False,0.492560363336,AdaBoost
1.0,2.0,0.0,1.0,False,False,0.175912927,False,0.20316521003199997,False,0.492560363336,AdaBoost
2.0,4.0,1.0,1.0,False,False,0.193667897824,False,0.0,False,0.0787106476768,AdaBoost
1.0,5.0,0.0,1.0,False,False,0.12521662326,False,0.0,False,0.0582480414874,AdaBoost
1.0,5.0,0.0,1.0,False,False,0.12521662326,False,0.0,False,0.0582480414874,AdaBoost
1.0,5.0,0.0,1.0,False,False,0.12521662326,False,0.0,False,0.0582480414874,AdaBoost
1.0,1.0,0.0,1.0,False,False,0.150740625003,False,0.11020132525200001,False,0.49034038298199994,AdaBoost
1.0,1.0,0.0,1.0,False,False,0.150740625003,False,0.11020132525200001,False,0.49034038298199994,AdaBoost
3.0,1.0,1.0,1.0,False,False,0.283935162488,False,0.345892857143,False,0.49427013349699994,AdaBoost
1.0,5.0,0.0,1.0,False,False,0.12521662326,False,0.0,False,0.0582480414874,AdaBoost
1.0,5.0,0.0,1.0,False,False,0.12521662326,False,0.0,False,0.0582480414874,AdaBoost
2.0,0.0,0.0,1.0,False,False,0.110474891404,False,0.0,False,0.10506288995799999,AdaBoost
2.2410509999999997,0.782704,0.0,1.0,True,False,0.46034832645900003,True,0.933333333333,True,0.794444719494,AdaBoost
3.0,1.0,1.0,1.0,False,False,0.283935162488,False,0.345892857143,False,0.49427013349699994,AdaBoost
1.0,1.0,0.0,1.0,False,False,0.150740625003,False,0.11020132525200001,False,0.49034038298199994,AdaBoost
1.0,1.0,1.0,1.0,False,False,0.234487797518,False,0.411363636364,False,0.496719580257,AdaBoost
1.0,0.0,0.0,2.0,False,False,0.10728860363399999,False,0.0,False,0.107253390896,AdaBoost
1.0,1.0,0.0,1.0,False,False,0.150740625003,False,0.11020132525200001,False,0.49034038298199994,AdaBoost
1.0,1.0,0.0,1.0,False,False,0.150740625003,False,0.11020132525200001,False,0.49034038298199994,AdaBoost
1.0,0.0,1.0,2.0,False,False,0.140973150034,False,0.0,False,0.102937633757,AdaBoost
1.0,3.0,0.0,1.0,False,False,0.1193027626,False,0.0,False,0.0933425326306,AdaBoost
1.0,5.430866,0.0,1.0,True,False,0.12505405614600001,False,0.0,False,0.0584563507474,AdaBoost
1.0,1.0,0.0,1.0,False,False,0.150740625003,False,0.11020132525200001,False,0.49034038298199994,AdaBoost
1.0,1.0,0.0,1.0,False,False,0.150740625003,False,0.11020132525200001,False,0.49034038298199994,AdaBoost
3.0,1.0,0.0,1.0,True,False,0.229238663952,False,0.254599550346,False,0.494935909855,AdaBoost
3.0,1.0,0.0,1.0,False,False,0.229238663952,False,0.254599550346,False,0.494935909855,AdaBoost
3.0,1.0,0.0,1.0,True,False,0.229238663952,False,0.254599550346,False,0.494935909855,AdaBoost
1.0,0.0,0.0,1.0,False,False,0.09750183233210001,False,0.022820602599999996,False,0.472768401869,AdaBoost
1.0,3.0,0.0,1.0,False,False,0.1193027626,False,0.0,False,0.0933425326306,AdaBoost
3.0,0.0,0.0,1.0,False,False,0.129808485339,False,0.0,False,0.128084680748,AdaBoost
3.0,0.0,0.0,1.0,False,False,0.129808485339,False,0.0,False,0.128084680748,AdaBoost
3.0,0.0,0.0,1.0,True,False,0.129808485339,False,0.0,False,0.128084680748,AdaBoost
3.0,0.0,0.0,1.0,True,False,0.129808485339,False,0.0,False,0.128084680748,AdaBoost
3.0,0.0,0.0,1.0,True,False,0.129808485339,False,0.0,False,0.128084680748,AdaBoost
3.0,0.0,0.0,1.0,True,False,0.129808485339,False,0.0,False,0.128084680748,AdaBoost
3.0,1.0,0.0,1.0,False,False,0.229238663952,False,0.254599550346,False,0.494935909855,AdaBoost
3.0,1.0,0.0,1.0,False,False,0.229238663952,False,0.254599550346,False,0.494935909855,AdaBoost
1.0,4.0,0.0,1.0,False,False,0.123750502299,False,0.0,False,0.047982546507400005,AdaBoost
1.0,4.0,0.0,1.0,False,False,0.123750502299,False,0.0,False,0.047982546507400005,AdaBoost
3.0,1.0,0.0,1.0,False,False,0.229238663952,False,0.254599550346,False,0.494935909855,AdaBoost
1.0,2.0,0.0,1.0,False,False,0.175912927,False,0.20316521003199997,False,0.492560363336,AdaBoost
1.0,1.0,0.0,1.0,True,False,0.150740625003,False,0.11020132525200001,False,0.49034038298199994,AdaBoost
1.0,5.0,0.0,1.0,False,False,0.12521662326,False,0.0,False,0.0582480414874,AdaBoost
1.0,3.0,0.0,1.0,False,False,0.1193027626,False,0.0,False,0.0933425326306,AdaBoost
1.0,1.0,0.0,1.0,False,False,0.150740625003,False,0.11020132525200001,False,0.49034038298199994,AdaBoost
1.0,1.0,0.0,1.0,False,False,0.150740625003,False,0.11020132525200001,False,0.49034038298199994,AdaBoost
1.0,0.0,0.0,1.0,False,False,0.09750183233210001,False,0.022820602599999996,False,0.472768401869,AdaBoost
1.0,0.0,0.0,1.0,False,False,0.09750183233210001,False,0.022820602599999996,False,0.472768401869,AdaBoost
1.0,1.0,0.0,1.0,False,False,0.150740625003,False,0.11020132525200001,False,0.49034038298199994,AdaBoost
1.0,1.0,0.0,1.0,False,False,0.150740625003,False,0.11020132525200001,False,0.49034038298199994,AdaBoost
1.0,2.0,0.0,1.0,False,False,0.175912927,False,0.20316521003199997,False,0.492560363336,AdaBoost
1.0,1.0,0.0,1.0,False,False,0.150740625003,False,0.11020132525200001,False,0.49034038298199994,AdaBoost
1.0,1.0,0.0,1.0,False,False,0.150740625003,False,0.11020132525200001,False,0.49034038298199994,AdaBoost
3.0,2.0,1.0,2.0,False,False,0.235644707323,False,0.2,False,0.149701987742,AdaBoost
1.0,0.0,0.0,1.0,False,False,0.09750183233210001,False,0.022820602599999996,False,0.472768401869,AdaBoost
1.0,4.0,0.0,1.0,False,False,0.123750502299,False,0.0,False,0.047982546507400005,AdaBoost
1.0,4.0,0.0,1.0,False,False,0.123750502299,False,0.0,False,0.047982546507400005,AdaBoost
1.0,4.0,0.0,1.0,False,False,0.11661768372400001,False,0.0,False,0.15250855279,AdaBoost
1.0,4.0,0.0,1.0,False,False,0.11661768372400001,False,0.0,False,0.15250855279,AdaBoost
1.0,1.0,0.0,2.0,False,False,0.120029803763,False,0.09621882086169999,False,0.16942882759199998,AdaBoost
3.0,1.0,1.0,1.0,False,False,0.28803424361499996,False,0.297350394703,False,0.494684494617,AdaBoost
1.0,1.0,0.0,2.0,False,False,0.120029803763,False,0.09621882086169999,False,0.16942882759199998,AdaBoost
1.0,1.0,0.0,2.0,False,False,0.120029803763,False,0.09621882086169999,False,0.16942882759199998,AdaBoost
1.0,2.0,0.0,1.0,False,False,0.108133203684,False,0.0,False,0.125163014072,AdaBoost
1.0,1.0,0.0,2.0,False,False,0.120029803763,False,0.09621882086169999,False,0.16942882759199998,AdaBoost
1.0,2.0,1.0,2.0,False,True,0.500013643472,False,0.1,False,0.462540858613,AdaBoost
1.0,0.0,0.0,2.0,False,False,0.108696503301,False,0.0,False,0.0858788453011,AdaBoost
2.0,1.0,0.0,2.0,False,False,0.372698197102,True,0.791666666667,True,0.506119914012,Voting
2.0,1.0,0.0,2.0,False,False,0.372698197102,True,0.791666666667,True,0.506119914012,Voting
1.0,2.0,0.0,1.0,False,False,0.108133203684,False,0.0,False,0.125163014072,AdaBoost
3.0,1.0,0.0,1.0,False,False,0.24191816704799998,False,0.23763904069800001,False,0.493781044063,AdaBoost
1.0,2.0,0.0,1.0,False,False,0.108133203684,False,0.0,False,0.125163014072,AdaBoost
2.9401919999999997,1.9552040000000002,0.0,1.0,True,False,0.160173547636,False,0.42380952381,True,0.513103157645,AdaBoost
1.0,1.0,0.0,1.0,False,False,0.150909098595,False,0.125295901537,False,0.490067102862,AdaBoost
3.0,1.0,1.0,1.0,False,False,0.28803424361499996,False,0.297350394703,False,0.494684494617,AdaBoost
1.0,4.0,1.0,1.0,False,False,0.284207698289,False,0.47825757575800004,False,0.486477014935,AdaBoost
1.0,0.0,0.0,1.0,False,False,0.0992549158436,False,0.0230450929696,False,0.475504245366,AdaBoost
1.0,2.0,1.0,2.0,False,True,0.500013643472,False,0.1,False,0.462540858613,AdaBoost
1.0,3.0,0.0,1.0,False,False,0.113699890789,False,0.0,False,0.131511218771,AdaBoost
1.0,3.0,0.0,1.0,False,False,0.113699890789,False,0.0,False,0.131511218771,AdaBoost
1.0,3.0,0.0,1.0,False,False,0.113699890789,False,0.0,False,0.131511218771,AdaBoost
1.0,1.0,0.0,1.0,False,False,0.150909098595,False,0.125295901537,False,0.490067102862,AdaBoost
2.0,2.0,0.0,1.0,True,False,0.136350769649,False,0.0,False,0.100592755043,AdaBoost
1.0,1.0,0.0,3.0,False,False,0.155582216016,False,0.0,False,0.022337644472199998,AdaBoost
1.0,3.0,0.0,1.0,False,False,0.113699890789,False,0.0,False,0.131511218771,AdaBoost
1.0,3.0,0.0,1.0,False,False,0.113699890789,False,0.0,False,0.131511218771,AdaBoost
2.0,1.0,0.0,2.0,False,False,0.372698197102,True,0.791666666667,True,0.506119914012,Voting
1.0,2.0,0.0,1.0,False,False,0.108133203684,False,0.0,False,0.125163014072,AdaBoost
1.0,1.0,0.0,2.0,True,False,0.120029803763,False,0.09621882086169999,False,0.16942882759199998,AdaBoost
1.0,2.47625,0.0,1.0,True,False,0.111106994467,False,0.4,False,0.4384827301,AdaBoost
1.0,0.0,0.0,2.0,False,False,0.108696503301,False,0.0,False,0.0858788453011,AdaBoost
1.0,4.0,0.0,1.0,False,False,0.11661768372400001,False,0.0,False,0.15250855279,AdaBoost
1.0,2.0,0.0,1.0,False,False,0.108133203684,False,0.0,False,0.125163014072,AdaBoost
1.0,2.0,0.0,1.0,True,False,0.108133203684,False,0.0,False,0.125163014072,AdaBoost
1.0,2.0,0.0,1.0,False,False,0.108133203684,False,0.0,False,0.125163014072,AdaBoost
1.0,2.0,0.0,1.0,False,False,0.108133203684,False,0.0,False,0.125163014072,AdaBoost
1.0,2.0,0.0,1.0,True,False,0.108133203684,False,0.0,False,0.125163014072,AdaBoost
1.0,2.0,0.0,1.0,False,False,0.108133203684,False,0.0,False,0.125163014072,AdaBoost
1.0,0.0,0.0,1.0,False,False,0.0992549158436,False,0.0230450929696,False,0.475504245366,AdaBoost
1.0,5.0,0.0,1.0,False,False,0.11701978965399999,False,0.0,False,0.17967821752000002,AdaBoost
1.0,2.0,0.0,1.0,True,False,0.108133203684,False,0.0,False,0.125163014072,AdaBoost
1.0,1.0,0.0,1.0,False,False,0.150909098595,False,0.125295901537,False,0.490067102862,AdaBoost
1.0,2.0,0.0,2.0,False,False,0.129225226625,False,0.0,False,0.153729944509,AdaBoost
1.0,0.0,0.0,1.0,False,False,0.0992549158436,False,0.0230450929696,False,0.475504245366,AdaBoost
0.0,0.0,0.0,1.0,False,False,0.0679351864934,False,0.0,False,0.0029440498642700004,AdaBoost
1.0,0.0,0.0,1.0,False,False,0.0992549158436,False,0.0230450929696,False,0.475504245366,AdaBoost
1.0,3.0,0.0,1.0,False,False,0.113699890789,False,0.0,False,0.131511218771,AdaBoost
1.0,0.0,0.0,1.0,False,False,0.0992549158436,False,0.0230450929696,False,0.475504245366,AdaBoost
1.0,0.0,0.0,1.0,False,False,0.0992549158436,False,0.0230450929696,False,0.475504245366,AdaBoost
1.0,0.0,0.0,1.0,False,False,0.0992549158436,False,0.0230450929696,False,0.475504245366,AdaBoost
1.151237,1.0,0.973519,1.421157,True,False,0.47656182117,True,0.933333333333,True,0.8437536807539999,AdaBoost
1.0,1.750393,0.0,1.0,True,False,0.106353323745,False,0.118367346939,False,0.427619015303,AdaBoost
1.0,3.0,0.0,1.0,False,False,0.113699890789,False,0.0,False,0.131511218771,AdaBoost
2.0,1.0,0.0,2.0,False,False,0.372698197102,True,0.791666666667,True,0.506119914012,Voting
1.0,4.0,0.0,2.0,False,False,0.138840260901,False,0.2,False,0.47448546553300003,AdaBoost
1.0,4.0,0.0,1.0,False,False,0.11661768372400001,False,0.0,False,0.15250855279,AdaBoost
1.0,0.0,0.0,1.0,False,False,0.0992549158436,False,0.0230450929696,False,0.475504245366,AdaBoost
1.0,2.0,0.0,1.0,True,False,0.108133203684,False,0.0,False,0.125163014072,AdaBoost
1.0,0.0,0.0,1.0,False,False,0.0992549158436,False,0.0230450929696,False,0.475504245366,AdaBoost
1.0,0.0,0.0,1.0,False,False,0.0992549158436,False,0.0230450929696,False,0.475504245366,AdaBoost
1.0,4.0,0.0,1.0,False,False,0.11661768372400001,False,0.0,False,0.15250855279,AdaBoost
1.0,2.0,0.0,1.0,True,False,0.108133203684,False,0.0,False,0.125163014072,AdaBoost
1.0,1.083249,0.641304,1.0,True,False,0.449695730357,True,0.8626984126980001,True,0.877803201324,AdaBoost
1.0,2.0,0.0,1.0,False,False,0.108133203684,False,0.0,False,0.125163014072,AdaBoost
1.0,2.0,0.0,1.0,False,False,0.108133203684,False,0.0,False,0.125163014072,AdaBoost
1.0,2.0,0.0,1.0,False,False,0.108133203684,False,0.0,False,0.125163014072,AdaBoost
1.0,2.0,0.0,1.0,False,False,0.108133203684,False,0.0,False,0.125163014072,AdaBoost
1.0,2.0,0.0,1.0,False,False,0.108133203684,False,0.0,False,0.125163014072,AdaBoost
1.0,1.0,0.0,1.0,False,False,0.150909098595,False,0.125295901537,False,0.490067102862,AdaBoost
