dit,cbo,lcom,ce,lcom3,loc,moa,ic,cbm,max_cc,buggy,Voting_Prediction,Voting_Pred_Prob,RandomForest_Prediction,RandomForest_Pred_Prob,AdaBoost_Prediction,AdaBoost_Pred_Prob
1.0,10.0,110.0,1.0,0.877193,204.0,0.0,1.0,1.0,12.0,False,True,0.522524109194,False,0.35,False,0.467867128017
1.123995,14.022834,2.719335,18.624147,1.295006,297.767808,1.152497,0.272419,2.03804,5.0,True,True,0.750162795441,True,1.0,True,0.692830849429
1.61201,12.671104,0.266035,12.516443,0.273163,241.520464,1.582393,0.417445,0.623365,8.284708,True,True,0.696439633965,True,0.96,False,0.446967252096
2.0,5.0,1.0,4.0,2.0,76.0,0.0,2.0,2.0,5.0,False,True,0.825351661027,True,0.6,False,0.484983680396
1.0,11.078337,104.744584,15.217128,0.869199,283.176365,1.0,0.406897,0.172513,4.438317,True,True,0.962248958805,True,0.616666666667,True,0.540444491469
2.0,9.508943,75.087365,11.834828,2.0,100.516574,0.0,0.579681,0.356349,1.0,True,True,0.899270951163,True,0.9,True,0.788789898813
1.0,12.331817,20.464406,3.733694,0.775492,250.1651,0.0,0.37503,0.955093,6.74261,True,True,0.550804691886,True,0.675,True,0.528629263633
1.0,11.358265,136.289567,3.0,0.82282,307.864502,1.210963,1.0,1.0,7.0,True,True,0.737474488832,False,0.45,True,0.58924584577
1.0,5.0,0.0,4.0,0.775,254.0,1.0,0.0,0.0,3.0,True,False,0.433488002987,False,0.233333333333,False,0.460933610541
1.0,5.0,0.0,4.0,0.775,254.0,1.0,0.0,0.0,3.0,False,False,0.433488002987,False,0.233333333333,False,0.460933610541
1.0,5.0,0.0,4.0,0.775,254.0,1.0,0.0,0.0,3.0,False,False,0.433488002987,False,0.233333333333,False,0.460933610541
2.0,13.0,9.0,13.0,1.0625,366.0,4.0,1.0,1.0,4.0,False,True,0.601128751126,True,0.66,False,0.281472948934
1.0,17.0,10.0,16.0,0.730159,525.0,3.0,0.0,0.0,3.0,False,True,0.923145641678,False,0.5,True,0.546760012246
2.0,7.0,1.0,7.0,1.0,125.0,0.0,0.0,0.0,1.0,False,False,0.0725286808165,False,0.0,False,0.0764480553024
2.0,7.0,1.0,7.0,1.0,125.0,0.0,0.0,0.0,1.0,False,False,0.0725286808165,False,0.0,False,0.0764480553024
2.0,2.0,11.0,1.0,0.8,105.0,4.0,1.0,1.0,3.0,False,False,0.157078302419,False,0.2,False,0.316814722195
2.0,2.0,11.0,1.0,0.8,105.0,4.0,1.0,1.0,3.0,False,False,0.157078302419,False,0.2,False,0.316814722195
2.0,2.0,11.0,1.0,0.8,105.0,4.0,1.0,1.0,3.0,False,False,0.157078302419,False,0.2,False,0.316814722195
2.0,2.0,11.0,1.0,0.8,105.0,4.0,1.0,1.0,3.0,False,False,0.157078302419,False,0.2,False,0.316814722195
2.0,2.0,11.0,1.0,0.8,105.0,4.0,1.0,1.0,3.0,False,False,0.157078302419,False,0.2,False,0.316814722195
2.0,2.0,11.0,1.0,0.8,105.0,4.0,1.0,1.0,3.0,False,False,0.157078302419,False,0.2,False,0.316814722195
1.868746,6.884759,64.665812,7.554501,1.961304,109.404774,0.179739,0.943392,0.50594,6.287048,True,True,0.893551749951,True,0.9,True,0.636761884751
1.0,7.798957,13.237673,4.084525,0.746574,254.996454,0.832574,0.0,0.0,4.545286,True,False,0.452650969947,False,0.4,True,0.586448009096
3.0,2.0,1.0,2.0,2.0,70.0,0.0,1.0,2.0,3.0,False,False,0.473174353419,True,0.6,False,0.431169354346
1.0,2.568942,0.332788,0.203978,0.698124,146.282609,0.459619,1.0,1.0,11.17526,True,False,0.34452216158,False,0.45,False,0.301529542118
2.0,21.122346,0.522366,10.151,0.935763,268.33504,1.0,1.0,1.917117,5.089805,True,True,0.539666290019,True,0.8,True,0.599036216146
1.0,9.899137,9.998431,6.578381,0.667018,239.353098,0.774978,0.0,0.0,3.017521,True,False,0.444896780036,False,0.2,False,0.453498467983
2.0,5.0,1.0,4.0,2.0,81.0,0.0,1.0,2.0,2.0,False,False,0.489712987769,True,0.7,False,0.465921082678
1.921776,15.402782,3.589086,8.157134,1.266674,280.225758,1.0,0.812469,0.072401,5.0,True,True,0.850501106771,True,1.0,True,0.743242764666
1.0,16.29938,5.13995,6.812416,0.769935,254.985779,0.052808,0.0,0.0,4.806038,True,False,0.492517825805,False,0.5,True,0.547062232518
1.304236,9.282057,0.279228,10.683561,1.019745,243.200986,1.0,0.525791,0.258992,6.211912,True,True,0.714368880233,True,0.9,True,0.775215223356
1.0,5.0,11.0,4.0,0.6,169.0,0.0,0.0,0.0,4.0,False,False,0.0512872877103,False,0.0,False,0.0957386251275
1.0,20.0,0.0,4.0,0.0,43.0,0.0,0.0,0.0,1.0,False,False,0.0182500415373,False,0.0,False,0.227783670317
1.096274,20.58259,7.806214,17.975495,1.18392,400.686127,0.724844,0.163108,2.127547,7.671432,True,True,0.741216121119,True,0.9,True,0.755156601359
1.403066,11.215423,64.637291,2.198388,1.550139,150.376225,0.836129,0.194894,0.492179,5.226013,True,True,0.701515560326,True,1.0,True,0.864211744797
1.0,17.0,10.0,16.0,0.732143,495.0,3.0,0.0,0.0,3.0,False,True,0.912489682049,True,0.6,True,0.561695251291
1.0,17.0,10.0,16.0,0.732143,495.0,3.0,0.0,0.0,3.0,True,True,0.912489682049,True,0.6,True,0.561695251291
1.093506,24.0,11.593034,23.403397,0.650722,330.632735,1.0,0.872753,0.373597,3.911687,True,True,0.943899475671,True,0.733333333333,True,0.534662675121
1.813298,20.577663,2.812951,17.627724,0.683045,255.887745,0.445818,0.161886,0.362943,5.0,True,True,0.752323418169,True,0.86,True,0.556810312528
1.17143,11.750223,72.482315,11.888885,1.582096,116.817184,0.137446,0.497676,0.761524,1.568286,True,True,0.844572890965,True,0.8,True,0.82054626584
1.08841,0.907054,2.986652,3.737145,1.571187,38.918377,0.0,0.608501,0.488236,0.403636,True,False,0.446343885433,True,0.9,True,0.762434754453
3.0,8.0,10.0,8.0,1.25,135.0,0.0,2.0,2.0,1.0,False,True,0.571034778076,False,0.2,False,0.308473463852
3.0,8.0,10.0,8.0,1.25,135.0,0.0,2.0,2.0,1.0,False,True,0.571034778076,False,0.2,False,0.308473463852
3.0,8.0,10.0,8.0,1.25,135.0,0.0,2.0,2.0,1.0,False,True,0.571034778076,False,0.2,False,0.308473463852
1.0,22.0,76.0,2.0,0.783333,171.0,2.0,1.0,1.0,7.0,False,True,0.822647010101,True,0.6,True,0.618932000618
2.0,6.0,51.0,5.0,0.836735,183.0,0.0,2.0,2.0,3.0,False,True,0.586816159514,False,0.171428571429,False,0.359468103308
2.0,6.0,51.0,5.0,0.836735,183.0,0.0,2.0,2.0,3.0,False,True,0.586816159514,False,0.171428571429,False,0.359468103308
1.0,11.0,21.0,11.0,0.8,190.0,4.0,0.0,0.0,3.0,False,False,0.165254338889,False,0.1,False,0.302734041175
1.0,11.0,21.0,11.0,0.8,190.0,4.0,0.0,0.0,3.0,False,False,0.165254338889,False,0.1,False,0.302734041175
1.0,17.916033,24.682279,13.014612,1.100797,430.380585,1.0,0.0,0.0,3.298616,True,True,0.883407982139,True,0.7,True,0.605064861672
1.0,23.0,36.0,9.0,2.0,207.0,0.0,0.0,0.0,7.0,False,False,0.425872332542,False,0.0,False,0.123718416568
2.0,7.0,91.0,7.0,2.0,53.0,0.0,1.0,4.0,1.0,False,False,0.422385570003,False,0.266862581863,True,0.507277333865
2.0,7.0,91.0,7.0,2.0,54.0,0.0,1.0,4.0,1.0,False,False,0.422745918461,False,0.266862581863,True,0.507968555454
2.0,7.0,91.0,7.0,2.0,54.0,0.0,1.0,4.0,1.0,False,False,0.422745918461,False,0.266862581863,True,0.507968555454
2.0,8.0,91.0,8.0,2.0,86.0,0.0,1.0,4.0,1.0,False,False,0.472413728823,False,0.313291153291,True,0.532993479339
1.0,21.0,95.0,5.0,0.909091,235.0,3.0,1.0,1.0,7.0,False,True,0.914055536595,True,0.6,True,0.602180758062
1.0,17.100261,25.212195,14.665287,0.785207,531.652594,3.0,0.0,0.0,5.698866,True,True,0.923429818991,True,0.8,True,0.626617766497
1.0,18.0,143.0,3.0,0.850649,309.0,2.0,1.0,1.0,7.0,False,True,0.962102974837,True,0.716666666667,True,0.647261559927
1.0,18.0,143.0,3.0,0.850649,309.0,2.0,1.0,1.0,7.0,True,True,0.962102974837,True,0.716666666667,True,0.647261559927
1.0,20.0,36.0,1.0,0.795455,122.0,1.0,1.0,1.0,7.0,False,True,0.543924129734,False,0.4,True,0.509215575523
1.0,12.0,25.0,11.0,0.714286,411.0,0.0,0.0,0.0,5.0,False,True,0.793522566144,False,0.3,False,0.33953909562
1.0,12.0,25.0,11.0,0.714286,411.0,0.0,0.0,0.0,5.0,False,True,0.793522566144,False,0.3,False,0.33953909562
1.0,22.0,36.0,9.0,2.0,207.0,0.0,0.0,0.0,7.0,False,False,0.487061478178,False,0.0,False,0.133314498297
1.0,3.0,1.0,3.0,1.0,26.0,1.0,0.0,0.0,0.0,False,False,0.373951164605,True,0.6,False,0.426464446043
1.0,3.0,1.0,3.0,1.0,26.0,1.0,0.0,0.0,0.0,False,False,0.373951164605,True,0.6,False,0.426464446043
1.0,3.0,1.0,3.0,1.0,26.0,1.0,0.0,0.0,0.0,False,False,0.373951164605,True,0.6,False,0.426464446043
2.0,7.0,1.0,7.0,1.0,110.0,0.0,0.0,0.0,1.0,False,False,0.0785943448535,False,0.0,False,0.0738406318718
2.0,14.0,91.0,14.0,2.0,135.0,0.0,0.0,0.0,1.0,False,True,0.832217855683,True,0.783333333333,True,0.741332914485
2.0,22.0,13.0,21.0,0.6,157.0,0.0,1.0,3.0,4.0,False,False,0.426775745504,False,0.225,False,0.274578183952
2.0,22.0,13.0,21.0,0.6,157.0,0.0,1.0,3.0,4.0,False,False,0.426775745504,False,0.225,False,0.274578183952
2.0,22.0,13.0,21.0,0.6,157.0,0.0,1.0,3.0,4.0,False,False,0.426775745504,False,0.225,False,0.274578183952
1.0,7.0,31.0,7.0,0.775,285.0,0.0,0.0,0.0,7.0,False,True,0.772962092248,False,0.0,False,0.493389821644
1.0,9.74068,128.355023,3.0,0.820973,275.080621,1.550043,1.0,1.0,7.0,True,True,0.911900786758,True,0.75,True,0.705548199567
1.0,7.0,31.0,7.0,0.775,297.0,0.0,0.0,0.0,7.0,False,True,0.788298204984,False,0.0,False,0.488421433656
1.0,7.0,31.0,7.0,0.775,297.0,0.0,0.0,0.0,7.0,False,True,0.788298204984,False,0.0,False,0.488421433656
1.873177,24.0,11.351007,23.862029,0.916311,295.19026,1.0,0.113396,2.087125,3.695841,True,False,0.441585696938,True,0.6,True,0.607203815736
2.0,11.0,1.0,11.0,1.0,243.0,1.0,2.0,2.0,4.0,False,True,0.825325341523,True,0.7,True,0.529553562656
1.0,7.0,0.0,1.0,0.85,190.0,0.0,0.0,0.0,5.0,False,False,0.0949139047298,False,0.0,False,0.259990923724
1.0,13.0,13.0,13.0,1.0,226.0,1.0,0.0,0.0,1.0,False,False,0.344555635419,False,0.2,False,0.339117092801
1.0,13.0,13.0,13.0,1.0,226.0,1.0,0.0,0.0,1.0,False,False,0.344555635419,False,0.2,False,0.339117092801
1.0,19.0,18.0,7.0,0.727273,255.0,0.0,0.0,0.0,5.0,True,True,0.691954309627,False,0.5,True,0.504893279779
1.0,4.0,0.0,3.0,0.0,78.0,0.0,0.0,0.0,3.0,False,False,0.0335738277501,False,0.0,False,0.0666655245566
1.0,4.0,0.0,3.0,0.0,78.0,0.0,0.0,0.0,3.0,False,False,0.0335738277501,False,0.0,False,0.0666655245566
1.0,4.0,0.0,3.0,0.0,78.0,0.0,0.0,0.0,3.0,False,False,0.0335738277501,False,0.0,False,0.0666655245566
1.0,5.0,0.0,1.0,0.85,190.0,0.0,0.0,0.0,5.0,False,False,0.0962120395466,False,0.0,False,0.156588600343
1.0,13.0,13.0,13.0,1.0,226.0,1.0,0.0,0.0,1.0,False,False,0.344555635419,False,0.2,False,0.339117092801
1.0,9.0,4.0,8.0,1.308642,300.0,2.0,0.0,0.0,5.0,True,False,0.277333853702,False,0.2,False,0.433709270595
1.0,10.0,0.0,7.0,0.652778,298.0,1.0,0.0,0.0,6.0,False,False,0.340698990792,False,0.2,True,0.527245461357
1.0,14.0,0.0,3.0,0.45,141.0,2.0,0.0,0.0,2.0,False,False,0.026331861703,False,0.0,False,0.114094069906
1.444033,18.398594,40.964593,21.12149,1.023273,375.079378,1.0,0.733583,2.312486,4.884178,True,True,0.913532714749,True,0.833333333333,True,0.72856023573
1.0,24.0,13.0,24.0,1.075758,337.0,1.0,0.0,0.0,3.0,True,True,0.590620285448,False,0.3,True,0.545556878849
1.0,24.0,13.0,24.0,1.075758,337.0,1.0,0.0,0.0,3.0,False,True,0.590620285448,False,0.3,True,0.545556878849
1.0,18.0,18.0,7.0,0.727273,255.0,0.0,0.0,0.0,5.0,False,True,0.682264428482,False,0.4,True,0.511659627965
1.946781,8.246397,64.64915,5.856688,1.375754,144.543311,0.010901,0.097204,0.806554,5.692989,True,True,0.674282431191,True,0.9,True,0.564289168551
1.0,5.0,36.0,1.0,0.727273,342.0,0.0,0.0,0.0,4.0,False,False,0.319957994097,False,0.15,False,0.391460405483
1.0,5.0,36.0,1.0,0.727273,342.0,0.0,0.0,0.0,4.0,False,False,0.319957994097,False,0.15,False,0.391460405483
2.0,21.288879,19.018449,8.390516,1.025777,108.587255,0.244754,0.100403,0.383174,3.0,True,True,0.616159273886,False,0.5,True,0.545785922204
1.0,6.0,36.0,1.0,0.727273,342.0,0.0,0.0,0.0,4.0,False,False,0.319977853567,False,0.128571428571,False,0.338829066061
1.644552,6.744027,17.117508,5.518564,2.0,25.792618,0.0,0.0,0.0,1.0,True,False,0.427500156622,False,0.4,True,0.534774088575
1.214555,17.569415,2.247929,18.61427,1.189958,288.023948,1.0,0.73085,0.666227,5.0,True,True,0.919307358901,True,1.0,True,0.764912836054
1.0,20.0,16.0,2.0,0.525,112.0,1.0,0.0,0.0,2.0,False,False,0.100912987858,False,0.0,False,0.106688841415
1.0,9.0,3.0,8.0,2.0,75.0,0.0,0.0,0.0,1.0,False,False,0.131181746499,False,0.0,False,0.181739133939
1.0,12.0,4.0,12.0,1.083333,271.0,0.0,0.0,0.0,9.0,False,True,0.856022470879,False,0.5,True,0.554175200374
1.0,12.0,4.0,12.0,1.083333,271.0,0.0,0.0,0.0,9.0,False,True,0.856022470879,False,0.5,True,0.554175200374
2.0,18.97843,0.578346,12.024075,1.0503,254.548077,1.0,1.0,1.814597,6.84436,True,True,0.768748333536,True,1.0,True,0.750993492552
2.0,9.557025,71.797462,9.776393,2.0,86.842668,0.0,0.382822,2.811076,1.0,True,True,0.595740220151,True,0.925,True,0.812250220603
1.0,5.0,10.0,5.0,2.0,163.0,0.0,0.0,0.0,3.0,False,False,0.165058678237,False,0.0,False,0.067929495356
1.0,5.0,10.0,5.0,2.0,163.0,0.0,0.0,0.0,3.0,False,False,0.165058678237,False,0.0,False,0.067929495356
1.0,22.0,3.0,7.0,0.533333,186.0,0.0,0.0,0.0,4.0,False,False,0.272857599288,False,0.0,False,0.0757705098332
1.092191,20.20668,3.623582,15.784932,1.177743,278.666178,1.0,0.827044,0.835038,5.0,True,True,0.881667632111,True,0.9,True,0.796685325904
1.0,17.0,18.0,7.0,0.727273,253.0,0.0,0.0,0.0,5.0,False,True,0.668988408582,False,0.4,True,0.509674895177
1.0,20.307447,33.979945,21.788299,1.076247,349.653103,1.0,0.0,0.0,3.0,True,True,0.605405220359,False,0.3,True,0.558735648793
3.0,3.0,1.0,1.0,1.0,15.0,0.0,0.0,0.0,1.0,False,False,0.0205792675536,False,0.3,False,0.277899332918
3.0,3.0,1.0,1.0,1.0,15.0,0.0,0.0,0.0,1.0,False,False,0.0205792675536,False,0.3,False,0.277899332918
3.0,3.0,1.0,1.0,1.0,15.0,0.0,0.0,0.0,1.0,False,False,0.0205792675536,False,0.3,False,0.277899332918
1.0,9.0,4.0,8.0,1.307692,299.0,1.0,0.0,0.0,5.0,True,False,0.382115125055,False,0.3,False,0.419103061597
2.0,23.0,6.0,22.0,0.761905,413.0,1.0,1.0,3.0,6.0,True,True,0.845643036763,True,0.791666666667,True,0.571089567208
2.0,23.0,6.0,22.0,0.761905,413.0,1.0,1.0,3.0,6.0,False,True,0.845643036763,True,0.791666666667,True,0.571089567208
2.0,23.0,6.0,22.0,0.761905,413.0,1.0,1.0,3.0,6.0,False,True,0.845643036763,True,0.791666666667,True,0.571089567208
2.0,20.0,18.0,19.0,0.785714,360.0,0.0,1.0,3.0,6.0,False,True,0.844617949918,True,0.808333333333,True,0.532347871594
2.0,20.0,18.0,19.0,0.785714,360.0,0.0,1.0,3.0,6.0,False,True,0.844617949918,True,0.808333333333,True,0.532347871594
2.0,20.0,18.0,19.0,0.785714,360.0,0.0,1.0,3.0,6.0,False,True,0.844617949918,True,0.808333333333,True,0.532347871594
1.0,2.0,3.0,0.0,2.0,90.0,0.0,0.0,0.0,6.0,False,False,0.10926428101,False,0.05,False,0.038008834131
1.0,2.0,3.0,0.0,2.0,90.0,0.0,0.0,0.0,6.0,False,False,0.10926428101,False,0.05,False,0.038008834131
1.0,2.0,3.0,0.0,2.0,90.0,0.0,0.0,0.0,6.0,False,False,0.0901705488691,False,0.0,False,0.0550148311802
2.0,11.611484,74.44416,9.144454,2.0,83.799067,0.0,0.751505,1.12316,1.0,True,True,0.799041143267,True,0.841666666667,True,0.720443413854
2.0,8.0,3.0,7.0,2.0,103.0,0.0,0.0,0.0,6.0,False,False,0.149265686955,False,0.0,False,0.110685621568
1.0,21.0,3.0,7.0,0.533333,187.0,0.0,0.0,0.0,4.0,False,False,0.258964497887,False,0.1,False,0.184349414122
1.0,8.0,0.0,5.0,0.651515,234.0,1.0,0.0,0.0,3.0,True,False,0.437578295061,False,0.1,False,0.272009797361
2.0,24.0,0.0,23.0,0.64,291.0,1.0,1.0,3.0,5.0,True,True,0.568734054572,True,0.553333333333,False,0.425557438024
2.0,24.0,0.0,23.0,0.64,291.0,1.0,1.0,3.0,5.0,False,True,0.568734054572,True,0.553333333333,False,0.425557438024
2.0,24.0,0.0,23.0,0.64,291.0,1.0,1.0,3.0,5.0,False,True,0.568734054572,True,0.553333333333,False,0.425557438024
2.0,14.0,0.0,12.0,0.5,155.0,0.0,1.0,1.0,2.0,False,False,0.271589144911,False,0.1,False,0.311809281533
2.0,14.0,0.0,12.0,0.5,155.0,0.0,1.0,1.0,2.0,False,False,0.271589144911,False,0.1,False,0.311809281533
1.0,16.0,10.0,1.0,2.0,89.0,0.0,0.0,0.0,3.0,False,False,0.0881281591744,False,0.0,False,0.174157480167
1.0,25.0,3.0,9.0,0.666667,261.0,1.0,0.0,0.0,4.0,False,True,0.719990516728,True,0.8875,True,0.512198355269
1.0,9.72179,23.366542,1.471611,0.783007,225.383901,0.536582,0.898134,0.062313,6.046171,True,False,0.302556432719,True,0.6,True,0.618591269189
1.0,0.0,0.0,0.0,2.0,77.0,0.0,0.0,0.0,0.0,False,False,0.399735631769,True,1.0,True,0.58193907064
1.0,2.929554,31.765316,1.0,0.745134,118.898433,1.0,1.0,1.0,7.0,True,False,0.224276255221,False,0.133333333333,False,0.431814727206
1.0,9.0,66.0,9.0,2.0,156.0,0.0,1.0,1.0,1.0,False,True,0.751968936743,True,0.575,True,0.574000547402
2.0,18.0,7.0,17.0,0.666667,216.0,0.0,1.0,3.0,5.0,False,True,0.741751647644,False,0.0,False,0.351445043287
2.0,18.0,7.0,17.0,0.666667,216.0,0.0,1.0,3.0,5.0,False,True,0.741751647644,False,0.0,False,0.351445043287
2.0,18.0,7.0,17.0,0.666667,216.0,0.0,1.0,3.0,5.0,False,True,0.741751647644,False,0.0,False,0.351445043287
1.318474,20.411733,7.372861,18.887804,0.775876,378.737532,0.18423,0.680292,1.350922,6.63063,True,True,0.88313098836,True,0.95,True,0.803629780107
1.0,6.0,118.0,3.0,0.810526,264.0,1.0,1.0,1.0,7.0,False,True,0.925700292462,False,0.491666666667,True,0.652539923075
1.0,6.0,118.0,3.0,0.810526,264.0,1.0,1.0,1.0,7.0,False,True,0.925700292462,False,0.491666666667,True,0.652539923075
1.0,6.0,118.0,3.0,0.810526,264.0,1.0,1.0,1.0,7.0,True,True,0.925700292462,False,0.491666666667,True,0.652539923075
1.0,12.0,21.0,12.0,2.0,337.0,0.0,0.0,0.0,5.0,False,True,0.550392902792,False,0.2,False,0.451278460628
1.0,7.0,0.0,3.0,0.45,141.0,2.0,0.0,0.0,2.0,False,False,0.0374774111561,False,0.0,False,0.0642265406068
1.0,18.0,4.0,17.0,0.666667,221.0,1.0,0.0,0.0,4.0,False,False,0.47632968603,False,0.233333333333,False,0.455177442107
1.0,18.0,4.0,17.0,0.666667,221.0,1.0,0.0,0.0,4.0,False,False,0.47632968603,False,0.233333333333,False,0.455177442107
2.0,12.0,2.0,12.0,1.0,179.0,3.0,1.0,1.0,4.0,False,False,0.225512520279,False,0.2,False,0.262457714171
1.0,17.14533,61.983039,14.919114,0.946104,275.905065,1.0,0.621148,0.568609,6.240196,True,True,0.934642310739,True,0.975,True,0.69040112527
2.0,5.0,6.0,5.0,1.333333,37.0,0.0,1.0,1.0,1.0,False,False,0.43462923187,True,0.633333333333,True,0.540841073691
1.0,16.0,8.0,15.0,1.230769,361.0,0.0,0.0,0.0,8.0,True,True,0.555609258241,False,0.3,True,0.511449821016
1.0,16.0,8.0,15.0,1.232759,364.0,0.0,0.0,0.0,8.0,False,True,0.556455757981,False,0.2,True,0.511044710678
1.0,12.241636,7.560164,12.804642,1.258976,311.746495,1.087804,0.0,0.0,7.84373,True,True,0.855767119667,True,0.9,True,0.598028074299
1.0,18.0,4.0,17.0,0.666667,219.0,1.0,0.0,0.0,4.0,False,False,0.475526582664,False,0.233333333333,False,0.450742800572
2.0,16.203453,0.621509,11.484474,1.022704,263.869339,1.0,1.0,2.035127,5.674928,True,True,0.749704399956,True,0.9,True,0.723874699238
1.376996,10.277856,2.709088,9.040865,1.221217,249.702494,1.0,0.979615,0.38152,6.931532,True,True,0.83701976355,True,1.0,True,0.842618275845
1.0,18.0,16.0,2.0,0.525,112.0,1.0,0.0,0.0,2.0,False,False,0.0853743885822,False,0.0,False,0.171162150213
1.0,18.0,16.0,2.0,0.525,112.0,1.0,0.0,0.0,2.0,False,False,0.0853743885822,False,0.0,False,0.171162150213
1.434129,2.275268,2.781839,0.128252,1.79502,38.7305,0.0,0.506576,0.067578,0.643593,True,False,0.414923605461,True,0.85,True,0.787624976417
2.0,7.0,2.0,7.0,1.142857,91.0,1.0,1.0,1.0,1.0,False,False,0.133353674469,False,0.38,False,0.386544844619
1.0,9.0,0.0,0.0,0.727273,157.0,0.0,0.0,0.0,2.0,False,False,0.0392443167879,False,0.1,False,0.101994054296
1.0,21.937988,40.998368,17.94346,1.076686,338.680171,1.0,0.0,0.0,3.0,True,True,0.913505235681,True,0.9,True,0.639827236502
1.0,20.0,13.0,20.0,1.16,274.0,1.0,0.0,0.0,2.0,False,True,0.561266867934,False,0.5,True,0.517900942388
2.0,10.128149,2.0,10.853984,1.164906,247.777321,1.0,1.0,1.0,7.725969,True,True,0.824674658672,True,1.0,True,0.745709123508
1.900679,20.919126,27.997922,17.102119,1.054979,384.050835,1.0,0.662065,0.498605,3.951472,True,True,0.917950831134,True,0.9,True,0.827383826597
1.0,16.138686,9.040156,15.619023,0.78751,367.878082,1.746286,0.0,0.0,6.322957,True,True,0.864371545775,True,0.975,True,0.659239164657
1.0,11.0,37.0,10.0,0.555556,449.0,2.0,0.0,0.0,9.0,False,True,0.870348022824,False,0.25,False,0.333969514836
1.0,7.0,6.0,6.0,1.083333,148.0,3.0,0.0,0.0,3.0,False,False,0.0745462226719,False,0.075,False,0.201138651106
1.0,7.0,6.0,6.0,1.0625,134.0,3.0,0.0,0.0,3.0,False,False,0.0709325987257,False,0.075,False,0.182127923036
1.0,7.0,6.0,6.0,1.0625,134.0,3.0,0.0,0.0,3.0,False,False,0.0709325987257,False,0.075,False,0.182127923036
1.0,5.0,0.0,4.0,0.25,115.0,0.0,0.0,0.0,4.0,False,False,0.044535007832,False,0.0,False,0.0820619222725
2.0,21.0,0.0,20.0,0.64,274.0,1.0,1.0,3.0,5.0,True,True,0.542639640462,True,0.72,False,0.447183044154
2.0,21.0,0.0,20.0,0.64,274.0,1.0,1.0,3.0,5.0,False,True,0.542639640462,True,0.72,False,0.447183044154
2.0,21.0,0.0,20.0,0.64,274.0,1.0,1.0,3.0,5.0,False,True,0.542639640462,True,0.72,False,0.447183044154
2.0,11.0,2.0,11.0,1.214286,247.0,1.0,1.0,1.0,8.0,True,True,0.830310440934,True,1.0,True,0.628220529891
1.0,11.0,37.0,10.0,0.555556,447.0,2.0,0.0,0.0,9.0,False,True,0.869806368827,False,0.25,False,0.333969514836
1.0,11.0,37.0,10.0,0.555556,447.0,2.0,0.0,0.0,9.0,False,True,0.869806368827,False,0.25,False,0.333969514836
1.0,16.0,78.0,7.0,2.0,13.0,0.0,0.0,0.0,1.0,False,False,0.403112546564,False,0.233333333333,False,0.304776881238
1.0,20.0,41.0,19.0,1.090909,298.0,1.0,0.0,0.0,3.0,False,True,0.920673791898,True,0.9,True,0.716610652327
2.0,12.0,66.0,12.0,2.0,110.0,0.0,0.0,0.0,1.0,True,True,0.775508884879,True,0.566666666667,False,0.464597096543
2.0,12.0,66.0,12.0,2.0,110.0,0.0,0.0,0.0,1.0,True,True,0.775508884879,True,0.566666666667,False,0.464597096543
1.0,6.0,26.0,5.0,0.6875,200.0,2.0,0.0,0.0,3.0,False,False,0.103306897131,False,0.0,False,0.0834714008139
1.0,6.0,26.0,5.0,0.6875,200.0,2.0,0.0,0.0,3.0,False,False,0.0769556070188,False,0.0,False,0.148931762337
1.0,6.0,26.0,5.0,0.6875,200.0,2.0,0.0,0.0,3.0,False,False,0.0769556070188,False,0.0,False,0.148931762337
1.841248,18.109586,3.043813,20.905611,1.294225,291.898745,1.0,0.091961,0.33941,5.0,True,True,0.841030240695,True,1.0,True,0.727918262531
1.0,16.773705,9.18668,15.958671,1.222794,422.181206,1.368787,0.0,0.0,5.127517,True,True,0.684887677431,True,0.8,True,0.822929540543
2.0,7.0,1.0,1.0,2.0,16.0,0.0,0.0,0.0,1.0,False,False,0.0546683357201,False,0.1,False,0.392173873846
2.0,7.0,1.0,1.0,2.0,16.0,0.0,0.0,0.0,1.0,False,False,0.0546683357201,False,0.1,False,0.392173873846
2.0,7.0,1.0,1.0,2.0,16.0,0.0,0.0,0.0,1.0,False,False,0.0546683357201,False,0.1,False,0.392173873846
2.0,8.0,3.0,7.0,2.0,103.0,0.0,0.0,0.0,5.0,False,False,0.136402628264,False,0.0666666666667,False,0.0904607359597
1.793489,8.746368,17.815557,2.678982,0.817695,76.283444,0.0,0.0,0.0,2.305719,True,False,0.385770469201,True,0.55,False,0.469456138438
1.0,10.0,4.0,9.0,1.259259,172.0,0.0,0.0,0.0,2.0,False,False,0.126918217271,False,0.0,False,0.113980628261
1.0,12.0,8.0,11.0,1.1875,173.0,0.0,0.0,0.0,2.0,False,False,0.15668117523,False,0.0,False,0.207170247309
1.0,17.0,53.0,2.0,0.875,211.0,0.0,1.0,1.0,7.0,False,False,0.432249324485,False,0.333333333333,False,0.433060856597
1.0,17.0,53.0,2.0,0.875,211.0,0.0,1.0,1.0,7.0,False,False,0.432249324485,False,0.333333333333,False,0.433060856597
1.321602,6.087246,4.079723,4.844888,0.795097,67.533664,0.121163,0.0,0.0,1.810575,True,False,0.384748408427,True,0.666666666667,False,0.489028007983
2.0,7.0,1.0,7.0,1.0,35.0,0.0,0.0,0.0,1.0,False,False,0.0591637643203,False,0.0,False,0.113321984292
2.0,7.0,1.0,7.0,1.0,35.0,0.0,0.0,0.0,1.0,False,False,0.0591637643203,False,0.0,False,0.113321984292
2.0,7.0,1.0,7.0,1.0,35.0,0.0,0.0,0.0,1.0,False,False,0.0591637643203,False,0.0,False,0.113321984292
1.440747,14.014794,3.65452,8.868601,0.809572,256.772751,0.264683,0.413018,0.778539,5.256219,True,True,0.634649375047,True,1.0,True,0.743606686451
1.0,14.920669,10.008443,13.704346,1.144419,413.121205,0.072301,0.0,0.0,6.470986,True,True,0.508149530093,True,0.6,True,0.642973916432
1.0,11.357049,7.473661,6.939953,0.733392,254.051752,0.429911,0.0,0.0,4.861467,True,False,0.492834289993,False,0.5,True,0.594916823598
2.0,10.0,2.0,10.0,1.148746,213.010241,1.0,1.0,1.0,6.694335,True,True,0.736714635877,True,0.8,True,0.794054337257
1.010373,9.495262,64.149283,3.516287,1.69519,123.709472,0.642385,0.937348,0.677748,2.31593,True,True,0.748852068536,True,0.9,True,0.748297560294
1.504334,22.891856,7.584756,21.16562,0.777839,434.548205,1.0,0.022872,0.152976,5.039759,True,True,0.857268599523,True,0.9,True,0.624455251152
1.0,6.0,0.0,2.0,0.0,44.0,0.0,0.0,0.0,2.0,False,False,0.0198706124564,False,0.0,False,0.181133613057
1.154146,8.857032,0.684399,9.146782,0.901818,215.31766,1.0,0.515063,0.222687,5.859377,True,True,0.60389121708,True,0.7,True,0.7773127478
1.0,10.0,83.0,2.0,0.904762,129.0,2.0,1.0,1.0,7.0,True,False,0.45786770029,False,0.2,False,0.444411154311
2.0,5.804462,1.650671,5.17832,1.573581,49.024257,0.960649,0.955758,0.359966,1.0,True,False,0.485439184574,True,1.0,True,0.772625032027
2.0,8.0,1.0,8.0,1.142857,57.0,0.0,0.0,0.0,1.0,False,False,0.0743943800764,False,0.0,False,0.123001190831
1.238113,8.443263,11.958821,8.643764,1.219737,76.039749,0.0,0.0,0.0,2.380352,True,False,0.435119853188,False,0.35,False,0.404037192886
1.0,15.0,6.0,1.0,2.0,4.0,0.0,0.0,0.0,1.0,False,False,0.0589848316418,False,0.1,False,0.190348290677
2.0,12.0,7.0,12.0,1.122222,302.0,1.0,1.0,1.0,2.0,False,False,0.436535164022,False,0.5,False,0.419724644288
2.0,9.0,78.0,9.0,2.0,57.0,0.0,1.0,3.0,1.0,False,True,0.765439023512,True,0.8,True,0.622809736686
2.0,9.0,78.0,9.0,2.0,57.0,0.0,1.0,3.0,1.0,False,True,0.765439023512,True,0.8,True,0.622809736686
2.0,8.0,78.0,8.0,2.0,49.0,0.0,1.0,3.0,1.0,False,True,0.747961971708,False,0.5,False,0.491464507204
2.0,8.0,78.0,8.0,2.0,49.0,0.0,1.0,3.0,1.0,False,True,0.747961971708,False,0.5,False,0.491464507204
2.0,8.0,78.0,8.0,2.0,49.0,0.0,1.0,3.0,1.0,False,True,0.747961971708,False,0.5,False,0.491464507204
2.0,8.0,78.0,8.0,2.0,49.0,0.0,1.0,3.0,1.0,False,True,0.747961971708,False,0.5,False,0.491464507204
2.0,8.0,78.0,8.0,2.0,49.0,0.0,1.0,3.0,1.0,False,True,0.747961971708,False,0.5,False,0.491464507204
2.0,8.0,78.0,8.0,2.0,49.0,0.0,1.0,3.0,1.0,False,True,0.747961971708,False,0.5,False,0.491464507204
2.0,8.0,78.0,8.0,2.0,49.0,0.0,1.0,3.0,1.0,False,True,0.747961971708,False,0.5,False,0.491464507204
2.0,8.0,78.0,8.0,2.0,49.0,0.0,1.0,3.0,1.0,False,True,0.747961971708,False,0.5,False,0.491464507204
2.0,8.0,78.0,8.0,2.0,49.0,0.0,1.0,3.0,1.0,False,True,0.747961971708,False,0.5,False,0.491464507204
2.0,8.0,78.0,8.0,2.0,49.0,0.0,1.0,3.0,1.0,True,True,0.747961971708,False,0.5,False,0.491464507204
1.0,18.0,51.0,17.0,1.076923,350.0,1.0,0.0,0.0,3.0,True,True,0.882596052903,True,0.9,True,0.677868474037
1.0,18.0,51.0,17.0,1.076923,350.0,1.0,0.0,0.0,3.0,True,True,0.882596052903,True,0.9,True,0.677868474037
1.0,18.0,51.0,17.0,1.076923,350.0,1.0,0.0,0.0,3.0,True,True,0.882596052903,True,0.9,True,0.677868474037
1.0,18.0,51.0,17.0,1.076923,350.0,1.0,0.0,0.0,3.0,True,True,0.882596052903,True,0.9,True,0.677868474037
1.0,18.0,51.0,17.0,1.076923,350.0,1.0,0.0,0.0,3.0,True,True,0.882596052903,True,0.9,True,0.677868474037
1.0,11.0,78.0,2.0,2.0,13.0,0.0,0.0,0.0,1.0,False,False,0.31032281206,True,0.8,True,0.661813605488
1.033199,9.481703,2.724964,8.879861,1.291882,272.041286,1.639859,0.600124,0.889283,5.528196,True,True,0.637046642489,True,1.0,True,0.840123365501
2.0,9.0,78.0,9.0,2.0,81.0,0.0,1.0,3.0,1.0,True,False,0.440817152331,True,0.7,True,0.591739444517
2.0,9.0,78.0,9.0,2.0,81.0,0.0,1.0,3.0,1.0,True,False,0.440817152331,True,0.7,True,0.591739444517
2.0,9.0,78.0,9.0,2.0,81.0,0.0,1.0,3.0,1.0,False,False,0.440817152331,True,0.7,True,0.591739444517
2.0,9.0,78.0,9.0,2.0,81.0,0.0,1.0,3.0,1.0,True,False,0.440817152331,True,0.7,True,0.591739444517
2.0,9.0,78.0,9.0,2.0,81.0,0.0,1.0,3.0,1.0,True,False,0.440817152331,True,0.7,True,0.591739444517
2.0,8.0,1.0,8.0,1.0,56.0,0.0,0.0,0.0,1.0,False,False,0.0685174471595,False,0.0,False,0.165722221926
2.0,8.0,1.0,8.0,1.0,56.0,0.0,0.0,0.0,1.0,False,False,0.0685174471595,False,0.0,False,0.165722221926
2.0,8.0,1.0,8.0,1.0,56.0,0.0,0.0,0.0,1.0,False,False,0.0685174471595,False,0.0,False,0.165722221926
2.0,9.0,78.0,9.0,2.0,65.0,0.0,1.0,3.0,1.0,False,True,0.76825113446,True,0.9,True,0.663787134478
2.0,8.5775,78.0,8.886008,2.0,56.068069,0.0,1.0,3.0,1.0,True,True,0.763192921711,True,0.8,True,0.634723361677
2.0,8.0,1.0,8.0,1.0,59.0,0.0,0.0,0.0,1.0,False,False,0.0690385454571,False,0.0,False,0.123672788604
2.0,8.0,1.0,8.0,1.0,59.0,0.0,0.0,0.0,1.0,False,False,0.0690385454571,False,0.0,False,0.123672788604
2.0,7.0,1.0,7.0,1.0,46.0,0.0,0.0,0.0,1.0,False,False,0.0532909076628,False,0.0,False,0.0393637303455
2.0,7.0,1.0,7.0,1.0,46.0,0.0,0.0,0.0,1.0,False,False,0.0532909076628,False,0.0,False,0.0393637303455
2.0,7.0,1.0,7.0,1.0,46.0,0.0,0.0,0.0,1.0,False,False,0.0532909076628,False,0.0,False,0.0393637303455
1.0,7.0,0.0,4.0,0.333333,115.0,0.0,0.0,0.0,4.0,False,False,0.0493987635646,False,0.0,False,0.125301120575
1.0,18.784214,60.925757,6.464749,0.750919,242.025078,0.0,0.384075,0.259685,5.439465,True,True,0.782375580147,False,0.4,True,0.633289246487
2.0,8.248641,78.0,8.284991,2.0,69.052963,0.0,1.0,3.0,1.0,True,False,0.310660395443,False,0.206666666667,True,0.513802298837
1.0,13.0,10.0,1.0,2.0,89.0,0.0,0.0,0.0,3.0,False,False,0.0729859430337,False,0.0,False,0.15889153115
1.0,9.0,3.0,8.0,2.0,138.0,0.0,0.0,0.0,5.0,False,False,0.169541238338,False,0.0,False,0.324376063495
2.0,5.633076,5.663231,5.607249,2.0,38.877133,0.0,0.868639,0.143244,1.0,True,False,0.47821142004,True,0.6,True,0.533101927573
2.0,2.0,11.0,1.0,0.666667,81.0,2.0,1.0,1.0,3.0,False,False,0.060058089595,False,0.1,False,0.271593045121
2.0,2.0,11.0,1.0,0.666667,81.0,2.0,1.0,1.0,3.0,False,False,0.060058089595,False,0.1,False,0.271593045121
2.0,2.0,11.0,1.0,0.666667,81.0,2.0,1.0,1.0,3.0,False,False,0.060058089595,False,0.1,False,0.271593045121
1.0,6.0,0.0,0.0,0.59375,131.0,0.0,1.0,1.0,8.0,False,False,0.220059550832,False,0.2,False,0.299978277626
1.0,10.0,4.0,10.0,1.242424,223.0,0.0,0.0,0.0,3.0,False,False,0.183656802851,False,0.0,False,0.233217572196
1.488217,10.834489,62.380305,6.064264,1.610789,133.747783,0.590512,0.514378,0.192534,1.394759,True,True,0.657458279807,True,1.0,True,0.755336087311
2.0,4.88196,4.420203,4.340416,1.582972,34.508714,0.0,0.823458,0.225318,1.0,True,False,0.442068408347,True,0.8,True,0.706665060366
1.0,8.0,5.0,3.0,0.7,177.0,1.0,0.0,0.0,2.0,False,False,0.0604838521115,False,0.0,False,0.443708794776
1.0,16.409108,44.610603,16.099358,1.228265,354.432522,0.187259,0.0,0.0,4.142518,True,True,0.891525733709,True,0.8,True,0.629499088072
2.0,13.0,2.0,13.0,0.75,163.0,1.0,1.0,1.0,1.0,False,False,0.289425661912,False,0.0,False,0.25434253457
1.0,17.63196,22.425221,16.321249,1.196771,350.834044,0.716138,0.0,0.0,5.793412,True,True,0.877942638761,True,1.0,True,0.812460265262
1.0,17.449355,50.610505,16.443788,0.747178,359.864646,1.432992,0.0,0.0,3.0,True,True,0.8659585993,True,0.75,True,0.660975620883
1.0,14.0,24.0,13.0,1.12381,448.0,1.0,0.0,0.0,5.0,True,True,0.866606584342,True,0.85,True,0.687436874448
1.0,0.0,0.0,0.0,2.0,38.0,0.0,0.0,0.0,0.0,True,False,0.049657807671,False,0.0,False,0.17454867494
1.438724,1.652341,0.437651,3.035043,1.650224,38.751346,0.0,0.182602,0.161884,0.308906,True,False,0.393519074005,True,0.9,True,0.667387285774
1.0,8.0,78.0,5.0,2.0,13.0,0.0,0.0,0.0,1.0,False,False,0.209230921943,False,0.0166666666667,False,0.0458750069386
1.0,10.0,9.0,6.0,0.2,226.0,0.0,0.0,0.0,4.0,False,False,0.0878399358575,False,0.0,False,0.45326449983
1.0,3.0,3.0,2.0,2.0,66.0,0.0,0.0,0.0,2.0,False,False,0.0703792650054,False,0.1,False,0.19386111136
1.0,3.0,26.0,0.0,0.75,134.0,0.0,0.0,0.0,1.0,False,False,0.0480923768544,False,0.0,False,0.036208623398
1.0,3.0,26.0,0.0,0.75,134.0,0.0,0.0,0.0,1.0,False,False,0.0480923768544,False,0.0,False,0.036208623398
1.0,3.0,26.0,0.0,0.75,134.0,0.0,0.0,0.0,1.0,False,False,0.0480923768544,False,0.0,False,0.036208623398
1.0,0.0,0.0,0.0,2.0,36.604874,0.0,0.0,0.0,0.0,True,False,0.049505765711,False,0.0,False,0.134098981523
2.0,4.0,3.0,4.0,1.5,39.0,0.0,1.0,1.0,1.0,True,False,0.0928388325626,False,0.1,False,0.340956505112
2.0,4.0,3.0,4.0,1.5,39.0,0.0,1.0,1.0,1.0,False,False,0.0928388325626,False,0.1,False,0.340956505112
1.0,0.0,0.0,0.0,2.0,35.523093,0.0,0.0,0.0,0.0,True,False,0.0493883249063,False,0.0,False,0.134570492067
1.574086,8.641503,55.748511,4.526902,2.0,36.972375,0.0,0.034499,0.536378,1.0,True,False,0.45134760822,True,0.666666666667,True,0.832745015186
2.0,10.162085,2.0,10.315059,1.171106,261.025209,1.0,1.0,1.0,6.567923,True,True,0.800411224574,True,1.0,True,0.908166839183
1.0,8.0,0.0,0.0,2.0,1.0,0.0,0.0,0.0,1.0,False,False,0.0427805961194,False,0.0,False,0.0746684692951
1.0,8.0,0.0,0.0,2.0,1.0,0.0,0.0,0.0,1.0,False,False,0.0427805961194,False,0.0,False,0.0746684692951
1.0,8.0,0.0,0.0,2.0,1.0,0.0,0.0,0.0,1.0,False,False,0.0427805961194,False,0.0,False,0.0746684692951
1.0,0.0,0.0,0.0,2.0,32.0,0.0,0.0,0.0,0.0,False,False,0.0490085741287,False,0.0,False,0.114181720096
1.0,1.0,21.0,1.0,0.740741,109.0,1.0,1.0,1.0,7.0,False,False,0.214405778165,False,0.4,True,0.542559177027
1.0,1.0,21.0,1.0,0.740741,109.0,1.0,1.0,1.0,7.0,False,False,0.214405778165,False,0.4,True,0.542559177027
1.0,1.0,21.0,1.0,0.740741,109.0,1.0,1.0,1.0,7.0,True,False,0.214405778165,False,0.4,True,0.542559177027
1.0,10.0,4.0,9.0,1.3,241.0,1.0,0.0,0.0,3.0,False,False,0.20015739893,False,0.3,False,0.372981793739
1.0,8.341317,82.031068,1.435493,0.830379,131.539476,1.652227,1.0,1.0,7.0,True,False,0.459361399298,True,0.61,True,0.62542186412
2.0,4.102741,1.001358,4.0,1.529419,47.961271,0.0,1.0,1.0,1.0,True,False,0.427240164447,False,0.5,True,0.50724229952
1.0,10.0,69.0,0.0,0.785714,213.0,0.0,1.0,1.0,7.0,False,True,0.779964031644,False,0.1,True,0.569736260641
1.0,10.0,69.0,0.0,0.785714,213.0,0.0,1.0,1.0,7.0,False,True,0.779964031644,False,0.1,True,0.569736260641
1.0,10.0,69.0,0.0,0.785714,213.0,0.0,1.0,1.0,7.0,True,True,0.779964031644,False,0.1,True,0.569736260641
2.0,10.601493,70.565086,11.380177,2.0,99.283769,0.0,0.180602,0.800613,1.0,True,True,0.677529736848,True,0.9,True,0.825062101256
2.0,10.259289,33.811425,10.546531,2.0,103.671168,0.0,0.0,0.0,1.771213,True,False,0.175255529535,False,0.0,False,0.488349890489
1.096477,11.691375,81.393666,5.061039,1.550758,110.025931,1.300635,0.288721,0.200867,2.30607,True,False,0.377922956041,True,0.98,True,0.675871732523
1.0,0.0,0.0,0.0,2.0,13.0,0.0,0.0,0.0,0.0,True,False,0.0470310550196,False,0.0,False,0.154275718147
1.0,0.0,0.0,0.0,2.0,13.0,0.0,0.0,0.0,0.0,False,False,0.0470310550196,False,0.0,False,0.154275718147
1.0,0.0,0.0,0.0,2.0,13.0,0.0,0.0,0.0,0.0,False,False,0.0470310550196,False,0.0,False,0.154275718147
1.0,7.0,83.0,1.0,0.904762,129.0,1.0,1.0,1.0,7.0,False,True,0.805590621073,True,0.593333333333,True,0.555142120203
1.0,8.0,83.0,1.0,0.904762,129.0,1.0,1.0,1.0,7.0,False,True,0.804721185651,True,0.61,True,0.557122502833
1.802745,9.976828,75.614063,7.770286,2.0,13.960734,0.0,0.428737,0.560741,1.0,True,False,0.348175846973,True,0.7,False,0.464923341137
1.316298,4.150924,26.316034,2.234271,1.179442,97.740404,0.089213,0.168708,0.0285,5.747166,True,False,0.462639921054,True,0.7,True,0.526567235636
1.0,9.0,4.0,9.0,1.27451,223.0,0.0,0.0,0.0,5.0,False,False,0.216389416768,False,0.0,False,0.357229427304
1.0,2.0,37.0,1.0,0.85,109.0,1.0,1.0,1.0,7.0,False,False,0.27276462714,False,0.133333333333,False,0.150300244761
1.0,2.0,37.0,1.0,0.85,109.0,1.0,1.0,1.0,7.0,False,False,0.27276462714,False,0.133333333333,False,0.150300244761
1.0,2.0,37.0,1.0,0.85,109.0,1.0,1.0,1.0,7.0,False,False,0.264948581854,False,0.2,False,0.0991777483117
1.0,9.0,0.0,0.0,0.666667,140.0,0.0,0.0,0.0,2.0,False,False,0.040312338746,False,0.02,False,0.0394509463327
2.0,10.0,2.0,10.0,1.166667,202.0,1.0,1.0,1.0,7.0,True,True,0.755449581205,True,0.7,True,0.672744986921
1.0,5.0,0.0,4.0,0.166667,52.0,0.0,0.0,0.0,1.0,False,False,0.0340308171708,False,0.0,False,0.16255996235
1.0,5.0,0.0,4.0,0.166667,52.0,0.0,0.0,0.0,1.0,False,False,0.0340308171708,False,0.0,False,0.16255996235
2.0,11.0,3.0,7.0,2.0,93.0,0.0,0.0,0.0,4.0,False,False,0.125363456916,False,0.35,False,0.238383800875
2.0,11.172905,71.918769,10.399649,2.0,83.085307,0.0,0.230824,0.425373,1.0,True,True,0.716990768385,True,1.0,True,0.948603540657
1.0,5.0,0.0,5.0,0.5,94.0,0.0,0.0,0.0,1.0,False,False,0.0537279898159,False,0.1,False,0.139799578236
1.0,5.0,0.0,5.0,0.5,94.0,0.0,0.0,0.0,1.0,False,False,0.0537279898159,False,0.1,False,0.139799578236
1.0,0.0,0.0,0.0,2.0,11.0,0.0,0.0,0.0,0.0,False,False,0.172728075902,False,0.321666666667,True,0.500300011245
1.0,0.0,0.0,0.0,2.0,11.0,0.0,0.0,0.0,0.0,False,False,0.172728075902,False,0.321666666667,True,0.500300011245
1.0,0.0,0.0,0.0,2.0,11.0,0.0,0.0,0.0,0.0,False,False,0.172728075902,False,0.321666666667,True,0.500300011245
2.0,10.0,2.0,10.0,1.125,118.0,1.0,1.0,1.0,1.0,False,False,0.207877331481,False,0.1,False,0.223234945272
1.0,0.0,0.0,0.0,2.0,7.0,0.0,0.0,0.0,0.0,False,False,0.172194572333,False,0.321666666667,False,0.489405878496
2.0,11.0,28.0,11.0,2.0,87.0,0.0,0.0,0.0,1.0,False,False,0.19700843935,False,0.5,True,0.522409328237
1.0,5.0,4.0,4.0,1.142857,128.0,2.0,0.0,0.0,2.0,False,False,0.065389063587,False,0.1,False,0.231416443016
1.0,5.0,4.0,4.0,1.142857,128.0,2.0,0.0,0.0,2.0,False,False,0.065389063587,False,0.1,False,0.231416443016
1.0,5.0,4.0,4.0,1.142857,128.0,2.0,0.0,0.0,2.0,False,False,0.065389063587,False,0.1,False,0.231416443016
1.0,8.0,0.0,0.0,0.666667,140.0,0.0,0.0,0.0,2.0,False,False,0.15143807371,False,0.02,False,0.0384092208147
1.208397,4.245517,4.439865,3.884169,2.0,24.443069,0.0,0.0,0.0,0.194628,True,False,0.418353837153,True,1.0,True,0.695971712985
1.0,5.0,0.0,4.0,0.25,63.0,1.0,0.0,0.0,3.0,False,False,0.0407264619823,False,0.0,False,0.151286046736
1.0,5.0,0.0,4.0,0.25,63.0,1.0,0.0,0.0,3.0,False,False,0.0407264619823,False,0.0,False,0.151286046736
2.0,10.038639,2.0,10.013195,1.200447,257.080895,1.0,1.0,1.0,6.578937,True,True,0.782651305009,True,1.0,True,0.94407587836
2.0,6.0,2.0,6.0,0.777778,57.0,1.0,0.0,0.0,1.0,True,False,0.0526459290598,False,0.1,False,0.403972962367
2.0,6.0,2.0,6.0,0.777778,57.0,1.0,0.0,0.0,1.0,False,False,0.0526459290598,False,0.1,False,0.403972962367
1.0,0.0,0.0,0.0,0.333333,23.0,0.0,0.0,0.0,1.0,False,False,0.0264103133559,False,0.0,False,0.049958729594
1.0,0.0,0.0,0.0,0.333333,23.0,0.0,0.0,0.0,1.0,False,False,0.0264103133559,False,0.0,False,0.049958729594
1.0,0.0,0.0,0.0,0.333333,23.0,0.0,0.0,0.0,1.0,False,False,0.0264103133559,False,0.0,False,0.049958729594
1.281431,6.182606,65.560494,3.346297,1.876342,143.140822,0.558293,0.157563,0.646397,3.491843,True,True,0.615126424065,True,0.9,True,0.68685434794
1.0,5.0,0.0,5.0,0.5,94.0,0.0,0.0,0.0,1.0,False,False,0.0537279898159,False,0.1,False,0.139799578236
1.0,0.0,1.0,0.0,2.0,45.0,0.0,0.0,0.0,4.0,False,False,0.0816280850212,False,0.2,False,0.326620834289
1.0,0.0,1.0,0.0,2.0,45.0,0.0,0.0,0.0,4.0,False,False,0.0816280850212,False,0.2,False,0.326620834289
1.0,8.0,0.0,0.0,0.625,115.0,0.0,1.0,1.0,6.0,False,False,0.119491176324,False,0.1,False,0.171842969174
2.0,8.0,15.0,8.0,2.0,83.0,0.0,0.0,0.0,2.0,False,False,0.134603230079,False,0.0333333333333,False,0.276392648147
2.0,8.0,15.0,8.0,2.0,83.0,0.0,0.0,0.0,2.0,False,False,0.134603230079,False,0.0333333333333,False,0.276392648147
2.0,8.0,15.0,8.0,2.0,83.0,0.0,0.0,0.0,2.0,False,False,0.134603230079,False,0.0333333333333,False,0.276392648147
1.0,11.0,7.0,1.0,0.88,41.0,1.0,0.0,0.0,1.0,False,False,0.0406632668955,False,0.0,False,0.0339832050676
1.0,11.0,7.0,1.0,0.88,41.0,1.0,0.0,0.0,1.0,False,False,0.0406632668955,False,0.0,False,0.0339832050676
1.0,11.0,7.0,1.0,0.88,41.0,1.0,0.0,0.0,1.0,False,False,0.0406632668955,False,0.0,False,0.0339832050676
2.0,5.189024,2.782685,4.415894,0.857915,41.339009,0.960959,0.173214,0.660192,1.0,True,False,0.378222676982,True,0.8,True,0.580308405533
2.0,11.0,21.0,11.0,2.0,80.0,0.0,0.0,0.0,1.0,False,False,0.180333389912,False,0.4,False,0.410762087329
2.0,11.0,21.0,11.0,2.0,80.0,0.0,0.0,0.0,1.0,False,False,0.180333389912,False,0.4,False,0.410762087329
2.0,11.0,21.0,11.0,2.0,80.0,0.0,0.0,0.0,1.0,False,False,0.180333389912,False,0.4,False,0.410762087329
1.0,8.0,66.0,5.0,2.0,12.0,0.0,0.0,0.0,1.0,False,False,0.202791419365,False,0.0,False,0.191961955277
2.0,10.0,36.0,10.0,2.0,80.0,0.0,0.0,0.0,1.0,False,False,0.193818446944,False,0.25,False,0.235655056873
2.0,10.0,36.0,10.0,2.0,80.0,0.0,0.0,0.0,1.0,False,False,0.193818446944,False,0.25,False,0.235655056873
2.0,10.0,36.0,10.0,2.0,80.0,0.0,0.0,0.0,1.0,False,False,0.193818446944,False,0.25,False,0.235655056873
1.0,11.0,0.0,10.0,0.5,237.0,2.0,0.0,0.0,4.0,False,False,0.472844123521,False,0.2,False,0.324139946718
1.0,11.0,0.0,10.0,0.5,237.0,2.0,0.0,0.0,4.0,False,False,0.472844123521,False,0.2,False,0.324139946718
1.0,2.0,1.0,1.0,0.5,187.0,1.0,0.0,0.0,3.0,False,False,0.0567989374218,False,0.0,False,0.183472747594
1.0,11.0,0.0,10.0,0.5,234.0,2.0,0.0,0.0,4.0,False,False,0.47102784367,False,0.2,False,0.328677243828
2.0,10.0,2.0,10.0,1.134861,261.024151,1.0,1.0,1.0,6.015229,True,True,0.765293627374,True,1.0,True,0.882817869946
1.0,5.0,20.0,1.0,0.791667,99.0,1.0,1.0,1.0,7.0,False,True,0.538331384154,True,0.516666666667,True,0.500434701407
1.0,5.0,20.0,1.0,0.791667,99.0,1.0,1.0,1.0,7.0,False,True,0.538331384154,True,0.516666666667,True,0.500434701407
1.0,5.0,20.0,1.0,0.791667,99.0,1.0,1.0,1.0,7.0,False,True,0.538331384154,True,0.516666666667,True,0.500434701407
1.0,7.0,11.0,6.0,1.085714,169.0,0.0,0.0,0.0,5.0,False,False,0.151542665554,False,0.1,False,0.272236354181
1.0,7.0,11.0,6.0,1.085714,169.0,0.0,0.0,0.0,5.0,False,False,0.151542665554,False,0.1,False,0.272236354181
1.0,7.0,11.0,6.0,1.085714,169.0,0.0,0.0,0.0,5.0,False,False,0.151542665554,False,0.1,False,0.272236354181
1.832395,8.235651,13.63903,3.465199,2.0,25.645761,0.0,0.0,0.0,1.0,True,False,0.406624100278,True,0.6,True,0.559014037711
1.0,3.0,63.0,1.0,0.828571,152.0,1.0,1.0,1.0,7.0,False,True,0.733137246297,True,0.9,True,0.611498256476
1.0,3.0,63.0,1.0,0.828571,152.0,1.0,1.0,1.0,7.0,False,True,0.733137246297,True,0.9,True,0.611498256476
1.0,3.0,63.0,1.0,0.828571,152.0,1.0,1.0,1.0,7.0,True,True,0.733137246297,True,0.9,True,0.611498256476
2.0,10.0,2.0,10.0,1.125,262.0,1.0,1.0,1.0,6.0,True,True,0.76228257086,True,0.7,True,0.642582747855
2.0,11.145217,41.438179,10.221737,2.0,88.709402,0.0,0.0,0.0,2.600896,True,False,0.199532366598,False,0.383333333333,True,0.510391263672
1.0,3.0,1.0,2.0,0.5,203.0,1.0,0.0,0.0,3.0,False,False,0.0664968524574,False,0.0,False,0.164830975137
1.0,3.0,1.0,2.0,0.5,203.0,1.0,0.0,0.0,3.0,False,False,0.0664968524574,False,0.0,False,0.164830975137
1.0,1.271738,2.893261,0.496263,2.0,9.728326,0.0,0.0,0.0,0.544417,True,False,0.38935279994,True,0.6,True,0.922526089995
2.0,5.0,1.0,4.0,2.0,49.0,0.0,1.0,1.0,1.0,True,False,0.444161135528,False,0.458333333333,True,0.512158200691
2.0,5.0,1.0,4.0,2.0,49.0,0.0,1.0,1.0,1.0,True,False,0.444161135528,False,0.458333333333,True,0.512158200691
2.0,5.0,1.0,4.0,2.0,49.0,0.0,1.0,1.0,1.0,True,False,0.444161135528,False,0.458333333333,True,0.512158200691
2.0,5.0,1.0,4.0,2.0,49.0,0.0,1.0,1.0,1.0,True,False,0.444161135528,False,0.458333333333,True,0.512158200691
2.0,5.0,1.0,4.0,2.0,49.0,0.0,1.0,1.0,1.0,True,False,0.444161135528,False,0.458333333333,True,0.512158200691
1.0,8.0,9.0,1.0,0.8,79.0,1.0,0.0,0.0,1.0,False,False,0.0408622420106,False,0.0,False,0.285256827909
1.0,11.0,13.0,9.0,1.142857,189.0,0.0,0.0,0.0,5.0,False,False,0.204994887494,False,0.0,False,0.318584383829
2.0,10.0,28.0,10.0,2.0,83.0,0.0,0.0,0.0,3.0,True,False,0.166634794284,False,0.1,False,0.4399933037
2.0,10.0,28.0,10.0,2.0,83.0,0.0,0.0,0.0,3.0,False,False,0.166634794284,False,0.1,False,0.4399933037
2.0,10.0,28.0,10.0,2.0,83.0,0.0,0.0,0.0,3.0,False,False,0.166634794284,False,0.1,False,0.4399933037
2.0,4.0,1.0,4.0,2.0,33.0,0.0,1.0,1.0,1.0,False,False,0.109056991739,True,0.616666666667,True,0.507716000684
2.0,4.0,1.0,4.0,2.0,30.0,0.0,1.0,1.0,1.0,False,False,0.108300465231,True,0.616666666667,True,0.501973052541
1.0,8.0,30.0,1.0,0.848485,88.0,1.0,0.0,0.0,1.0,False,False,0.0569308365654,False,0.0,False,0.132935989641
1.0,9.0,0.0,0.0,0.666667,28.0,0.0,0.0,0.0,1.0,False,False,0.137071371233,False,0.0,False,0.11405310688
1.0,9.0,8.0,8.0,1.1875,151.0,1.0,0.0,0.0,3.0,False,False,0.135640817957,False,0.1,False,0.294607006836
1.0,7.0,9.0,1.0,0.8,79.0,1.0,0.0,0.0,1.0,False,False,0.0412550172457,False,0.0,False,0.289378686427
2.0,5.0,1.0,4.0,2.0,29.0,0.0,1.0,2.0,1.0,False,False,0.0740667370798,True,0.558333333333,False,0.415680399699
1.0,11.0,25.0,8.0,0.388889,284.0,2.0,0.0,0.0,6.0,False,False,0.208289369965,False,0.2,False,0.411902706451
1.0,9.780703,67.321231,0.158897,0.787749,189.158091,0.067511,1.0,1.0,7.0,True,True,0.511749401804,False,0.5,True,0.506108426257
2.0,5.0,1.0,4.0,2.0,17.0,0.0,1.0,2.0,1.0,False,False,0.0719482506069,True,0.558333333333,False,0.361495982346
2.0,5.0,1.0,4.0,2.0,17.0,0.0,1.0,2.0,1.0,False,False,0.0719482506069,True,0.558333333333,False,0.361495982346
2.0,5.0,1.0,4.0,2.0,17.0,0.0,1.0,2.0,1.0,False,False,0.0719482506069,True,0.558333333333,False,0.361495982346
2.0,5.0,1.0,4.0,2.0,17.0,0.0,1.0,2.0,1.0,False,False,0.0719482506069,True,0.558333333333,False,0.361495982346
2.0,5.0,1.0,4.0,2.0,17.0,0.0,1.0,2.0,1.0,False,False,0.0719482506069,True,0.558333333333,False,0.361495982346
2.0,5.0,1.0,4.0,2.0,17.0,0.0,1.0,2.0,1.0,False,False,0.0719482506069,True,0.558333333333,False,0.361495982346
2.0,5.0,1.0,4.0,2.0,17.0,0.0,1.0,2.0,1.0,False,False,0.0719482506069,True,0.558333333333,False,0.361495982346
2.0,5.0,1.0,4.0,2.0,17.0,0.0,1.0,2.0,1.0,False,False,0.0719482506069,True,0.558333333333,False,0.361495982346
2.0,10.0,36.0,10.0,2.0,77.0,0.0,0.0,0.0,1.0,False,False,0.166179888984,False,0.0,False,0.164737279419
1.0,11.912195,55.0,3.842414,2.0,11.0,0.0,0.0,0.0,1.0,True,False,0.454683981929,True,0.8,True,0.637473754833
1.641865,8.988781,24.276548,5.971066,2.0,19.7309,0.0,0.0,0.0,1.0,True,False,0.426651051839,False,0.3,True,0.605154447446
2.0,4.0,1.0,3.0,2.0,11.0,0.0,1.0,1.0,1.0,False,False,0.0946347505039,True,0.616666666667,False,0.428848999573
2.0,4.0,1.0,3.0,2.0,11.0,0.0,1.0,1.0,1.0,False,False,0.0946347505039,True,0.616666666667,False,0.428848999573
1.877344,5.048847,4.089568,1.107717,2.0,8.382801,0.0,0.0,0.0,1.0,True,False,0.379238705233,False,0.2,False,0.393726508392
1.0,4.84926,61.867894,1.0,0.790776,153.600988,1.0,1.0,1.0,7.0,True,True,0.703788278075,True,0.616666666667,True,0.536808042621
1.0,2.0,31.0,0.0,0.86,64.0,0.0,0.0,0.0,1.0,False,False,0.0552314494088,False,0.0,False,0.152550731745
1.0,2.0,31.0,0.0,0.86,64.0,0.0,0.0,0.0,1.0,False,False,0.0552314494088,False,0.0,False,0.152550731745
1.0,2.0,31.0,0.0,0.86,64.0,0.0,0.0,0.0,1.0,False,False,0.0552314494088,False,0.0,False,0.152550731745
2.0,10.0,21.0,10.0,2.0,71.0,0.0,0.0,0.0,1.0,False,False,0.138429556171,False,0.0,False,0.138587704746
1.0,1.0,9.0,0.0,0.755556,155.0,0.0,0.0,0.0,3.0,False,False,0.0597859186735,False,0.0,False,0.24280959176
1.0,1.0,9.0,0.0,0.755556,155.0,0.0,0.0,0.0,3.0,False,False,0.0597859186735,False,0.0,False,0.24280959176
1.0,1.0,9.0,0.0,0.755556,155.0,0.0,0.0,0.0,3.0,False,False,0.0597859186735,False,0.0,False,0.24280959176
1.0,6.0,2.0,0.0,0.785714,99.0,0.0,1.0,1.0,5.0,False,False,0.095562853699,False,0.0,False,0.301129148015
1.0,7.0,4.0,3.0,0.5,97.0,0.0,0.0,0.0,2.0,False,False,0.0440597077734,False,0.0333333333333,False,0.0990459386497
1.0,7.0,4.0,3.0,0.5,97.0,0.0,0.0,0.0,2.0,False,False,0.0440597077734,False,0.0333333333333,False,0.0990459386497
1.0,8.0,6.0,0.0,0.708333,104.0,0.0,1.0,1.0,5.0,False,False,0.0969241406609,False,0.0,False,0.0802396677022
1.0,3.0,4.0,0.0,0.625,90.0,0.0,0.0,0.0,1.0,False,False,0.0364417613072,False,0.0,False,0.0611927330468
1.0,3.0,4.0,0.0,0.625,90.0,0.0,0.0,0.0,1.0,False,False,0.0364417613072,False,0.0,False,0.0611927330468
1.0,3.0,4.0,0.0,0.625,90.0,0.0,0.0,0.0,1.0,False,False,0.0364417613072,False,0.0,False,0.0611927330468
2.0,9.88944,67.596065,10.062552,2.0,90.325842,0.0,0.732749,2.02048,1.0,True,True,0.65963790708,True,1.0,True,0.887333860462
2.0,10.0,2.0,10.0,1.148148,153.0,1.0,1.0,1.0,3.0,False,True,0.591166828451,False,0.3,False,0.362651093446
1.383287,5.511461,4.581054,1.283136,2.0,22.684398,0.0,0.0,0.0,1.0,True,False,0.386572105871,False,0.1,True,0.529169080477
1.0,4.0,0.0,2.0,2.0,1.0,0.0,0.0,0.0,1.0,False,False,0.0570049256967,False,0.0,False,0.08919352112
1.0,4.0,0.0,2.0,2.0,1.0,0.0,0.0,0.0,1.0,False,False,0.0570049256967,False,0.0,False,0.08919352112
1.0,4.0,0.0,2.0,2.0,1.0,0.0,0.0,0.0,1.0,False,False,0.0570049256967,False,0.0,False,0.08919352112
1.399382,9.897177,3.194894,8.879851,1.177792,267.983719,1.676355,0.505551,0.385746,5.40484,True,True,0.672800718558,True,0.9,True,0.952289893186
1.0,12.0,55.0,5.0,2.0,11.0,0.0,0.0,0.0,1.0,False,False,0.467643806142,True,0.6,True,0.520947275717
1.0,12.0,55.0,5.0,2.0,11.0,0.0,0.0,0.0,1.0,True,False,0.467643806142,True,0.6,True,0.520947275717
1.0,7.0,6.0,0.0,0.708333,104.0,0.0,1.0,1.0,5.0,False,False,0.0855033912011,False,0.1,False,0.061438026859
1.0,4.129668,62.689547,1.0,0.812684,153.148569,1.0,1.0,1.0,7.0,True,False,0.457059637061,True,0.54,True,0.529711903791
2.0,8.0,3.0,7.0,2.0,72.0,0.0,0.0,0.0,3.0,False,False,0.113483876717,False,0.0666666666667,False,0.0861131796151
1.0,8.0,55.0,5.0,2.0,11.0,0.0,0.0,0.0,1.0,False,False,0.29458716373,False,0.216666666667,False,0.397321559945
2.0,4.539501,4.538332,5.176532,1.721773,36.94994,0.0,0.459849,0.493381,1.0,True,False,0.432128248946,True,1.0,True,0.780097936331
1.0,9.0,55.0,2.0,2.0,11.0,0.0,0.0,0.0,1.0,True,False,0.431010452656,False,0.2,True,0.510897690419
1.0,9.0,55.0,2.0,2.0,11.0,0.0,0.0,0.0,1.0,True,False,0.431010452656,False,0.2,True,0.510897690419
1.0,9.0,55.0,2.0,2.0,11.0,0.0,0.0,0.0,1.0,True,False,0.431010452656,False,0.2,True,0.510897690419
1.0,3.0,0.0,1.0,0.5,30.0,0.0,0.0,0.0,1.0,False,False,0.0253147394445,False,0.0,False,0.0745095120303
1.0,3.0,0.0,1.0,0.5,30.0,0.0,0.0,0.0,1.0,False,False,0.0253147394445,False,0.0,False,0.0745095120303
1.0,3.383683,15.835839,0.943693,0.789725,80.62896,0.996062,0.581983,0.447722,4.328061,True,False,0.415267708314,False,0.4,False,0.416766446631
2.0,8.0,3.0,7.0,2.0,63.0,0.0,0.0,0.0,3.0,False,False,0.110552576316,False,0.0666666666667,False,0.0875240053793
1.0,10.245794,55.0,4.792324,2.0,11.0,0.0,0.0,0.0,1.0,True,False,0.290099232857,False,0.366666666667,True,0.544673881407
1.0,3.0,0.0,1.0,2.0,1.0,0.0,0.0,0.0,1.0,False,False,0.0523486845577,False,0.0,False,0.082935335327
1.0,3.0,0.0,1.0,2.0,1.0,0.0,0.0,0.0,1.0,False,False,0.0523486845577,False,0.0,False,0.082935335327
1.0,3.0,0.0,1.0,2.0,1.0,0.0,0.0,0.0,1.0,False,False,0.0523486845577,False,0.0,False,0.082935335327
1.0,3.0,0.0,1.0,2.0,1.0,0.0,0.0,0.0,1.0,False,False,0.0523486845577,False,0.0,False,0.082935335327
1.0,3.0,0.0,1.0,2.0,1.0,0.0,0.0,0.0,1.0,False,False,0.0523486845577,False,0.0,False,0.082935335327
1.0,3.0,0.0,1.0,2.0,1.0,0.0,0.0,0.0,1.0,False,False,0.0523486845577,False,0.0,False,0.082935335327
1.0,9.186051,55.0,2.336909,2.0,11.0,0.0,0.0,0.0,1.0,True,False,0.433704780582,False,0.35,True,0.525986035085
1.0,1.0,24.0,0.0,0.9,50.0,0.0,0.0,0.0,1.0,False,False,0.044218291667,False,0.0,False,0.126710575766
2.0,9.0,3.0,7.0,2.0,67.0,0.0,0.0,0.0,3.0,False,False,0.110425525553,False,0.166666666667,False,0.140759613241
1.0,1.416251,0.848432,0.991228,2.0,9.145829,0.0,0.0,0.0,0.139564,True,False,0.388623526733,True,0.6,False,0.499260896265
1.0,10.334957,55.0,3.430236,2.0,11.0,0.0,0.0,0.0,1.0,True,False,0.442882418776,False,0.5,True,0.625927620086
2.0,9.0,28.0,9.0,2.0,65.0,0.0,0.0,0.0,1.0,False,False,0.148922062033,False,0.2,False,0.122303167473
2.0,9.0,28.0,9.0,2.0,65.0,0.0,0.0,0.0,1.0,False,False,0.148922062033,False,0.2,False,0.122303167473
2.0,15.331629,0.75816,15.771928,0.823607,269.297767,1.0,1.0,2.047534,6.350039,True,True,0.796602334965,True,0.9,True,0.701892777678
1.0,2.0,0.0,0.0,2.0,1.0,0.0,0.0,0.0,1.0,False,False,0.0490679338806,False,0.0,False,0.0812546816728
1.0,2.0,0.0,0.0,2.0,1.0,0.0,0.0,0.0,1.0,False,False,0.0490679338806,False,0.0,False,0.0812546816728
1.0,2.0,0.0,0.0,2.0,1.0,0.0,0.0,0.0,1.0,False,False,0.0490679338806,False,0.0,False,0.0812546816728
2.0,3.0,6.0,3.0,2.0,22.0,0.0,0.0,0.0,1.0,False,False,0.0700136370648,False,0.3,False,0.266598513864
2.0,3.0,6.0,3.0,2.0,22.0,0.0,0.0,0.0,1.0,False,False,0.0700136370648,False,0.3,False,0.266598513864
2.0,3.0,6.0,3.0,2.0,22.0,0.0,0.0,0.0,1.0,False,False,0.0700136370648,False,0.3,False,0.266598513864
1.0,9.28968,55.0,2.546625,2.0,11.0,0.0,0.0,0.0,1.0,True,False,0.435441974397,False,0.35,True,0.540397274906
1.0,2.947009,13.643431,0.729251,0.795912,78.574165,0.399113,0.669041,0.58819,2.228996,True,False,0.402601425149,False,0.5,False,0.448191701911
2.0,7.0,3.0,6.0,2.0,46.0,0.0,0.0,0.0,1.0,False,False,0.0878340257249,False,0.2,False,0.264374193584
1.0,6.0,17.0,0.0,0.822222,128.0,0.0,1.0,1.0,5.0,False,False,0.110491482314,False,0.133333333333,False,0.147941334615
1.0,6.0,17.0,0.0,0.822222,128.0,0.0,1.0,1.0,5.0,False,False,0.110491482314,False,0.133333333333,False,0.147941334615
2.0,8.0,3.0,7.0,2.0,63.0,0.0,0.0,0.0,2.0,False,False,0.104386515198,False,0.05,False,0.0606835856112
1.0,2.0,0.0,0.0,0.5,45.0,0.0,0.0,0.0,3.0,False,False,0.0279877988434,False,0.0,False,0.0640942807593
1.0,2.0,0.0,0.0,0.5,45.0,0.0,0.0,0.0,3.0,False,False,0.0279877988434,False,0.0,False,0.0640942807593
1.0,8.0,61.0,1.0,0.788462,154.0,1.0,1.0,1.0,7.0,False,True,0.673877174977,True,0.658333333333,True,0.705057464116
1.0,8.0,61.0,1.0,0.788462,154.0,1.0,1.0,1.0,7.0,True,True,0.673877174977,True,0.658333333333,True,0.705057464116
1.0,2.0,4.0,0.0,0.75,31.0,0.0,0.0,0.0,1.0,False,False,0.0292262750385,False,0.0,False,0.110517600191
1.0,2.0,4.0,0.0,0.75,31.0,0.0,0.0,0.0,1.0,False,False,0.0292262750385,False,0.0,False,0.110517600191
1.0,4.0,11.0,0.0,0.777778,39.0,0.0,0.0,0.0,1.0,False,False,0.0308507456453,False,0.1,False,0.148389862066
2.0,5.112821,1.991882,5.92443,1.556461,56.027431,0.051448,0.722063,0.659085,1.0,True,False,0.454794558219,True,1.0,True,0.736683914475
1.0,2.33166,2.959821,0.512354,2.0,7.051731,0.0,0.0,0.0,0.963012,True,False,0.0534626175346,True,0.9,True,0.5329051019
1.0,8.0,0.0,7.0,1.0,168.0,1.0,0.0,0.0,3.0,False,False,0.109048846632,False,0.1,False,0.366214293261
1.0,8.0,0.0,7.0,1.0,168.0,1.0,0.0,0.0,3.0,False,False,0.109048846632,False,0.1,False,0.366214293261
1.0,8.0,0.0,7.0,1.0,168.0,1.0,0.0,0.0,3.0,False,False,0.109048846632,False,0.1,False,0.366214293261
1.0,2.0,24.0,0.0,0.84375,49.0,0.0,0.0,0.0,1.0,False,False,0.0411708592499,False,0.0,False,0.125221694764
1.0,1.0,1.0,1.0,2.0,9.0,0.0,0.0,0.0,1.0,False,False,0.0582084347777,False,0.0,False,0.411565911039
1.0,1.0,1.0,1.0,2.0,9.0,0.0,0.0,0.0,1.0,False,False,0.0582084347777,False,0.0,False,0.411565911039
1.0,1.0,1.0,1.0,2.0,9.0,0.0,0.0,0.0,1.0,False,False,0.0582084347777,False,0.0,False,0.411565911039
1.0,9.0,14.0,1.0,0.857143,46.0,1.0,0.0,0.0,1.0,False,False,0.034641622895,False,0.0,False,0.188554564091
1.0,9.0,14.0,1.0,0.857143,46.0,1.0,0.0,0.0,1.0,False,False,0.034641622895,False,0.0,False,0.188554564091
1.0,9.0,14.0,1.0,0.857143,46.0,1.0,0.0,0.0,1.0,False,False,0.034641622895,False,0.0,False,0.188554564091
1.0,5.0,10.0,1.0,0.619048,56.0,0.0,0.0,0.0,1.0,False,False,0.0312905893052,False,0.0,False,0.203983571908
1.565284,3.200102,3.18571,0.971101,2.0,29.937994,0.0,0.0,0.0,0.115419,True,False,0.389893238874,True,0.9,True,0.672075176459
2.0,7.0,3.0,6.0,2.0,48.0,0.0,0.0,0.0,1.0,False,False,0.0883583405537,False,0.2,False,0.267315141794
2.0,8.0,3.0,7.0,2.0,52.0,0.0,0.0,0.0,2.0,False,False,0.101096957862,False,0.0,False,0.0450833468745
2.0,8.0,3.0,7.0,2.0,52.0,0.0,0.0,0.0,2.0,False,False,0.124464980041,False,0.0,False,0.0628944565987
2.0,8.0,3.0,7.0,2.0,54.0,0.0,0.0,0.0,2.0,False,False,0.124974224761,False,0.0,False,0.063236643309
2.0,8.0,3.0,7.0,2.0,55.0,0.0,0.0,0.0,2.0,False,False,0.125230736656,False,0.0,False,0.0628151397907
2.0,8.0,3.0,7.0,2.0,55.0,0.0,0.0,0.0,2.0,False,False,0.125230736656,False,0.0,False,0.0628151397907
2.0,8.0,3.0,7.0,2.0,55.0,0.0,0.0,0.0,2.0,False,False,0.125230736656,False,0.0,False,0.0628151397907
1.0,1.0,3.0,0.0,2.0,3.0,0.0,0.0,0.0,1.0,False,False,0.398363827298,False,0.3,False,0.456631141064
1.0,1.0,3.0,0.0,2.0,3.0,0.0,0.0,0.0,1.0,False,False,0.398363827298,False,0.3,False,0.456631141064
1.0,1.0,3.0,0.0,2.0,3.0,0.0,0.0,0.0,1.0,False,False,0.398363827298,False,0.3,False,0.456631141064
1.0,4.0,0.0,0.0,0.833333,22.0,0.0,0.0,0.0,1.0,False,False,0.0331216076947,False,0.0,False,0.128523980149
1.0,4.0,0.0,0.0,0.833333,22.0,0.0,0.0,0.0,1.0,False,False,0.0331216076947,False,0.0,False,0.128523980149
1.0,4.0,0.0,0.0,0.833333,22.0,0.0,0.0,0.0,1.0,False,False,0.0331216076947,False,0.0,False,0.128523980149
1.0,0.380625,1.865133,0.145907,2.0,18.407526,0.0,0.0,0.0,0.483253,True,False,0.400218592693,False,0.475,False,0.490060016216
1.0,0.0,0.0,0.0,1.0,23.0,0.0,0.0,0.0,1.0,False,False,0.0404438551069,False,0.0,False,0.109303948762
1.0,0.0,0.0,0.0,1.0,23.0,0.0,0.0,0.0,1.0,False,False,0.0404438551069,False,0.0,False,0.109303948762
1.0,0.0,0.0,0.0,1.0,23.0,0.0,0.0,0.0,1.0,False,False,0.0404438551069,False,0.0,False,0.109303948762
1.485048,4.635047,1.147745,4.706802,2.0,35.111847,0.0,0.0,0.0,0.506511,True,False,0.429205134916,True,0.9,True,0.703437758731
1.0,3.0,6.0,0.0,2.0,17.0,0.0,0.0,0.0,1.0,False,False,0.065876525836,False,0.2,False,0.345534767698
1.0,3.0,6.0,0.0,2.0,17.0,0.0,0.0,0.0,1.0,False,False,0.065876525836,False,0.2,False,0.345534767698
1.0,3.0,6.0,0.0,2.0,17.0,0.0,0.0,0.0,1.0,False,False,0.065876525836,False,0.2,False,0.345534767698
2.0,9.0,15.0,9.0,2.0,60.0,0.0,0.0,0.0,1.0,False,False,0.158871633507,False,0.0,False,0.0737346300593
1.0,11.0,4.0,7.0,0.666667,111.0,0.0,0.0,0.0,3.0,False,False,0.0820426830208,False,0.0,False,0.27867971199
1.0,11.0,4.0,7.0,0.666667,111.0,0.0,0.0,0.0,3.0,False,False,0.0820426830208,False,0.0,False,0.27867971199
2.0,5.0,6.0,5.0,2.0,38.0,0.0,0.0,0.0,1.0,False,False,0.436048883431,True,0.8,True,0.564796617279
2.0,5.0,6.0,5.0,2.0,38.0,0.0,0.0,0.0,1.0,False,False,0.436048883431,True,0.8,True,0.564796617279
2.0,5.0,6.0,5.0,2.0,38.0,0.0,0.0,0.0,1.0,False,False,0.436048883431,True,0.8,True,0.564796617279
1.0,3.0,1.0,1.0,2.0,32.0,0.0,0.0,0.0,2.0,False,False,0.0745560130047,False,0.0,False,0.132845204685
1.0,6.0,0.0,5.0,0.666667,68.0,1.0,0.0,0.0,3.0,False,False,0.058706386452,False,0.0666666666667,False,0.44407969842
2.0,7.0,21.0,7.0,2.0,73.0,0.0,0.0,0.0,2.0,False,False,0.154422379325,False,0.1,False,0.165051419225
2.0,7.0,21.0,7.0,2.0,73.0,0.0,0.0,0.0,2.0,False,False,0.154422379325,False,0.1,False,0.165051419225
2.0,7.0,21.0,7.0,2.0,73.0,0.0,0.0,0.0,2.0,False,False,0.154422379325,False,0.1,False,0.165051419225
1.0,7.0,17.0,0.0,0.814286,150.0,0.0,0.0,0.0,3.0,False,False,0.0623979915831,False,0.0,False,0.149672589041
1.0,7.0,17.0,0.0,0.814286,150.0,0.0,0.0,0.0,3.0,False,False,0.0623979915831,False,0.0,False,0.149672589041
1.0,7.0,17.0,0.0,0.814286,150.0,0.0,0.0,0.0,3.0,False,False,0.0623979915831,False,0.0,False,0.149672589041
2.0,4.0,1.0,4.0,2.0,11.0,0.0,0.0,0.0,1.0,False,False,0.0862102115432,False,0.1,False,0.347384454112
2.0,4.0,1.0,4.0,2.0,11.0,0.0,0.0,0.0,1.0,False,False,0.0862102115432,False,0.1,False,0.347384454112
2.0,4.0,1.0,4.0,2.0,11.0,0.0,0.0,0.0,1.0,False,False,0.0862102115432,False,0.1,False,0.347384454112
1.0,2.0,3.0,0.0,0.8,35.0,0.0,0.0,0.0,1.0,False,False,0.0357721740105,False,0.0,False,0.246475809171
1.0,2.0,3.0,0.0,0.8,35.0,0.0,0.0,0.0,1.0,False,False,0.0357721740105,False,0.0,False,0.246475809171
1.0,2.0,3.0,0.0,0.8,35.0,0.0,0.0,0.0,1.0,False,False,0.0357721740105,False,0.0,False,0.246475809171
2.0,7.0,6.0,7.0,2.0,29.0,0.0,0.0,0.0,1.0,False,False,0.117306855667,False,0.3,False,0.426083044398
1.0,7.0,10.0,0.0,0.8,75.0,0.0,0.0,0.0,2.0,True,False,0.0419608151301,False,0.0,False,0.209281024612
1.0,7.0,10.0,0.0,0.8,75.0,0.0,0.0,0.0,2.0,False,False,0.0419608151301,False,0.0,False,0.209281024612
1.0,7.0,10.0,0.0,0.8,75.0,0.0,0.0,0.0,2.0,False,False,0.0419608151301,False,0.0,False,0.209281024612
2.0,4.326893,3.832805,4.857832,1.980373,37.560334,0.0,0.549251,0.394109,1.0,True,False,0.470503611328,True,1.0,True,0.797167011633
1.0,4.0,10.0,1.0,2.0,5.0,0.0,0.0,0.0,1.0,False,False,0.0716764151043,False,0.1,False,0.0941340608709
1.0,4.0,10.0,1.0,2.0,5.0,0.0,0.0,0.0,1.0,False,False,0.0716764151043,False,0.1,False,0.0941340608709
1.0,4.0,10.0,1.0,2.0,5.0,0.0,0.0,0.0,1.0,False,False,0.0716764151043,False,0.1,False,0.0941340608709
2.0,4.0,1.0,4.0,2.0,30.0,0.0,0.0,0.0,2.0,False,False,0.0943431871442,False,0.4,False,0.343757384424
2.0,4.0,1.0,4.0,2.0,30.0,0.0,0.0,0.0,2.0,False,False,0.0943431871442,False,0.4,False,0.343757384424
2.0,4.0,1.0,4.0,2.0,30.0,0.0,0.0,0.0,2.0,False,False,0.0943431871442,False,0.4,False,0.343757384424
2.0,7.0,15.0,7.0,2.0,46.0,0.0,0.0,0.0,1.0,False,False,0.131920393966,False,0.3,False,0.219275301025
2.0,7.0,15.0,7.0,2.0,46.0,0.0,0.0,0.0,1.0,False,False,0.131920393966,False,0.3,False,0.219275301025
2.0,7.0,15.0,7.0,2.0,46.0,0.0,0.0,0.0,1.0,False,False,0.131920393966,False,0.3,False,0.219275301025
1.0,2.0,1.0,0.0,2.0,2.0,0.0,0.0,0.0,1.0,False,False,0.0619302767255,False,0.0,False,0.179085190653
1.0,2.0,1.0,0.0,2.0,2.0,0.0,0.0,0.0,1.0,False,False,0.0619302767255,False,0.0,False,0.179085190653
1.0,2.0,1.0,0.0,2.0,2.0,0.0,0.0,0.0,1.0,False,False,0.0619302767255,False,0.0,False,0.179085190653
1.0,2.910418,1.946548,0.79705,2.0,11.591574,0.0,0.0,0.0,0.378913,True,False,0.398601530987,True,0.6,True,0.639324639674
1.0,3.0,3.0,2.0,2.0,3.0,0.0,0.0,0.0,1.0,False,False,0.407567337787,False,0.5,True,0.501915248412
1.0,3.0,3.0,2.0,2.0,3.0,0.0,0.0,0.0,1.0,False,False,0.407567337787,False,0.5,True,0.501915248412
1.0,3.0,3.0,2.0,2.0,3.0,0.0,0.0,0.0,1.0,False,False,0.407567337787,False,0.5,True,0.501915248412
1.0,9.0,10.0,1.0,2.0,5.0,0.0,0.0,0.0,1.0,False,False,0.0658789236563,False,0.0,False,0.124847291942
1.0,8.0,21.0,2.0,2.0,7.0,0.0,0.0,0.0,1.0,False,False,0.0829575862435,False,0.0,False,0.0337436396846
1.0,8.0,21.0,2.0,2.0,7.0,0.0,0.0,0.0,1.0,False,False,0.100360304203,False,0.2,False,0.131122508858
1.0,5.0,3.0,1.0,2.0,3.0,0.0,0.0,0.0,1.0,False,False,0.0767797241923,False,0.0,False,0.257636259027
1.0,5.0,3.0,1.0,2.0,3.0,0.0,0.0,0.0,1.0,False,False,0.0767797241923,False,0.0,False,0.257636259027
1.0,8.0,10.0,5.0,2.0,5.0,0.0,0.0,0.0,1.0,False,False,0.112668979457,False,0.0,False,0.147988999692
1.0,8.0,10.0,5.0,2.0,5.0,0.0,0.0,0.0,1.0,False,False,0.112668979457,False,0.0,False,0.147988999692
1.0,8.0,10.0,5.0,2.0,5.0,0.0,0.0,0.0,1.0,False,False,0.112668979457,False,0.0,False,0.147988999692
1.0,6.0,1.0,2.0,2.0,2.0,0.0,0.0,0.0,1.0,False,False,0.0813610792762,False,0.1,False,0.357628925499
1.0,8.0,28.0,2.0,2.0,8.0,0.0,0.0,0.0,1.0,False,False,0.108646741707,False,0.2,False,0.282879672726
2.0,6.0,6.0,6.0,2.0,28.0,0.0,0.0,0.0,1.0,True,False,0.0876994103252,False,0.133333333333,False,0.292872129319
2.0,6.0,6.0,6.0,2.0,28.0,0.0,0.0,0.0,1.0,True,False,0.0876994103252,False,0.133333333333,False,0.292872129319
2.0,6.0,6.0,6.0,2.0,28.0,0.0,0.0,0.0,1.0,True,False,0.0876994103252,False,0.133333333333,False,0.292872129319
1.0,4.0,3.0,2.0,2.0,3.0,0.0,0.0,0.0,1.0,False,False,0.0832834889106,False,0.0,False,0.19187680362
1.0,5.0,1.0,2.0,2.0,2.0,0.0,0.0,0.0,1.0,False,False,0.0814213912718,False,0.0,False,0.269823955396
1.0,5.0,1.0,2.0,2.0,2.0,0.0,0.0,0.0,1.0,False,False,0.0814213912718,False,0.0,False,0.269823955396
1.0,5.0,6.0,0.0,2.0,4.0,0.0,0.0,0.0,1.0,False,False,0.0732252875251,False,0.0,False,0.13189089409
1.0,5.0,6.0,0.0,2.0,4.0,0.0,0.0,0.0,1.0,False,False,0.0732252875251,False,0.0,False,0.13189089409
1.0,5.0,6.0,0.0,2.0,4.0,0.0,0.0,0.0,1.0,False,False,0.0732252875251,False,0.0,False,0.13189089409
1.0,10.0,28.0,2.0,2.0,8.0,0.0,0.0,0.0,1.0,False,False,0.110233874438,False,0.3,True,0.501646615088
1.0,4.0,15.0,2.0,2.0,84.0,0.0,0.0,0.0,1.0,False,False,0.110868885369,False,0.1,False,0.229543163518
1.0,4.0,15.0,2.0,2.0,84.0,0.0,0.0,0.0,1.0,False,False,0.110868885369,False,0.1,False,0.229543163518
1.0,6.0,15.0,2.0,2.0,6.0,0.0,0.0,0.0,1.0,False,False,0.0937628638717,False,0.1,False,0.237995363617
1.0,6.0,15.0,2.0,2.0,6.0,0.0,0.0,0.0,1.0,False,False,0.0937628638717,False,0.1,False,0.237995363617
1.0,6.0,15.0,2.0,2.0,6.0,0.0,0.0,0.0,1.0,False,False,0.0937628638717,False,0.1,False,0.237995363617
2.0,5.877537,1.272326,4.562948,2.0,36.705324,0.0,0.277434,0.329687,1.0,True,False,0.424947567011,True,1.0,True,0.618829667881
1.0,5.0,1.0,1.0,2.0,2.0,0.0,0.0,0.0,1.0,False,False,0.0752146454894,False,0.0,False,0.284634919231
1.0,8.0,10.0,1.0,2.0,5.0,0.0,0.0,0.0,1.0,False,False,0.0827473740764,False,0.0,False,0.055150081818
1.0,8.0,10.0,1.0,2.0,5.0,0.0,0.0,0.0,1.0,False,False,0.0827473740764,False,0.0,False,0.055150081818
1.0,3.0,3.0,1.0,2.0,3.0,0.0,0.0,0.0,1.0,True,False,0.0772063779519,False,0.0,False,0.141778007572
1.0,3.0,3.0,1.0,2.0,3.0,0.0,0.0,0.0,1.0,True,False,0.0772063779519,False,0.0,False,0.141778007572
1.0,3.0,3.0,1.0,2.0,3.0,0.0,0.0,0.0,1.0,True,False,0.0772063779519,False,0.0,False,0.141778007572
1.0,6.0,21.0,2.0,2.0,7.0,0.0,0.0,0.0,1.0,False,False,0.0999432425328,False,0.2,False,0.312129158398
1.0,3.0,1.0,1.0,2.0,2.0,0.0,0.0,0.0,1.0,False,False,0.0756181568717,False,0.0,False,0.240541098132
1.0,3.0,1.0,1.0,2.0,2.0,0.0,0.0,0.0,1.0,False,False,0.0756181568717,False,0.0,False,0.240541098132
1.0,3.0,1.0,1.0,2.0,2.0,0.0,0.0,0.0,1.0,False,False,0.0756181568717,False,0.0,False,0.240541098132
1.0,7.0,15.0,2.0,2.0,6.0,0.0,0.0,0.0,1.0,False,False,0.0938341519772,False,0.1,False,0.124315993604
2.0,6.0,3.0,6.0,2.0,21.0,0.0,0.0,0.0,1.0,False,False,0.0841277991646,False,0.333333333333,False,0.416513315305
1.0,6.0,28.0,1.0,2.0,8.0,0.0,0.0,0.0,1.0,False,False,0.100433694544,False,0.2,False,0.34972791342
1.0,6.0,28.0,1.0,2.0,8.0,0.0,0.0,0.0,1.0,False,False,0.100433694544,False,0.2,False,0.34972791342
1.0,6.0,28.0,1.0,2.0,8.0,0.0,0.0,0.0,1.0,False,False,0.100433694544,False,0.2,False,0.34972791342
1.0,9.0,15.0,2.0,2.0,6.0,0.0,0.0,0.0,1.0,False,False,0.0945216244249,False,0.2,False,0.415916857576
1.0,9.0,15.0,2.0,2.0,6.0,0.0,0.0,0.0,1.0,False,False,0.0945216244249,False,0.2,False,0.415916857576
1.0,9.0,15.0,2.0,2.0,6.0,0.0,0.0,0.0,1.0,False,False,0.0945216244249,False,0.2,False,0.415916857576
1.0,7.0,21.0,2.0,2.0,7.0,0.0,0.0,0.0,1.0,False,False,0.10005893427,False,0.2,False,0.216865651687
2.0,6.0,6.0,6.0,2.0,27.0,0.0,0.0,0.0,1.0,False,False,0.0875211759164,False,0.133333333333,False,0.397768948914
1.0,7.0,10.0,2.0,2.0,5.0,0.0,0.0,0.0,1.0,False,False,0.0891110211455,False,0.0,False,0.136345102059
1.0,8.0,28.0,2.0,2.0,8.0,0.0,0.0,0.0,1.0,False,False,0.108646741707,False,0.2,False,0.282879672726
1.0,9.0,15.0,3.0,2.0,6.0,0.0,0.0,0.0,1.0,False,False,0.101961616312,False,0.2,False,0.455806913684
1.0,9.0,15.0,3.0,2.0,6.0,0.0,0.0,0.0,1.0,False,False,0.101961616312,False,0.2,False,0.455806913684
1.0,7.0,15.0,2.0,2.0,6.0,0.0,0.0,0.0,1.0,False,False,0.0938341519772,False,0.1,False,0.124315993604
1.0,7.0,15.0,2.0,2.0,6.0,0.0,0.0,0.0,1.0,False,False,0.0938341519772,False,0.1,False,0.124315993604
1.0,7.0,28.0,2.0,2.0,8.0,0.0,0.0,0.0,1.0,False,False,0.108226737194,False,0.2,False,0.30147560213
1.0,6.0,6.0,1.0,2.0,4.0,0.0,0.0,0.0,1.0,False,False,0.0791063735248,False,0.1,False,0.20600089324
1.0,6.0,6.0,1.0,2.0,4.0,0.0,0.0,0.0,1.0,False,False,0.0791063735248,False,0.1,False,0.20600089324
1.0,6.0,6.0,1.0,2.0,4.0,0.0,0.0,0.0,1.0,False,False,0.0791063735248,False,0.1,False,0.20600089324
1.0,4.0,3.0,1.0,2.0,3.0,0.0,0.0,0.0,1.0,False,False,0.0769401268104,False,0.0,False,0.190295606081
1.0,5.0,21.0,2.0,2.0,7.0,0.0,0.0,0.0,1.0,False,False,0.0999899805977,False,0.2,False,0.290305033216
1.0,6.0,21.0,2.0,2.0,7.0,0.0,0.0,0.0,1.0,False,False,0.0999432425328,False,0.2,False,0.312129158398
1.0,6.0,21.0,2.0,2.0,7.0,0.0,0.0,0.0,1.0,False,False,0.0999432425328,False,0.2,False,0.312129158398
1.0,5.0,21.0,2.0,2.0,7.0,0.0,0.0,0.0,1.0,False,False,0.0999899805977,False,0.2,False,0.290305033216
1.0,5.0,21.0,2.0,2.0,7.0,0.0,0.0,0.0,1.0,False,False,0.0999899805977,False,0.2,False,0.290305033216
1.0,5.0,21.0,2.0,2.0,7.0,0.0,0.0,0.0,1.0,False,False,0.0999899805977,False,0.2,False,0.290305033216
