cbo,ca,npm,dam,mfa,max_cc,buggy,Voting_Prediction,Voting_Pred_Prob,RandomForest_Prediction,RandomForest_Pred_Prob,AdaBoost_Prediction,AdaBoost_Pred_Prob,selectedEnsemble
1.0,1.0,0.0,0.0,0.0,0.0,True,False,0.48660767804899996,False,0.5,True,0.6,AdaBoost
4.0,3.0,0.0,0.0,0.0,0.0,True,True,0.843987065281,True,0.6,True,0.9,Voting
4.0,3.0,0.0,0.0,0.0,0.0,True,True,0.843987065281,True,0.6,True,0.9,Voting
2.0,2.0,0.0,0.0,0.0,0.0,True,True,0.786288312172,False,0.4,False,0.5,Voting
6.0,3.0,7.0,0.0,0.0,1.0,True,True,0.999999999961,True,1.0,True,1.0,Voting
7.0,1.0,1.0,1.0,0.0,1.0,True,True,0.989278475646,True,0.9,True,1.0,Voting
5.0,2.0,6.0,1.0,0.85,2.0,True,True,0.999999876648,True,1.0,True,1.0,Voting
20.0,2.0,6.0,1.0,0.8888889999999999,9.0,True,True,0.999994717354,True,1.0,True,1.0,Voting
3.0,2.0,9.0,0.0,0.0,7.0,True,True,0.9999999834909999,True,1.0,True,0.9,Voting
4.0,1.0,3.0,1.0,0.9895290000000001,2.0,True,True,0.9962837875220001,True,1.0,True,1.0,Voting
13.0,6.0,1.0,1.0,0.0,6.0,True,True,0.668675158758,True,0.9,True,1.0,Voting
1.280052,1.277089,0.0,0.180152,0.0,9.069754,False,False,0.0027405847003099996,False,0.0,False,2.22044604925e-16,Voting
3.0,1.0,8.0,1.0,0.590909,2.0,True,True,0.9999999998019999,True,1.0,True,1.0,Voting
1.730543,1.019588,0.0,0.167878,0.344886,6.994584,False,False,6.12070683256e-05,False,0.0,False,2.22044604925e-16,Voting
7.0,0.0,3.0,0.0,0.96,1.0,True,True,0.9999869628829999,True,1.0,True,1.0,Voting
8.0,8.0,4.0,0.086957,0.0,1.0,True,True,0.999995249702,True,1.0,True,1.0,Voting
1.474594,1.0,0.0,0.306248,0.285621,8.651238000000001,False,False,0.00027892181880900005,False,0.0,False,2.22044604925e-16,Voting
8.0,8.0,11.0,0.8,0.0,4.0,True,True,1.0,True,1.0,True,1.0,Voting
1.0,0.0,7.0,1.0,0.0,1.0,True,True,0.9999999994159999,True,1.0,True,1.0,Voting
3.0,2.0,0.0,0.0,0.0,3.0,True,False,0.332045226964,False,0.2,False,0.2,Voting
19.0,5.0,4.0,1.0,0.949153,4.0,True,True,0.9999962290009999,True,1.0,True,1.0,Voting
12.0,0.0,4.0,0.0,0.941176,1.0,True,True,0.9999999815899999,True,1.0,True,1.0,Voting
5.0,1.0,4.0,0.0,0.75,1.0,True,True,0.999997977447,True,1.0,True,1.0,Voting
15.0,1.0,8.0,1.0,0.925532,2.0,True,True,1.0,True,1.0,True,1.0,Voting
3.0,0.0,10.0,1.0,0.590909,4.0,True,True,0.999999999994,True,1.0,True,1.0,Voting
1.0,1.0,1.0,0.0,1.0,0.0,True,True,0.871382817283,True,1.0,True,1.0,Voting
4.0,2.0,8.0,0.0,0.708333,2.0,True,True,0.999999999933,True,1.0,True,1.0,Voting
17.0,1.0,7.0,1.0,0.9220780000000001,2.0,True,True,0.999999999999,True,1.0,True,1.0,Voting
8.0,8.0,1.0,0.0,0.0,1.0,True,True,0.926191746353,True,1.0,True,1.0,Voting
8.0,8.0,1.0,0.0,0.0,1.0,True,True,0.926191746353,True,1.0,True,1.0,Voting
2.0,0.0,2.0,0.75,0.0,1.0,True,True,0.9960643103,True,1.0,True,1.0,Voting
12.0,5.0,7.0,0.0,0.0,4.0,True,True,0.999999999211,True,1.0,True,1.0,Voting
7.0,1.0,2.0,0.0,0.727273,1.0,True,True,0.999572891738,True,1.0,True,1.0,Voting
9.0,1.0,4.0,1.0,0.0,1.0,True,True,0.999999860878,True,1.0,True,1.0,Voting
2.0,1.0,6.0,0.0,1.0,0.0,True,True,0.9999999959020001,True,1.0,True,1.0,Voting
21.0,2.0,4.0,1.0,0.933333,4.0,True,True,0.999999816901,True,1.0,True,1.0,Voting
14.0,4.0,4.0,1.0,0.947368,1.0,True,True,0.9999998247409999,True,1.0,True,1.0,Voting
7.0,3.0,2.0,0.0,0.0,1.0,True,True,0.999636707886,True,1.0,True,1.0,Voting
14.0,0.0,7.0,0.44444399999999995,0.9220780000000001,3.0,True,True,0.999999999983,True,1.0,True,1.0,Voting
16.0,2.0,4.0,1.0,0.0,5.0,True,True,0.999994464539,True,1.0,True,1.0,Voting
4.0,4.0,13.0,1.0,0.0,2.0,True,True,1.0,True,1.0,True,1.0,Voting
11.0,1.0,7.0,1.0,0.958333,1.0,True,True,0.99999999999,True,1.0,True,1.0,Voting
4.0,1.0,3.0,1.0,0.0,6.0,True,True,0.7372133899850001,True,1.0,True,0.8,Voting
10.0,2.0,2.0,1.0,0.0,1.0,True,True,0.999897090065,True,1.0,True,1.0,Voting
0.0,0.0,12.0,1.0,0.0,2.0,True,True,1.0,True,1.0,True,1.0,Voting
3.0,2.0,0.0,1.0,0.0,1.0,True,False,0.348272003828,False,0.5,False,0.4,Voting
2.0,2.0,2.0,0.0,0.0,0.0,True,True,0.9992510511079999,True,1.0,True,1.0,Voting
5.0,1.0,0.0,0.0,0.0,4.0,True,True,0.567898724665,False,0.4,True,0.6,Voting
13.0,1.0,7.0,0.5,0.5,1.0,True,True,0.999999999999,True,1.0,True,1.0,Voting
1.745427,1.127443,0.0,0.151295,0.351269,7.451196,False,False,5.70435612879e-05,False,0.0,False,2.22044604925e-16,Voting
4.0,0.0,9.0,1.0,0.6190479999999999,3.0,True,True,0.999999999985,True,1.0,True,1.0,Voting
11.0,7.0,9.0,1.0,0.0,3.0,True,True,0.999999999997,True,1.0,True,1.0,Voting
1.0,1.0,11.0,1.0,0.0,4.0,True,True,1.0,True,0.8,True,1.0,Voting
1.447899,1.0,0.0,0.488753,0.36436,8.135672,False,False,0.000621072175794,False,0.0,False,2.22044604925e-16,Voting
8.0,3.0,5.0,0.5,0.0,4.0,True,True,0.999995295906,True,1.0,True,1.0,Voting
1.787422,1.0,0.0,0.289927,0.387808,7.103250999999999,False,False,7.67605232851e-05,False,0.0,False,2.22044604925e-16,Voting
9.0,1.0,2.0,1.0,0.923077,4.0,True,True,0.887273628436,True,1.0,True,1.0,Voting
18.0,1.0,6.0,1.0,0.9,5.0,True,True,0.999999994439,True,1.0,True,1.0,Voting
5.0,0.0,2.0,0.0,0.984615,1.0,True,True,0.99863195594,True,1.0,True,1.0,Voting
2.0,0.0,9.0,1.0,0.0,3.0,True,True,0.999999999983,True,0.9,True,0.9,Voting
9.0,0.0,3.0,0.0,0.96,1.0,True,True,0.99999636471,True,1.0,True,1.0,Voting
3.0,0.0,10.0,1.0,0.590909,2.0,True,True,1.0,True,1.0,True,1.0,Voting
6.0,5.0,3.0,0.0,0.0,0.0,True,True,0.999988410995,True,1.0,True,1.0,Voting
2.0,1.0,1.0,0.0,1.0,0.0,True,True,0.646288851235,True,1.0,True,1.0,Voting
10.0,1.0,1.0,0.0,0.990566,1.0,True,True,0.9998067018119999,True,1.0,True,1.0,Voting
9.0,1.0,5.0,0.5,0.9047620000000001,8.0,True,True,0.983366720451,True,1.0,True,1.0,Voting
19.0,1.0,3.0,0.0,0.949153,5.0,True,True,0.999999747598,True,1.0,True,1.0,Voting
7.0,7.0,2.0,0.0,0.0,1.0,True,True,0.99938121229,True,1.0,True,1.0,Voting
1.0,0.0,1.0,0.0,1.0,0.0,True,True,0.8925530714700002,True,1.0,True,1.0,Voting
7.0,2.0,2.0,1.0,0.9545450000000001,1.0,True,True,0.9994715710700001,True,1.0,True,1.0,Voting
3.0,2.0,5.0,1.0,0.0,3.0,True,True,0.999960283188,True,1.0,True,0.9,Voting
17.0,0.0,5.0,1.0,0.903226,3.0,True,True,0.999999999936,True,1.0,True,1.0,Voting
6.0,2.0,5.0,0.0,0.0,1.0,True,True,0.999999979242,True,1.0,True,1.0,Voting
1.52601,1.150854,0.0,0.053488,0.337545,6.350129,False,False,4.56675903064e-05,False,0.0,False,2.22044604925e-16,Voting
1.537568,1.892196,0.0,0.110671,0.0,7.262188,False,False,0.312261939623,False,0.2,False,0.2,Voting
3.0,3.0,6.0,1.0,0.0,3.0,True,True,0.999995681075,True,1.0,True,1.0,Voting
9.0,3.0,4.0,0.75,0.9863639999999999,1.0,True,True,0.999999551149,True,1.0,True,1.0,Voting
8.0,0.0,3.0,0.0,0.955224,1.0,True,True,0.999997118091,True,1.0,True,1.0,Voting
3.0,2.0,11.0,0.5,0.583333,3.0,True,True,0.999999999991,True,0.9,True,0.9,Voting
4.0,4.0,5.0,0.0,0.0,0.0,True,True,0.9999999349809999,True,1.0,True,1.0,Voting
4.0,2.0,8.0,1.0,0.722222,4.0,True,True,0.9999998187799999,True,1.0,True,1.0,Voting
5.0,4.0,3.0,0.0,0.0,1.0,True,True,0.999948004988,True,1.0,True,1.0,Voting
3.0,1.0,10.0,1.0,0.590909,2.0,True,True,0.9999999999889999,True,1.0,True,1.0,Voting
6.0,1.0,8.0,1.0,0.65,6.0,True,True,0.999999289452,True,1.0,True,1.0,Voting
8.0,1.0,3.0,0.0,0.9908680000000001,1.0,True,True,0.999994296258,True,1.0,True,1.0,Voting
4.0,3.0,6.0,0.0,0.0,7.0,True,True,0.9941396169619999,True,1.0,True,1.0,Voting
1.0,1.0,5.0,0.0,0.8888889999999999,4.0,True,True,0.987072460546,True,0.9,True,0.9,Voting
15.0,3.0,6.0,1.0,0.903226,5.0,True,True,0.999999987449,True,1.0,True,1.0,Voting
2.0,1.0,8.0,1.0,0.932692,5.0,True,True,0.999988091741,True,1.0,True,1.0,Voting
5.0,0.0,2.0,0.0,0.982143,1.0,True,True,0.998833380226,True,1.0,True,1.0,Voting
13.0,0.0,7.0,1.0,0.9220780000000001,1.0,True,True,1.0,True,1.0,True,1.0,Voting
5.0,5.0,3.0,0.5,0.9444440000000001,1.0,True,True,0.998683094461,True,1.0,True,1.0,Voting
9.0,2.0,4.0,1.0,0.978723,2.0,True,True,0.9999978674240001,True,1.0,True,1.0,Voting
1.8453950000000001,1.0,0.0,0.215779,0.375577,6.825483,False,False,2.03320702897e-05,False,0.0,False,2.22044604925e-16,Voting
6.0,6.0,1.0,0.0,0.0,1.0,True,True,0.9845698647390001,True,1.0,True,1.0,Voting
2.0,2.0,3.0,0.0,0.95,5.0,True,True,0.6714684184649999,True,0.9,True,0.9,Voting
0.0,0.0,4.0,0.0,0.9638549999999999,1.0,True,True,0.999251443477,True,1.0,True,1.0,Voting
17.0,3.0,4.0,1.0,0.933333,5.0,True,True,0.9999995379530001,True,1.0,True,1.0,Voting
6.0,0.0,3.0,0.0,0.0,6.0,True,True,0.942567619033,True,1.0,True,0.9,Voting
1.702616,1.04976,0.0,0.162925,0.031205,7.242567,False,False,9.18303583108e-05,False,0.0,False,2.22044604925e-16,Voting
10.0,0.0,3.0,0.0,0.99,1.0,True,True,0.999999606831,True,1.0,True,1.0,Voting
9.0,0.0,3.0,0.0,0.99,1.0,True,True,0.999998884323,True,1.0,True,1.0,Voting
9.0,0.0,3.0,0.0,0.99,1.0,True,True,0.999998884323,True,1.0,True,1.0,Voting
8.0,1.0,4.0,1.0,0.8,3.0,True,True,0.9999827498139999,True,1.0,True,1.0,Voting
4.0,4.0,3.0,1.0,0.0,3.0,True,True,0.988083726602,True,1.0,True,0.9,Voting
5.0,1.0,3.0,0.0,0.976563,4.0,True,True,0.940900401166,True,1.0,True,1.0,Voting
2.04525,1.0,1.7100919999999997,0.961091,0.049361,3.243794,False,True,0.739755901037,False,0.2,False,2.22044604925e-16,Voting
16.0,3.0,10.0,0.75,0.951456,4.0,True,True,1.0,True,1.0,True,1.0,Voting
11.0,0.0,4.0,1.0,0.9594590000000001,1.0,True,True,0.9999999906299999,True,1.0,True,1.0,Voting
11.0,0.0,4.0,1.0,0.9594590000000001,1.0,True,True,0.9999999906299999,True,1.0,True,1.0,Voting
4.0,3.0,6.0,0.5,0.975124,3.0,True,True,0.9999807352850001,True,1.0,True,1.0,Voting
1.194882,1.1994559999999999,0.474797,0.176922,0.0,6.196324,False,False,0.00184270284759,False,0.0,False,2.22044604925e-16,Voting
4.0,2.0,3.0,0.5,0.9864860000000001,1.0,True,True,0.999277746047,True,1.0,True,1.0,Voting
2.1108439999999997,1.0,0.0,0.045017,0.375471,6.627483,False,False,1.00908847788e-05,False,0.0,False,2.22044604925e-16,Voting
1.0,0.0,2.0,1.0,0.0,2.0,True,True,0.953641158402,True,0.9,True,0.9,Voting
0.0,0.0,2.0,1.0,0.0,1.0,True,True,0.9825644964720001,True,0.9,True,1.0,Voting
1.0,0.0,3.0,0.0,0.989899,1.0,True,True,0.995375818866,True,1.0,True,1.0,Voting
8.0,3.0,4.0,0.0,0.976563,4.0,True,True,0.9993867096019999,True,1.0,True,1.0,Voting
6.0,6.0,5.0,0.0,0.0,1.0,True,True,0.99999978334,True,1.0,True,1.0,Voting
7.0,3.0,2.0,0.333333,0.9047620000000001,2.0,True,True,0.994039783984,True,1.0,True,1.0,Voting
1.259831,1.0,0.424228,0.29604,0.35239299999999996,5.95634,False,False,0.000316394965958,False,0.0,False,2.22044604925e-16,Voting
5.0,0.0,2.0,0.0,0.982143,1.0,True,True,0.998833380226,True,1.0,True,1.0,Voting
6.0,6.0,2.0,0.0,0.0,1.0,True,True,0.9990241416299999,True,1.0,True,1.0,Voting
8.0,1.0,3.0,1.0,0.9523809999999999,1.0,True,True,0.9999937594130001,True,1.0,True,1.0,Voting
4.0,2.0,2.0,0.5,0.987342,2.0,True,True,0.9233094396629999,True,1.0,True,1.0,Voting
3.0,1.0,8.0,1.0,0.65,2.0,True,True,0.9999999965880001,True,1.0,True,1.0,Voting
11.0,1.0,4.0,1.0,0.0,2.0,True,True,0.999999966196,True,1.0,True,1.0,Voting
7.0,0.0,5.0,1.0,0.971831,1.0,True,True,0.999999943751,True,1.0,True,1.0,Voting
1.0,0.0,10.0,1.0,0.0,3.0,True,True,0.999999999984,True,1.0,True,0.9,Voting
1.315418,1.644134,0.658737,0.12119,0.0,6.742323,False,False,0.317847813759,False,0.0,False,2.22044604925e-16,Voting
1.6637680000000001,1.0,0.0,0.042682,0.079373,6.810316,False,False,0.00257619937618,False,0.0,False,2.22044604925e-16,Voting
6.0,1.0,5.0,1.0,0.0,2.0,True,True,0.999999853449,True,1.0,True,1.0,Voting
9.0,0.0,6.0,0.0,0.975124,4.0,True,True,0.9999999421610001,True,1.0,True,1.0,Voting
1.0,0.0,4.0,0.0,0.571429,3.0,True,True,0.998241103333,True,0.9,True,1.0,Voting
1.565544,1.458465,0.0,0.180346,0.24688800000000002,6.998378,False,False,0.0191779396207,False,0.0,False,2.22044604925e-16,Voting
2.205439,1.0,0.0,0.038846,0.36825,6.275103,False,False,0.00013532694846200003,False,0.0,False,2.22044604925e-16,Voting
3.0,0.0,2.0,1.0,0.9523809999999999,3.0,True,True,0.7794509366600001,True,1.0,True,1.0,Voting
3.0,3.0,2.0,0.0,1.0,0.0,True,True,0.995103067462,True,0.9,True,0.9,Voting
2.205343,1.0,0.0,0.272762,0.374533,6.465358,False,False,0.00028126787181299997,False,0.0,False,2.22044604925e-16,Voting
1.43307,1.0,0.042307,0.396783,0.09402,6.8090649999999995,False,False,0.0176300029433,False,0.0,False,2.22044604925e-16,Voting
8.0,3.0,1.0,0.0,0.0,0.0,True,True,0.999890332476,True,1.0,True,1.0,Voting
4.0,3.0,2.0,0.0,1.0,0.0,True,True,0.997978034561,True,1.0,True,0.9,Voting
6.0,2.0,3.0,1.0,0.9759040000000001,1.0,True,True,0.9998555002130001,True,1.0,True,1.0,Voting
6.0,6.0,4.0,0.0,0.0,1.0,True,True,0.999997817227,True,1.0,True,1.0,Voting
2.0,2.0,1.0,0.396552,0.0,1.0,True,True,0.9067675054180001,True,0.9,True,0.7,Voting
0.0,0.0,1.0,0.0,0.0,0.0,True,True,0.969569326759,True,1.0,True,1.0,Voting
1.0,0.0,5.0,1.0,0.0,1.0,True,True,0.999998777289,True,1.0,True,1.0,Voting
1.1515879999999998,1.0,1.21985,0.996352,0.382682,2.464752,False,False,0.35168488309900003,False,0.1,False,2.22044604925e-16,Voting
10.0,0.0,2.0,0.0,0.979592,1.0,True,True,0.9999857689309999,True,1.0,True,1.0,Voting
4.0,0.0,5.0,1.0,0.5,1.0,True,True,0.999999728935,True,1.0,True,1.0,Voting
1.3312549999999999,1.0,0.406504,0.511633,0.175652,2.844705,False,False,0.010933053369,False,0.0,False,2.22044604925e-16,Voting
2.011832,1.0,0.7865340000000001,0.9909129999999999,0.461563,2.123793,False,False,0.248004395201,False,0.2,False,0.1,Voting
13.0,0.0,7.0,0.5,0.965517,2.0,True,True,0.999999999997,True,1.0,True,1.0,Voting
6.0,3.0,5.0,0.0,0.98,1.0,True,True,0.999999739226,True,1.0,True,1.0,Voting
2.128515,1.0,0.0,0.052714,0.376398,6.737774000000001,False,False,0.00023174274322199998,False,0.0,False,2.22044604925e-16,Voting
3.0,1.0,4.0,1.0,0.0,3.0,True,True,0.999721929201,True,1.0,True,0.9,Voting
1.0,1.0,3.0,0.0,0.0,0.0,True,True,0.9999453181039999,True,0.9,True,1.0,Voting
1.0,1.0,0.700199,0.52469,0.0,7.902347,False,False,0.32045098846000003,False,0.0,False,2.22044604925e-16,Voting
5.0,1.0,4.0,1.0,0.9642860000000001,1.0,True,True,0.999989353436,True,1.0,True,1.0,Voting
1.439149,1.01925,0.526266,0.524721,0.0,5.9272089999999995,False,False,0.0625582131828,False,0.0,False,2.22044604925e-16,Voting
3.0,0.0,7.0,1.0,0.684211,1.0,True,True,0.9999999974680001,True,1.0,True,1.0,Voting
1.0,1.0,1.0,0.0,0.0,0.0,True,True,0.856944872572,True,1.0,True,1.0,Voting
0.0,0.0,2.0,1.0,0.0,2.0,True,True,0.893371003642,True,1.0,True,0.8,Voting
5.0,1.0,3.0,1.0,0.9759040000000001,1.0,True,True,0.999780501047,True,1.0,True,1.0,Voting
1.533831,1.164288,1.9888599999999999,0.970656,0.0,2.848703,False,False,0.497882886443,False,0.2,False,0.3,Voting
2.0,1.0,8.0,1.0,0.65,1.0,True,True,0.999999999543,True,1.0,True,1.0,Voting
6.0,1.0,3.0,0.0,0.9534879999999999,1.0,True,True,0.9999618088689999,True,1.0,True,1.0,Voting
2.0,2.0,4.0,1.0,0.0,2.0,True,True,0.999831562678,True,0.9,True,1.0,Voting
9.0,2.0,4.0,0.75,0.981308,1.0,True,True,0.999999590863,True,1.0,True,1.0,Voting
8.0,1.0,1.0,0.0,0.995283,1.0,True,True,0.9971793139820001,True,1.0,True,1.0,Voting
6.0,0.0,2.0,0.0,0.979592,1.0,True,True,0.999493781745,True,1.0,True,1.0,Voting
2.1434830000000002,1.173435,0.107024,0.033908999999999995,0.190679,2.107291,False,False,0.010454430958299999,False,0.0,False,2.22044604925e-16,Voting
2.1209729999999998,1.0242639999999998,0.38902,0.07134800000000001,0.45775699999999997,2.385951,False,False,0.007945148442810001,False,0.0,False,2.22044604925e-16,Voting
1.0,0.0,3.0,0.0,0.0,2.0,True,True,0.9985746677249999,True,1.0,True,1.0,Voting
1.0,0.0,5.0,1.0,0.0,1.0,True,True,0.999998777289,True,1.0,True,1.0,Voting
9.0,2.0,7.0,0.5,0.0,1.0,True,True,0.999999999996,True,1.0,True,1.0,Voting
5.0,0.0,3.0,0.0,0.9835389999999999,3.0,True,True,0.997399630811,True,1.0,True,1.0,Voting
2.656331,1.276464,0.0,0.0,0.464786,2.0,False,False,0.007599353967319999,False,0.0,False,2.22044604925e-16,Voting
2.0359580000000004,1.637689,0.32964299999999996,0.0,0.9426979999999999,0.5439890000000001,False,False,0.22444138942699998,False,0.0,False,2.22044604925e-16,Voting
2.0,2.0,4.0,0.5,0.9444440000000001,2.0,True,True,0.998968806913,True,0.9,True,1.0,Voting
5.0,5.0,4.0,0.0,0.0,1.0,True,True,0.999996683575,True,1.0,True,1.0,Voting
8.0,2.0,6.0,1.0,0.0,1.0,True,True,0.9999999996969999,True,1.0,True,1.0,Voting
6.0,5.0,1.0,0.296296,0.0,3.0,True,True,0.78746897658,True,0.9,True,0.8,Voting
1.535827,1.0,1.7967990000000003,0.7468279999999999,0.010143000000000001,3.457122,False,False,0.39366975845200003,False,0.0,False,2.22044604925e-16,Voting
1.597661,1.102499,0.0,0.093889,0.104995,6.6290070000000005,False,False,0.00219196483357,False,0.0,False,2.22044604925e-16,Voting
10.0,1.0,5.0,1.0,0.918033,2.0,True,True,0.999999964533,True,1.0,True,1.0,Voting
2.019577,1.581192,0.249966,0.0,0.988851,0.187626,False,False,0.225607915226,False,0.0,False,0.1,Voting
5.0,0.0,2.0,0.0,0.982456,1.0,True,True,0.9987576887720001,True,1.0,True,1.0,Voting
3.0,3.0,0.0,0.0,1.0,0.0,True,True,0.743921790872,True,0.6,True,0.7,Voting
6.0,0.0,2.0,0.0,0.982456,1.0,True,True,0.9998095486040001,True,1.0,True,1.0,Voting
2.0,1.0,1.0,0.0,0.99095,1.0,True,True,0.538312307727,True,1.0,True,0.9,Voting
6.0,4.0,3.0,0.5,0.0,1.0,True,True,0.99999681494,True,1.0,True,1.0,Voting
1.0,1.0,2.0,1.0,0.0,3.0,False,True,0.789210307599,True,1.0,True,0.9,Voting
8.0,1.0,2.0,0.0,0.9953270000000001,1.0,True,True,0.999966435817,True,1.0,True,1.0,Voting
4.0,0.0,2.0,1.0,0.965517,1.0,True,True,0.997584707486,True,1.0,True,1.0,Voting
2.015343,1.480766,1.7713310000000002,0.6033649999999999,0.095837,2.342567,False,True,0.5748006264,False,0.0,False,0.1,Voting
5.0,0.0,2.0,0.0,0.982456,1.0,True,True,0.999465782329,True,1.0,True,1.0,Voting
6.0,0.0,2.0,0.0,0.982456,1.0,True,True,0.9998095486040001,True,1.0,True,1.0,Voting
0.0,0.0,1.0,0.015625,0.0,0.0,True,True,0.9663148972679999,True,1.0,True,1.0,Voting
12.0,3.0,3.0,0.0,0.949153,1.0,True,True,0.999999969393,True,1.0,True,1.0,Voting
4.0,0.0,3.0,0.0,0.95,1.0,True,True,0.9999518107250001,True,1.0,True,1.0,Voting
4.0,0.0,3.0,0.0,0.95,1.0,True,True,0.9999518107250001,True,1.0,True,1.0,Voting
1.3646479999999999,1.0,0.354487,0.31501599999999996,0.0065780000000000005,7.019469,False,False,0.00550384254082,False,0.0,False,2.22044604925e-16,Voting
1.0,1.0,8.0,0.833333,0.0,4.0,True,True,0.999999992748,True,0.9,True,0.9,Voting
1.0,1.0,8.0,0.833333,0.0,4.0,True,True,0.999999992748,True,0.9,True,0.9,Voting
2.0,0.0,7.0,1.0,0.6,4.0,True,True,0.9999997703799999,True,1.0,True,1.0,Voting
11.0,1.0,3.0,0.0,0.95,1.0,True,True,0.999999952732,True,1.0,True,1.0,Voting
1.0,1.0,0.996033,0.692186,0.0,5.395656,False,True,0.655168907099,True,0.7,True,0.6,Voting
2.24758,1.264549,0.9684510000000001,0.0,0.9881979999999999,0.419026,False,False,0.323197410161,False,0.2,False,0.3,Voting
7.0,1.0,5.0,0.0,0.98,1.0,True,True,0.999999996266,True,1.0,True,1.0,Voting
6.0,4.0,1.0,0.0,0.0,1.0,True,True,0.997946394004,True,1.0,True,1.0,Voting
12.0,0.0,4.0,0.0,0.9696969999999999,3.0,True,True,0.99999996971,True,1.0,True,1.0,Voting
1.913647,1.0,1.5076690000000001,0.9923069999999999,0.074896,2.8853400000000002,False,False,0.411646599199,False,0.0,False,2.22044604925e-16,Voting
6.0,1.0,3.0,0.0,0.9534879999999999,1.0,True,True,0.999991685544,True,1.0,True,1.0,Voting
6.0,1.0,3.0,0.0,0.9534879999999999,1.0,True,True,0.999991685544,True,1.0,True,1.0,Voting
2.307527,1.208767,0.892445,0.0,0.98255,0.542953,False,False,0.246558510933,False,0.1,False,0.2,Voting
8.0,1.0,5.0,0.5,0.9047620000000001,2.0,True,True,0.9999999880220001,True,1.0,True,1.0,Voting
1.413485,1.1576520000000001,1.03128,0.8434360000000001,0.042336,2.726607,False,False,0.34266607204099997,False,0.1,False,2.22044604925e-16,Voting
13.0,1.0,3.0,0.0,0.979592,3.0,True,True,0.999999568327,True,1.0,True,1.0,Voting
5.0,2.0,7.0,0.666667,0.0,2.0,True,True,0.999999999938,True,1.0,True,1.0,Voting
2.319547,1.444519,0.0,0.0,0.030057,2.0,False,False,0.011957065892399999,False,0.0,False,2.22044604925e-16,Voting
0.0,0.0,1.0,0.0,0.0,0.0,True,True,0.966559967982,True,1.0,True,1.0,Voting
4.0,2.0,1.0,0.0,1.0,0.0,True,True,0.990242246596,True,1.0,True,1.0,Voting
2.160529,1.451552,0.9053389999999999,0.0,0.9928299999999999,0.497329,False,False,0.41651281035300003,False,0.1,False,0.2,Voting
6.0,1.0,6.0,0.5,0.975124,1.0,True,True,0.999999999536,True,1.0,True,1.0,Voting
0.0,0.0,1.0,0.0,1.0,0.0,True,True,0.830945860554,True,1.0,True,1.0,Voting
4.0,0.0,2.0,0.0,0.982143,1.0,True,True,0.9985053364129999,True,1.0,True,1.0,Voting
1.063297,1.200264,1.624938,0.7380760000000001,0.0,2.940705,False,False,0.392181536776,False,0.3,False,0.1,Voting
2.046453,1.301892,0.878058,0.0,0.937474,0.18498199999999998,False,False,0.300783032912,False,0.0,False,0.3,Voting
5.0,1.0,3.0,0.0,0.0,1.0,True,True,0.9999971947540001,True,1.0,True,1.0,Voting
14.0,1.0,3.0,0.0,0.979592,1.0,True,True,0.9999999977200001,True,1.0,True,1.0,Voting
4.0,0.0,2.0,0.0,0.982143,1.0,True,True,0.9985053364129999,True,1.0,True,1.0,Voting
0.0,0.0,0.0,0.0,0.0,4.0,True,False,0.333356005922,False,0.3,True,0.6,AdaBoost
0.0,0.0,0.0,0.0,0.0,0.0,True,True,0.7453917501549999,True,0.7,True,0.9,Voting
1.826805,1.6347770000000001,0.017721,0.23201799999999997,0.0,2.318302,False,False,0.140086744371,False,0.1,False,2.22044604925e-16,Voting
1.0,0.0,1.0,0.0,1.0,0.0,True,True,0.910600841566,True,1.0,True,1.0,Voting
2.043029,1.48795,0.906852,0.0,0.997394,0.166301,False,True,0.518317011963,False,0.1,False,0.3,Voting
1.0,1.0,0.749279,0.52677,0.0,5.494848999999999,False,False,0.191471160287,False,0.0,False,0.1,Voting
0.0,0.0,1.0,0.0,0.0,0.0,True,True,0.966559967982,True,1.0,True,1.0,Voting
0.0,0.0,1.0,0.0,0.0,0.0,True,True,0.966559967982,True,1.0,True,1.0,Voting
0.0,0.0,1.0,0.0,0.0,0.0,True,True,0.966559967982,True,1.0,True,1.0,Voting
10.0,2.0,3.0,0.5,0.96,1.0,True,True,0.999999762497,True,1.0,True,1.0,Voting
2.0,2.0,1.0,0.0,1.0,0.0,False,True,0.93597023339,True,0.9,True,1.0,Voting
5.0,0.0,2.0,0.0,0.982143,1.0,True,True,0.9994661531999999,True,1.0,True,1.0,Voting
2.139919,1.352846,0.133955,0.0,0.9253370000000001,0.612579,False,False,0.0387253510425,False,0.0,False,0.1,Voting
3.0,2.0,1.0,0.0,1.0,0.0,True,True,0.973978083087,True,1.0,True,1.0,Voting
5.0,0.0,2.0,0.0,0.979592,1.0,True,True,0.9994691662899999,True,1.0,True,1.0,Voting
0.0,0.0,1.0,0.0,1.0,0.0,True,True,0.830945860554,True,1.0,True,1.0,Voting
8.0,0.0,2.0,0.0,0.979592,1.0,True,True,0.999975985587,True,1.0,True,1.0,Voting
2.2267639999999997,1.480766,0.0,0.0,0.470707,2.0,False,False,0.003956425787630001,False,0.0,False,2.22044604925e-16,Voting
5.0,0.0,2.0,0.0,0.982143,1.0,True,True,0.997489803512,True,1.0,True,1.0,Voting
0.0,0.0,1.0,0.0,1.0,0.0,True,True,0.8003668120309999,True,1.0,True,1.0,Voting
5.0,0.0,2.0,0.0,0.982143,1.0,True,True,0.997489803512,True,1.0,True,1.0,Voting
9.0,1.0,6.0,0.5,0.970297,2.0,True,True,0.999999993358,True,1.0,True,1.0,Voting
2.0,2.0,1.0,0.0,0.0,0.0,True,True,0.9834487539229999,True,1.0,True,0.8,Voting
2.0,2.0,0.0,0.0,0.0,2.0,False,True,0.677287625056,True,0.6,True,0.7,Voting
1.0,1.0,6.0,1.0,0.0,1.0,True,True,0.9999998890289999,True,1.0,True,1.0,Voting
3.0,2.0,3.0,1.0,0.0,1.0,True,True,0.999832692464,True,1.0,True,1.0,Voting
1.0,0.0,1.0,0.0,1.0,0.0,True,True,0.867098337543,True,1.0,True,1.0,Voting
1.0,0.0,1.0,0.0,1.0,0.0,True,True,0.867098337543,True,1.0,True,1.0,Voting
1.0,0.0,1.0,0.0,1.0,0.0,True,True,0.867098337543,True,1.0,True,1.0,Voting
1.0,0.0,1.0,0.0,1.0,0.0,True,True,0.867098337543,True,1.0,True,1.0,Voting
7.0,1.0,2.0,0.0,0.990566,1.0,True,True,0.999375143724,True,1.0,True,1.0,Voting
2.261752,1.9457849999999999,0.949809,0.0,0.9996799999999999,0.10818499999999999,False,True,0.5557664286280001,False,0.4,False,0.2,Voting
2.041275,1.0,1.41403,0.979131,0.391817,2.316438,False,False,0.442951636164,False,0.1,False,2.22044604925e-16,Voting
5.0,0.0,2.0,0.0,0.982143,1.0,True,True,0.997489803512,True,1.0,True,1.0,Voting
1.0,0.0,1.0,0.0,0.0,1.0,True,True,0.8989454672499999,True,1.0,True,1.0,Voting
1.0,0.0,1.0,0.0,0.0,1.0,True,True,0.8989454672499999,True,1.0,True,1.0,Voting
1.0,1.0,5.0,1.0,0.0,1.0,True,True,0.999997960769,True,1.0,True,1.0,Voting
1.165627,1.6983709999999999,0.406504,0.511633,0.0,2.844705,False,False,0.336044912819,False,0.0,False,2.22044604925e-16,Voting
2.067662,1.0,1.9888599999999999,0.970656,0.101801,2.848703,False,True,0.55632430811,False,0.2,False,0.2,Voting
2.2037150000000003,1.480605,0.0,0.0,0.454057,2.0,False,False,0.005991828251640001,False,0.0,False,2.22044604925e-16,Voting
2.0,1.0,1.0,0.0,1.0,0.0,True,True,0.623155355429,True,0.7,True,1.0,Voting
2.0,1.0,1.0,0.0,1.0,0.0,True,True,0.623155355429,True,0.7,True,1.0,Voting
2.215529,1.164472,0.650798,0.0,0.8231870000000001,0.608247,False,False,0.124119517116,False,0.0,False,2.22044604925e-16,Voting
0.0,0.0,1.0,0.0,0.0,1.0,True,True,0.835044282316,True,1.0,True,1.0,Voting
5.0,0.0,2.0,0.0,0.979592,1.0,True,True,0.997503414405,True,1.0,True,1.0,Voting
5.0,0.0,2.0,0.0,0.979592,1.0,True,True,0.997503414405,True,1.0,True,1.0,Voting
1.603841,1.7248130000000002,0.257787,0.11063599999999998,0.0,2.194423,False,False,0.310132534698,False,0.1,False,0.1,Voting
1.0,1.0,1.0,0.0,0.0,0.0,True,True,0.7789060139139999,True,1.0,True,1.0,Voting
1.0,1.0,1.0,0.0,0.0,0.0,True,True,0.7789060139139999,True,1.0,True,1.0,Voting
5.0,0.0,2.0,0.0,0.979592,1.0,True,True,0.997503414405,True,1.0,True,1.0,Voting
5.0,0.0,2.0,0.0,0.979592,1.0,True,True,0.997503414405,True,1.0,True,1.0,Voting
7.0,1.0,1.0,0.0,0.9952610000000001,1.0,True,True,0.988770795271,True,1.0,True,1.0,Voting
6.0,0.0,3.0,0.0,0.9649120000000001,1.0,True,True,0.9999411089579999,True,1.0,True,1.0,Voting
3.0,1.0,1.0,0.0,0.0,1.0,True,True,0.638439327172,True,0.9,True,1.0,Voting
3.0,1.0,1.0,0.0,0.0,1.0,True,True,0.638439327172,True,0.9,True,1.0,Voting
3.0,1.0,1.0,0.0,0.0,1.0,True,True,0.638439327172,True,0.9,True,1.0,Voting
1.0757940000000001,1.091507,1.21985,0.996352,0.0,2.464752,False,False,0.3948739452,False,0.2,False,0.1,Voting
4.0,3.0,1.0,0.0,0.0,1.0,True,True,0.977800144429,True,1.0,True,1.0,Voting
6.0,0.0,2.0,0.0,0.979592,1.0,True,True,0.998886675652,True,1.0,True,1.0,Voting
6.0,0.0,2.0,0.0,0.979592,1.0,True,True,0.998886675652,True,1.0,True,1.0,Voting
4.0,2.0,1.0,0.0,0.0,1.0,True,True,0.9817600809710001,True,1.0,True,1.0,Voting
4.0,2.0,1.0,0.0,0.0,1.0,True,True,0.9817600809710001,True,1.0,True,1.0,Voting
4.0,2.0,2.0,0.0,0.0,1.0,True,True,0.9989532669239999,True,1.0,True,1.0,Voting
11.0,0.0,2.0,0.0,0.989691,2.0,True,True,0.9998892684020001,True,1.0,True,1.0,Voting
3.0,3.0,1.0,0.0,0.0,1.0,True,True,0.953856616206,True,1.0,True,1.0,Voting
2.0,1.0,6.0,0.666667,0.975124,1.0,True,True,0.99999963355,True,1.0,True,1.0,Voting
10.0,0.0,2.0,0.0,0.989691,1.0,True,True,0.9999556096860001,True,1.0,True,1.0,Voting
10.0,0.0,2.0,0.0,0.989691,1.0,True,True,0.9999556096860001,True,1.0,True,1.0,Voting
2.466018,1.601545,0.0,0.0,0.031495,2.0,False,False,0.037424810573999996,False,0.0,False,2.22044604925e-16,Voting
1.488107,1.006742,0.7776810000000001,0.8603299999999999,0.151502,2.174459,False,False,0.311273521645,False,0.0,False,2.22044604925e-16,Voting
1.996,1.208892,1.37253,0.08249,0.174039,2.592899,False,False,0.129360484085,False,0.1,False,2.22044604925e-16,Voting
9.0,1.0,2.0,0.0,0.978261,1.0,True,True,0.999879804323,True,1.0,True,1.0,Voting
2.3391830000000002,1.05536,0.31638299999999997,0.704021,0.046662,2.00966,False,False,0.042244667693999996,False,0.0,False,2.22044604925e-16,Voting
2.0,1.0,1.0,0.0,0.0,1.0,True,True,0.607611641606,True,0.9,True,1.0,Voting
1.987977,1.0,1.851316,0.881084,0.16188,2.8849259999999997,False,True,0.505827909369,False,0.1,False,2.22044604925e-16,Voting
10.0,1.0,4.0,0.0,0.985366,1.0,True,True,0.999999839447,True,1.0,True,1.0,Voting
4.0,0.0,1.0,0.0,0.0,1.0,True,True,0.987765815906,True,1.0,True,1.0,Voting
1.197989,1.019874,1.9664849999999998,0.643741,0.022175999999999998,2.513709,False,True,0.560694766122,False,0.2,False,0.1,Voting
0.0,0.0,1.0,0.0,0.0,1.0,True,True,0.835044282316,True,1.0,True,1.0,Voting
1.0,1.0,1.0,0.0,0.0,1.0,True,True,0.658162927389,True,1.0,True,1.0,Voting
1.0,1.0,1.0,0.0,0.0,1.0,True,True,0.738486946884,True,1.0,True,1.0,Voting
2.486869,1.232269,0.0,0.0,0.032335,2.0,False,False,0.019992471387,False,0.0,False,2.22044604925e-16,Voting
1.845,1.0,1.416618,0.347571,0.301371,2.902934,False,False,0.0990441452561,False,0.0,False,0.1,Voting
6.0,1.0,0.0,0.0,0.9953270000000001,1.0,True,True,0.79767718157,True,0.7,True,0.7,Voting
2.0,2.0,1.0,0.0,0.0,1.0,True,True,0.936969142819,True,1.0,True,1.0,Voting
1.831547,1.161716,1.3376299999999999,0.43813500000000005,0.019458,2.678754,False,False,0.25414729507899997,False,0.0,False,0.1,Voting
10.0,0.0,2.0,0.0,0.989691,2.0,True,True,0.999715146276,True,1.0,True,1.0,Voting
2.2934240000000004,1.3347950000000002,0.548447,0.0,0.9460040000000001,0.566234,False,False,0.110622173028,False,0.0,False,2.22044604925e-16,Voting
6.0,3.0,4.0,1.0,0.4,3.0,True,True,0.999880856382,True,0.8,True,1.0,Voting
2.170128,1.336273,0.567591,0.0,0.95155,0.588579,False,False,0.10730542406600001,False,0.0,False,2.22044604925e-16,Voting
1.5803610000000001,1.102703,0.905451,0.601578,0.032857,2.433082,False,False,0.127565976153,False,0.0,False,2.22044604925e-16,Voting
1.9245349999999999,1.232269,0.731033,0.0063939999999999995,0.019489,2.768236,False,False,0.031184144642699998,False,0.0,False,2.22044604925e-16,Voting
6.0,1.0,5.0,0.5,0.555556,1.0,True,True,0.999999899519,True,1.0,True,1.0,Voting
3.0,3.0,3.0,0.0,0.0,3.0,True,True,0.995869752668,True,0.9,True,1.0,Voting
2.2735369999999997,1.505184,0.0,0.0,0.033247000000000006,2.0,False,False,0.0203115389396,False,0.0,False,2.22044604925e-16,Voting
1.758391,1.0,0.32255,0.39209,0.447738,2.822537,False,False,0.0025959693253899997,False,0.0,False,2.22044604925e-16,Voting
7.0,0.0,2.0,0.0,0.989691,1.0,True,True,0.9995254189480001,True,1.0,True,1.0,Voting
3.0,1.0,3.0,1.0,0.5,4.0,True,True,0.9265792942659999,True,0.6,True,0.6,Voting
3.0,1.0,2.0,0.0,0.9878049999999999,1.0,True,True,0.986964358317,True,1.0,True,1.0,Voting
2.291224,1.212689,0.8761180000000001,0.0,0.939652,0.597267,False,False,0.191105822134,False,0.0,False,2.22044604925e-16,Voting
2.0,2.0,4.0,0.0,0.0,1.0,True,True,0.999989631763,True,1.0,True,1.0,Voting
10.0,0.0,2.0,0.0,0.989691,1.0,True,True,0.999950687597,True,1.0,True,1.0,Voting
1.91648,1.0,1.580777,0.606004,0.151775,2.8681099999999997,False,False,0.39238266440499997,False,0.0,False,2.22044604925e-16,Voting
2.224376,1.3434030000000001,0.0,0.0,0.065585,2.0,False,False,0.015375754034799998,False,0.0,False,2.22044604925e-16,Voting
2.443864,1.569784,0.0,0.0,0.072116,2.0,False,False,0.0233262976377,False,0.0,False,2.22044604925e-16,Voting
3.0,1.0,2.0,1.0,0.0,3.0,True,True,0.920111923582,True,0.7,True,0.8,Voting
6.0,3.0,3.0,0.0,0.0,1.0,True,True,0.999987012675,True,1.0,True,1.0,Voting
0.0,0.0,3.0,0.0,0.95,1.0,True,True,0.9956630839499999,True,1.0,True,1.0,Voting
6.0,1.0,1.0,0.0,0.990698,1.0,True,True,0.975850623952,True,1.0,True,1.0,Voting
6.0,1.0,1.0,0.0,0.990698,1.0,True,True,0.975850623952,True,1.0,True,1.0,Voting
2.0,2.0,3.0,0.0,0.0,2.0,True,True,0.998831176567,True,0.9,True,0.9,Voting
1.674332,1.135583,1.317256,0.504556,0.300982,2.869756,False,False,0.1071208118,False,0.0,False,2.22044604925e-16,Voting
1.912654,1.0,0.091128,0.079468,0.339654,2.1217610000000002,False,False,0.0071838222667200006,False,0.0,False,2.22044604925e-16,Voting
4.0,4.0,2.0,0.0,0.0,1.0,True,True,0.9984961361799999,True,1.0,True,1.0,Voting
7.0,1.0,2.0,0.0,0.990698,1.0,True,True,0.999375978627,True,1.0,True,1.0,Voting
5.0,1.0,2.0,0.0,0.9756100000000001,1.0,True,True,0.997284298678,True,1.0,True,1.0,Voting
2.226134,1.480656,0.0,0.0,0.469209,2.0,False,False,0.00653127997356,False,0.0,False,2.22044604925e-16,Voting
1.0,0.0,2.0,0.0,0.0,1.0,True,True,0.995166252431,True,1.0,True,0.9,Voting
4.0,1.0,2.0,0.0,0.97619,1.0,True,True,0.9942074358399999,True,1.0,True,1.0,Voting
4.0,1.0,2.0,0.0,0.97619,1.0,True,True,0.9942074358399999,True,1.0,True,1.0,Voting
4.0,1.0,2.0,0.0,0.97619,1.0,True,True,0.9942074358399999,True,1.0,True,1.0,Voting
4.0,1.0,2.0,0.0,0.97619,1.0,True,True,0.9942074358399999,True,1.0,True,1.0,Voting
4.0,1.0,2.0,0.0,0.97619,1.0,True,True,0.9942074358399999,True,1.0,True,1.0,Voting
4.0,1.0,2.0,0.0,0.97619,1.0,True,True,0.9942074358399999,True,1.0,True,1.0,Voting
2.142377,1.243744,0.170536,0.166853,0.070053,2.62635,False,False,0.007346622886590001,False,0.0,False,2.22044604925e-16,Voting
1.149816,1.29683,0.714179,0.598539,0.0,2.3891299999999998,False,False,0.260003130359,False,0.0,False,0.1,Voting
1.8951060000000002,1.0,1.0489110000000001,0.57194,0.38706599999999997,2.660561,False,False,0.0386520288885,False,0.1,False,0.1,Voting
1.9737630000000002,1.0,1.475424,0.7778390000000001,0.226688,2.8805169999999998,False,False,0.36701688869099997,False,0.0,False,2.22044604925e-16,Voting
2.465968,1.6086479999999999,0.0,0.0,0.022203,2.0,False,False,0.038586116625,False,0.0,False,2.22044604925e-16,Voting
3.0,3.0,3.0,0.25,0.0,1.0,True,True,0.999847446346,True,1.0,True,1.0,Voting
1.068965,1.151347,0.714209,0.562455,0.0,3.972026,False,False,0.157618512544,False,0.1,False,0.1,Voting
2.289739,1.273512,0.0,0.0,0.258346,2.0,False,False,0.010555248513799999,False,0.0,False,2.22044604925e-16,Voting
2.0,1.0,2.0,0.0,0.8,1.0,True,True,0.9788032393610001,True,1.0,True,1.0,Voting
2.563346,1.409715,0.0,0.0,0.043697,2.0,False,False,0.0204751584414,False,0.0,False,2.22044604925e-16,Voting
2.0,2.0,4.0,0.75,0.0,1.0,True,True,0.999981197219,True,1.0,True,1.0,Voting
1.161881,1.239835,0.441219,0.234157,0.032275,2.295591,False,False,0.0305506542473,False,0.0,False,2.22044604925e-16,Voting
2.061116,1.1882700000000002,1.395712,0.268183,0.442675,2.382107,False,False,0.124608827004,False,0.0,False,0.1,Voting
7.0,2.0,3.0,0.0,0.9534879999999999,1.0,True,True,0.999961397054,True,1.0,True,1.0,Voting
7.0,2.0,3.0,0.0,0.9534879999999999,1.0,True,True,0.999961397054,True,1.0,True,1.0,Voting
7.0,2.0,3.0,0.0,0.9534879999999999,1.0,True,True,0.999961397054,True,1.0,True,1.0,Voting
7.0,2.0,3.0,0.0,0.9534879999999999,1.0,True,True,0.999961397054,True,1.0,True,1.0,Voting
7.0,2.0,3.0,0.0,0.9534879999999999,1.0,True,True,0.999961397054,True,1.0,True,1.0,Voting
6.0,1.0,3.0,0.0,0.9523809999999999,1.0,True,True,0.9999665259370001,True,1.0,True,1.0,Voting
6.0,1.0,3.0,0.0,0.9523809999999999,1.0,True,True,0.9999665259370001,True,1.0,True,1.0,Voting
2.2421450000000003,1.301941,0.0,0.0,0.458481,2.0,False,False,0.0066214873214,False,0.0,False,2.22044604925e-16,Voting
2.472483,1.536027,0.0,0.0,0.027068000000000002,2.0,False,False,0.023627997269900003,False,0.0,False,2.22044604925e-16,Voting
2.3949849999999997,1.393757,0.0,0.0,0.122143,2.0,False,False,0.0156252285236,False,0.0,False,2.22044604925e-16,Voting
7.0,2.0,3.0,0.0,0.9523809999999999,1.0,True,True,0.9999792327339999,True,1.0,True,1.0,Voting
2.482166,1.465816,0.0,0.0,0.307462,2.0,False,False,0.011142222605999999,False,0.0,False,2.22044604925e-16,Voting
4.0,2.0,4.0,0.666667,0.0,2.0,True,True,0.999980453788,True,1.0,True,1.0,Voting
2.0,1.0,2.0,0.0,0.0,1.0,True,True,0.9575138184370001,True,1.0,True,1.0,Voting
1.8477720000000002,1.362219,1.11937,0.107918,0.150558,2.178729,False,False,0.11929284028699999,False,0.0,False,2.22044604925e-16,Voting
2.192381,1.170108,1.094458,0.14039300000000002,0.44670600000000005,2.416182,False,False,0.060930366826400004,False,0.1,False,0.1,Voting
1.5615809999999999,1.0,0.769466,0.6496029999999999,0.182078,4.715484,False,False,0.0047266961043199995,False,0.0,False,2.22044604925e-16,Voting
2.0,2.0,2.0,0.0,0.0,1.0,True,True,0.995930376503,True,1.0,True,1.0,Voting
2.441466,1.465088,0.0,0.0,0.487645,2.0,False,False,0.007446883192850001,False,0.0,False,2.22044604925e-16,Voting
2.5977189999999997,1.5530000000000002,0.0,0.0,0.28499,2.0,False,False,0.013899352154600001,False,0.0,False,2.22044604925e-16,Voting
1.4226889999999999,1.159229,0.745233,0.669296,0.047067000000000005,2.3464720000000003,False,False,0.054091479251300006,False,0.0,False,2.22044604925e-16,Voting
2.846693,1.065169,0.0,0.0,0.48376199999999997,2.0,False,False,0.0114995964433,False,0.0,False,2.22044604925e-16,Voting
2.158973,1.183229,0.534606,0.0,0.8814780000000001,0.608338,False,False,0.10651685385,False,0.0,False,2.22044604925e-16,Voting
2.8998630000000003,1.206309,0.0,0.0,0.492991,2.0,False,False,0.011172536970299999,False,0.0,False,2.22044604925e-16,Voting
2.2018869999999997,1.325559,0.78083,0.16328299999999998,0.441596,2.174353,False,False,0.0379953354549,False,0.0,False,2.22044604925e-16,Voting
2.2315959999999997,1.321791,0.0,0.0,0.454452,2.0,False,False,0.0065942281816,False,0.0,False,2.22044604925e-16,Voting
2.294225,1.1640620000000002,0.0,0.0,0.478498,2.0,False,False,0.006921571446999999,False,0.0,False,2.22044604925e-16,Voting
2.161567,1.2675969999999999,0.633259,0.0,0.8320420000000001,0.609179,False,False,0.13528600489,False,0.0,False,2.22044604925e-16,Voting
2.75577,1.018535,0.012703,0.0,0.510318,1.333281,False,False,0.033250142302099994,False,0.5,False,0.3,Voting
2.5079830000000003,1.400929,0.0,0.0,0.470418,2.0,False,False,0.007968236675390001,False,0.0,False,2.22044604925e-16,Voting
2.9623169999999996,1.219001,0.0,0.0,0.47995299999999996,2.0,False,False,0.0120824203327,False,0.0,False,2.22044604925e-16,Voting
2.697196,1.0,0.261389,0.151115,0.41227600000000003,2.097457,False,False,0.018979772125200002,False,0.0,False,2.22044604925e-16,Voting
2.523075,1.315611,0.0,0.0,0.23194099999999998,2.0,False,False,0.0138000033353,False,0.0,False,2.22044604925e-16,Voting
2.540302,1.201519,0.0,0.0,0.471045,2.0,False,False,0.00858701779815,False,0.0,False,2.22044604925e-16,Voting
2.931292,1.123807,0.0,0.0,0.499503,2.0,False,False,0.011681386480299998,False,0.0,False,2.22044604925e-16,Voting
1.77853,1.0180280000000002,0.111759,0.333717,0.284664,2.6507389999999997,False,False,0.00255959840349,False,0.0,False,2.22044604925e-16,Voting
2.927428,1.192839,0.0,0.0,0.49501000000000006,2.0,False,False,0.0114506210342,False,0.0,False,2.22044604925e-16,Voting
3.0,1.0,0.0,0.0,0.5,2.0,False,False,0.013028990370700001,False,0.0,False,2.22044604925e-16,Voting
3.0,1.0,0.0,0.0,0.5,2.0,False,False,0.013028990370700001,False,0.0,False,2.22044604925e-16,Voting
3.0,1.0,0.0,0.0,0.5,2.0,False,False,0.013028990370700001,False,0.0,False,2.22044604925e-16,Voting
3.0,1.0,0.0,0.0,0.5,2.0,False,False,0.013028990370700001,False,0.0,False,2.22044604925e-16,Voting
3.0,1.0,0.0,0.0,0.5,2.0,False,False,0.013028990370700001,False,0.0,False,2.22044604925e-16,Voting
3.0,1.0,0.0,0.0,0.5,2.0,False,False,0.013028990370700001,False,0.0,False,2.22044604925e-16,Voting
3.0,1.0,0.0,0.0,0.5,2.0,False,False,0.013028990370700001,False,0.0,False,2.22044604925e-16,Voting
3.0,1.0,0.0,0.0,0.5,2.0,False,False,0.013028990370700001,False,0.0,False,2.22044604925e-16,Voting
3.0,1.0,0.0,0.0,0.5,2.0,False,False,0.013028990370700001,False,0.0,False,2.22044604925e-16,Voting
3.0,1.0,0.0,0.0,0.5,2.0,False,False,0.013028990370700001,False,0.0,False,2.22044604925e-16,Voting
3.0,1.0,0.0,0.0,0.5,2.0,False,False,0.013028990370700001,False,0.0,False,2.22044604925e-16,Voting
3.0,1.0,0.0,0.0,0.5,2.0,False,False,0.013028990370700001,False,0.0,False,2.22044604925e-16,Voting
3.0,1.0,0.0,0.0,0.5,2.0,False,False,0.013028990370700001,False,0.0,False,2.22044604925e-16,Voting
3.0,1.0,0.0,0.0,0.5,2.0,False,False,0.013028990370700001,False,0.0,False,2.22044604925e-16,Voting
3.0,1.0,0.0,0.0,0.5,2.0,False,False,0.013028990370700001,False,0.0,False,2.22044604925e-16,Voting
3.0,1.0,0.0,0.0,0.5,2.0,False,False,0.013028990370700001,False,0.0,False,2.22044604925e-16,Voting
3.0,1.0,0.0,0.0,0.5,2.0,False,False,0.013028990370700001,False,0.0,False,2.22044604925e-16,Voting
3.0,1.0,0.0,0.0,0.5,2.0,False,False,0.013028990370700001,False,0.0,False,2.22044604925e-16,Voting
3.0,1.0,0.0,0.0,0.5,2.0,False,False,0.013028990370700001,False,0.0,False,2.22044604925e-16,Voting
3.0,1.0,0.0,0.0,0.5,2.0,False,False,0.013028990370700001,False,0.0,False,2.22044604925e-16,Voting
3.0,1.0,0.0,0.0,0.5,2.0,False,False,0.013028990370700001,False,0.0,False,2.22044604925e-16,Voting
3.0,1.0,0.0,0.0,0.5,2.0,False,False,0.013028990370700001,False,0.0,False,2.22044604925e-16,Voting
3.0,1.0,0.0,0.0,0.5,2.0,False,False,0.013028990370700001,False,0.0,False,2.22044604925e-16,Voting
3.0,1.0,0.0,0.0,0.5,2.0,False,False,0.013028990370700001,False,0.0,False,2.22044604925e-16,Voting
3.0,1.0,0.0,0.0,0.5,2.0,False,False,0.013028990370700001,False,0.0,False,2.22044604925e-16,Voting
3.0,1.0,0.0,0.0,0.5,2.0,False,False,0.013028990370700001,False,0.0,False,2.22044604925e-16,Voting
3.0,1.0,0.0,0.0,0.5,2.0,False,False,0.013028990370700001,False,0.0,False,2.22044604925e-16,Voting
3.0,1.0,0.0,0.0,0.5,2.0,False,False,0.013028990370700001,False,0.0,False,2.22044604925e-16,Voting
3.0,1.0,0.0,0.0,0.5,2.0,False,False,0.013028990370700001,False,0.0,False,2.22044604925e-16,Voting
3.0,1.0,0.0,0.0,0.5,2.0,False,False,0.013028990370700001,False,0.0,False,2.22044604925e-16,Voting
3.0,1.0,0.0,0.0,0.5,2.0,False,False,0.013363739302700002,False,0.0,False,2.22044604925e-16,Voting
3.0,1.0,0.0,0.0,0.5,2.0,False,False,0.013363739302700002,False,0.0,False,2.22044604925e-16,Voting
3.0,1.0,0.0,0.0,0.5,2.0,False,False,0.013363739302700002,False,0.0,False,2.22044604925e-16,Voting
3.0,1.0,0.0,0.0,0.5,2.0,False,False,0.013363739302700002,False,0.0,False,2.22044604925e-16,Voting
3.0,1.0,0.0,0.0,0.5,2.0,False,False,0.013363739302700002,False,0.0,False,2.22044604925e-16,Voting
3.0,1.0,0.0,0.0,0.5,2.0,False,False,0.013363739302700002,False,0.0,False,2.22044604925e-16,Voting
3.0,1.0,0.0,0.0,0.5,2.0,False,False,0.013363739302700002,False,0.0,False,2.22044604925e-16,Voting
3.0,1.0,0.0,0.0,0.5,2.0,False,False,0.013363739302700002,False,0.0,False,2.22044604925e-16,Voting
3.0,1.0,0.0,0.0,0.5,2.0,False,False,0.013363739302700002,False,0.0,False,2.22044604925e-16,Voting
3.0,1.0,0.0,0.0,0.5,2.0,False,False,0.013363739302700002,False,0.0,False,2.22044604925e-16,Voting
3.0,1.0,0.0,0.0,0.5,2.0,False,False,0.013363739302700002,False,0.0,False,2.22044604925e-16,Voting
3.0,1.0,0.0,0.0,0.5,2.0,False,False,0.013363739302700002,False,0.0,False,2.22044604925e-16,Voting
3.0,1.0,0.0,0.0,0.5,2.0,False,False,0.013363739302700002,False,0.0,False,2.22044604925e-16,Voting
3.0,1.0,0.0,0.0,0.5,2.0,False,False,0.013363739302700002,False,0.0,False,2.22044604925e-16,Voting
3.0,1.0,0.0,0.0,0.5,2.0,False,False,0.013363739302700002,False,0.0,False,2.22044604925e-16,Voting
3.0,1.0,0.0,0.0,0.5,2.0,False,False,0.013363739302700002,False,0.0,False,2.22044604925e-16,Voting
3.0,1.0,0.0,0.0,0.5,2.0,False,False,0.013363739302700002,False,0.0,False,2.22044604925e-16,Voting
3.0,1.0,0.0,0.0,0.5,2.0,False,False,0.013363739302700002,False,0.0,False,2.22044604925e-16,Voting
3.0,1.0,0.0,0.0,0.5,2.0,False,False,0.013363739302700002,False,0.0,False,2.22044604925e-16,Voting
3.0,1.0,0.0,0.0,0.5,2.0,False,False,0.013363739302700002,False,0.0,False,2.22044604925e-16,Voting
3.0,1.0,0.0,0.0,0.5,2.0,False,False,0.013363739302700002,False,0.0,False,2.22044604925e-16,Voting
3.0,1.0,0.0,0.0,0.5,2.0,False,False,0.013363739302700002,False,0.0,False,2.22044604925e-16,Voting
3.0,1.0,0.0,0.0,0.5,2.0,False,False,0.013363739302700002,False,0.0,False,2.22044604925e-16,Voting
3.0,1.0,0.0,0.0,0.5,2.0,False,False,0.013363739302700002,False,0.0,False,2.22044604925e-16,Voting
3.0,1.0,0.0,0.0,0.5,2.0,False,False,0.013363739302700002,False,0.0,False,2.22044604925e-16,Voting
3.0,1.0,0.0,0.0,0.5,2.0,False,False,0.013363739302700002,False,0.0,False,2.22044604925e-16,Voting
3.0,1.0,0.0,0.0,0.5,2.0,False,False,0.013363739302700002,False,0.0,False,2.22044604925e-16,Voting
3.0,1.0,0.0,0.0,0.5,2.0,False,False,0.013363739302700002,False,0.0,False,2.22044604925e-16,Voting
3.0,1.0,0.0,0.0,0.5,2.0,False,False,0.013363739302700002,False,0.0,False,2.22044604925e-16,Voting
3.0,1.0,0.0,0.0,0.5,2.0,False,False,0.013363739302700002,False,0.0,False,2.22044604925e-16,Voting
3.0,1.0,0.0,0.0,0.5,2.0,False,False,0.013363739302700002,False,0.0,False,2.22044604925e-16,Voting
3.0,1.0,0.0,0.0,0.5,2.0,False,False,0.013363739302700002,False,0.0,False,2.22044604925e-16,Voting
3.0,1.0,0.0,0.0,0.5,2.0,False,False,0.013363739302700002,False,0.0,False,2.22044604925e-16,Voting
3.0,1.0,0.0,0.0,0.5,2.0,False,False,0.013363739302700002,False,0.0,False,2.22044604925e-16,Voting
3.0,1.0,0.0,0.0,0.5,2.0,False,False,0.013363739302700002,False,0.0,False,2.22044604925e-16,Voting
3.0,1.0,0.0,0.0,0.5,2.0,False,False,0.013363739302700002,False,0.0,False,2.22044604925e-16,Voting
3.0,1.0,0.0,0.0,0.5,2.0,False,False,0.013363739302700002,False,0.0,False,2.22044604925e-16,Voting
3.0,1.0,0.0,0.0,0.5,2.0,False,False,0.013363739302700002,False,0.0,False,2.22044604925e-16,Voting
3.0,1.0,0.0,0.0,0.5,2.0,False,False,0.013363739302700002,False,0.0,False,2.22044604925e-16,Voting
3.0,1.0,0.0,0.0,0.5,2.0,False,False,0.013363739302700002,False,0.0,False,2.22044604925e-16,Voting
3.0,1.0,0.0,0.0,0.5,2.0,False,False,0.013363739302700002,False,0.0,False,2.22044604925e-16,Voting
3.0,1.0,0.0,0.0,0.5,2.0,False,False,0.013363739302700002,False,0.0,False,2.22044604925e-16,Voting
3.0,1.0,0.0,0.0,0.5,2.0,False,False,0.013363739302700002,False,0.0,False,2.22044604925e-16,Voting
3.0,1.0,0.0,0.0,0.5,2.0,False,False,0.013363739302700002,False,0.0,False,2.22044604925e-16,Voting
3.0,1.0,0.0,0.0,0.5,2.0,False,False,0.013363739302700002,False,0.0,False,2.22044604925e-16,Voting
3.0,1.0,0.0,0.0,0.5,2.0,False,False,0.013363739302700002,False,0.0,False,2.22044604925e-16,Voting
3.0,1.0,0.0,0.0,0.5,2.0,False,False,0.013363739302700002,False,0.0,False,2.22044604925e-16,Voting
3.0,1.0,0.0,0.0,0.5,2.0,False,False,0.013363739302700002,False,0.0,False,2.22044604925e-16,Voting
3.0,1.0,0.0,0.0,0.5,2.0,False,False,0.013363739302700002,False,0.0,False,2.22044604925e-16,Voting
3.0,1.0,0.0,0.0,0.5,2.0,False,False,0.013363739302700002,False,0.0,False,2.22044604925e-16,Voting
3.0,1.0,0.0,0.0,0.5,2.0,False,False,0.013363739302700002,False,0.0,False,2.22044604925e-16,Voting
3.0,1.0,0.0,0.0,0.5,2.0,False,False,0.013363739302700002,False,0.0,False,2.22044604925e-16,Voting
3.0,1.0,0.0,0.0,0.5,2.0,False,False,0.013363739302700002,False,0.0,False,2.22044604925e-16,Voting
3.0,1.0,0.0,0.0,0.5,2.0,False,False,0.013363739302700002,False,0.0,False,2.22044604925e-16,Voting
3.0,1.0,0.0,0.0,0.5,2.0,False,False,0.013363739302700002,False,0.0,False,2.22044604925e-16,Voting
3.0,1.0,0.0,0.0,0.5,2.0,False,False,0.013363739302700002,False,0.0,False,2.22044604925e-16,Voting
3.0,1.0,0.0,0.0,0.5,2.0,False,False,0.013363739302700002,False,0.0,False,2.22044604925e-16,Voting
3.0,1.0,0.0,0.0,0.5,2.0,False,False,0.013363739302700002,False,0.0,False,2.22044604925e-16,Voting
3.0,1.0,0.0,0.0,0.5,2.0,False,False,0.013363739302700002,False,0.0,False,2.22044604925e-16,Voting
3.0,1.0,0.0,0.0,0.5,2.0,False,False,0.013363739302700002,False,0.0,False,2.22044604925e-16,Voting
3.0,1.0,0.0,0.0,0.5,2.0,False,False,0.013363739302700002,False,0.0,False,2.22044604925e-16,Voting
3.0,1.0,0.0,0.0,0.5,2.0,False,False,0.013363739302700002,False,0.0,False,2.22044604925e-16,Voting
3.0,1.0,0.0,0.0,0.5,2.0,False,False,0.013363739302700002,False,0.0,False,2.22044604925e-16,Voting
3.0,1.0,0.0,0.0,0.5,2.0,False,False,0.013363739302700002,False,0.0,False,2.22044604925e-16,Voting
3.0,1.0,0.0,0.0,0.5,2.0,False,False,0.013363739302700002,False,0.0,False,2.22044604925e-16,Voting
3.0,1.0,0.0,0.0,0.5,2.0,False,False,0.013363739302700002,False,0.0,False,2.22044604925e-16,Voting
3.0,1.0,0.0,0.0,0.5,2.0,False,False,0.013363739302700002,False,0.0,False,2.22044604925e-16,Voting
3.0,1.0,0.0,0.0,0.5,2.0,False,False,0.013363739302700002,False,0.0,False,2.22044604925e-16,Voting
3.0,1.0,0.0,0.0,0.5,2.0,False,False,0.013363739302700002,False,0.0,False,2.22044604925e-16,Voting
3.0,1.0,0.0,0.0,0.5,2.0,False,False,0.013363739302700002,False,0.0,False,2.22044604925e-16,Voting
3.0,1.0,0.0,0.0,0.5,2.0,False,False,0.013363739302700002,False,0.0,False,2.22044604925e-16,Voting
3.0,1.0,0.0,0.0,0.5,2.0,False,False,0.013363739302700002,False,0.0,False,2.22044604925e-16,Voting
3.0,1.0,0.0,0.0,0.5,2.0,False,False,0.013363739302700002,False,0.0,False,2.22044604925e-16,Voting
3.0,1.0,0.0,0.0,0.5,2.0,False,False,0.013363739302700002,False,0.0,False,2.22044604925e-16,Voting
3.0,1.0,0.0,0.0,0.5,2.0,False,False,0.013363739302700002,False,0.0,False,2.22044604925e-16,Voting
3.0,1.0,0.0,0.0,0.5,2.0,False,False,0.013363739302700002,False,0.0,False,2.22044604925e-16,Voting
3.0,1.0,0.0,0.0,0.5,2.0,False,False,0.013363739302700002,False,0.0,False,2.22044604925e-16,Voting
3.0,1.0,0.0,0.0,0.5,2.0,False,False,0.013363739302700002,False,0.0,False,2.22044604925e-16,Voting
3.0,1.0,0.0,0.0,0.5,2.0,False,False,0.013363739302700002,False,0.0,False,2.22044604925e-16,Voting
3.0,1.0,0.0,0.0,0.5,2.0,False,False,0.013363739302700002,False,0.0,False,2.22044604925e-16,Voting
3.0,1.0,0.0,0.0,0.5,2.0,False,False,0.013363739302700002,False,0.0,False,2.22044604925e-16,Voting
3.0,1.0,0.0,0.0,0.5,2.0,False,False,0.013363739302700002,False,0.0,False,2.22044604925e-16,Voting
3.0,1.0,0.0,0.0,0.5,2.0,False,False,0.013363739302700002,False,0.0,False,2.22044604925e-16,Voting
3.0,1.0,0.0,0.0,0.5,2.0,False,False,0.013363739302700002,False,0.0,False,2.22044604925e-16,Voting
3.0,1.0,0.0,0.0,0.5,2.0,False,False,0.013363739302700002,False,0.0,False,2.22044604925e-16,Voting
3.0,1.0,0.0,0.0,0.5,2.0,False,False,0.013363739302700002,False,0.0,False,2.22044604925e-16,Voting
3.0,1.0,0.0,0.0,0.5,2.0,False,False,0.013363739302700002,False,0.0,False,2.22044604925e-16,Voting
3.0,1.0,0.0,0.0,0.5,2.0,False,False,0.013363739302700002,False,0.0,False,2.22044604925e-16,Voting
3.0,1.0,0.0,0.0,0.5,2.0,False,False,0.013363739302700002,False,0.0,False,2.22044604925e-16,Voting
3.0,1.0,0.0,0.0,0.5,2.0,False,False,0.013363739302700002,False,0.0,False,2.22044604925e-16,Voting
3.0,1.0,0.0,0.0,0.5,2.0,False,False,0.013363739302700002,False,0.0,False,2.22044604925e-16,Voting
3.0,1.0,0.0,0.0,0.5,2.0,False,False,0.013363739302700002,False,0.0,False,2.22044604925e-16,Voting
3.0,1.0,0.0,0.0,0.5,2.0,False,False,0.013363739302700002,False,0.0,False,2.22044604925e-16,Voting
3.0,1.0,0.0,0.0,0.5,2.0,False,False,0.013363739302700002,False,0.0,False,2.22044604925e-16,Voting
3.0,1.0,0.0,0.0,0.5,2.0,False,False,0.013363739302700002,False,0.0,False,2.22044604925e-16,Voting
3.0,1.0,0.0,0.0,0.5,2.0,False,False,0.013363739302700002,False,0.0,False,2.22044604925e-16,Voting
3.0,1.0,0.0,0.0,0.5,2.0,False,False,0.013363739302700002,False,0.0,False,2.22044604925e-16,Voting
3.0,1.0,0.0,0.0,0.5,2.0,False,False,0.013363739302700002,False,0.0,False,2.22044604925e-16,Voting
3.0,1.0,0.0,0.0,0.5,2.0,False,False,0.013363739302700002,False,0.0,False,2.22044604925e-16,Voting
3.0,1.0,0.0,0.0,0.5,2.0,False,False,0.013363739302700002,False,0.0,False,2.22044604925e-16,Voting
3.0,1.0,0.0,0.0,0.5,2.0,False,False,0.013363739302700002,False,0.0,False,2.22044604925e-16,Voting
3.0,1.0,0.0,0.0,0.5,2.0,False,False,0.013363739302700002,False,0.0,False,2.22044604925e-16,Voting
3.0,1.0,0.0,0.0,0.5,2.0,False,False,0.013363739302700002,False,0.0,False,2.22044604925e-16,Voting
3.0,1.0,0.0,0.0,0.5,2.0,False,False,0.013363739302700002,False,0.0,False,2.22044604925e-16,Voting
3.0,1.0,0.0,0.0,0.5,2.0,False,False,0.013363739302700002,False,0.0,False,2.22044604925e-16,Voting
3.0,1.0,0.0,0.0,0.5,2.0,False,False,0.013363739302700002,False,0.0,False,2.22044604925e-16,Voting
3.0,1.0,0.0,0.0,0.5,2.0,False,False,0.013363739302700002,False,0.0,False,2.22044604925e-16,Voting
3.0,1.0,0.0,0.0,0.5,2.0,False,False,0.013363739302700002,False,0.0,False,2.22044604925e-16,Voting
3.0,1.0,0.0,0.0,0.5,2.0,False,False,0.013363739302700002,False,0.0,False,2.22044604925e-16,Voting
3.0,1.0,0.0,0.0,0.5,2.0,False,False,0.013363739302700002,False,0.0,False,2.22044604925e-16,Voting
3.0,1.0,0.0,0.0,0.5,2.0,False,False,0.013363739302700002,False,0.0,False,2.22044604925e-16,Voting
3.0,1.0,0.0,0.0,0.5,2.0,False,False,0.013363739302700002,False,0.0,False,2.22044604925e-16,Voting
3.0,1.0,0.0,0.0,0.5,2.0,False,False,0.013363739302700002,False,0.0,False,2.22044604925e-16,Voting
3.0,1.0,0.0,0.0,0.5,2.0,False,False,0.013363739302700002,False,0.0,False,2.22044604925e-16,Voting
3.0,1.0,0.0,0.0,0.5,2.0,False,False,0.013363739302700002,False,0.0,False,2.22044604925e-16,Voting
3.0,1.0,0.0,0.0,0.5,2.0,False,False,0.013363739302700002,False,0.0,False,2.22044604925e-16,Voting
3.0,1.0,0.0,0.0,0.5,2.0,False,False,0.013363739302700002,False,0.0,False,2.22044604925e-16,Voting
3.0,1.0,0.0,0.0,0.5,2.0,False,False,0.013363739302700002,False,0.0,False,2.22044604925e-16,Voting
3.0,1.0,0.0,0.0,0.5,2.0,False,False,0.013363739302700002,False,0.0,False,2.22044604925e-16,Voting
3.0,1.0,0.0,0.0,0.5,2.0,False,False,0.013363739302700002,False,0.0,False,2.22044604925e-16,Voting
3.0,1.0,0.0,0.0,0.5,2.0,False,False,0.013363739302700002,False,0.0,False,2.22044604925e-16,Voting
3.0,1.0,0.0,0.0,0.5,2.0,False,False,0.013363739302700002,False,0.0,False,2.22044604925e-16,Voting
3.0,1.0,0.0,0.0,0.5,2.0,False,False,0.013363739302700002,False,0.0,False,2.22044604925e-16,Voting
3.0,1.0,0.0,0.0,0.5,2.0,False,False,0.013363739302700002,False,0.0,False,2.22044604925e-16,Voting
3.0,1.0,0.0,0.0,0.5,2.0,False,False,0.013363739302700002,False,0.0,False,2.22044604925e-16,Voting
3.0,1.0,0.0,0.0,0.5,2.0,False,False,0.013363739302700002,False,0.0,False,2.22044604925e-16,Voting
3.0,1.0,0.0,0.0,0.5,2.0,False,False,0.013363739302700002,False,0.0,False,2.22044604925e-16,Voting
3.0,1.0,0.0,0.0,0.5,2.0,False,False,0.013363739302700002,False,0.0,False,2.22044604925e-16,Voting
3.0,1.0,0.0,0.0,0.5,2.0,False,False,0.013363739302700002,False,0.0,False,2.22044604925e-16,Voting
3.0,1.0,0.0,0.0,0.5,2.0,False,False,0.013363739302700002,False,0.0,False,2.22044604925e-16,Voting
3.0,1.0,0.0,0.0,0.5,2.0,False,False,0.013363739302700002,False,0.0,False,2.22044604925e-16,Voting
3.0,1.0,0.0,0.0,0.5,2.0,False,False,0.013363739302700002,False,0.0,False,2.22044604925e-16,Voting
3.0,1.0,0.0,0.0,0.5,2.0,False,False,0.013363739302700002,False,0.0,False,2.22044604925e-16,Voting
3.0,1.0,0.0,0.0,0.5,2.0,False,False,0.013363739302700002,False,0.0,False,2.22044604925e-16,Voting
3.0,1.0,0.0,0.0,0.5,2.0,False,False,0.013363739302700002,False,0.0,False,2.22044604925e-16,Voting
3.0,1.0,0.0,0.0,0.5,2.0,False,False,0.013363739302700002,False,0.0,False,2.22044604925e-16,Voting
3.0,1.0,0.0,0.0,0.5,2.0,False,False,0.013363739302700002,False,0.0,False,2.22044604925e-16,Voting
3.0,1.0,0.0,0.0,0.5,2.0,False,False,0.013363739302700002,False,0.0,False,2.22044604925e-16,Voting
3.0,1.0,0.0,0.0,0.5,2.0,False,False,0.013363739302700002,False,0.0,False,2.22044604925e-16,Voting
3.0,1.0,0.0,0.0,0.5,2.0,False,False,0.013363739302700002,False,0.0,False,2.22044604925e-16,Voting
3.0,1.0,0.0,0.0,0.5,2.0,False,False,0.013363739302700002,False,0.0,False,2.22044604925e-16,Voting
3.0,1.0,0.0,0.0,0.5,2.0,False,False,0.013363739302700002,False,0.0,False,2.22044604925e-16,Voting
3.0,1.0,0.0,0.0,0.5,2.0,False,False,0.013363739302700002,False,0.0,False,2.22044604925e-16,Voting
3.0,1.0,0.0,0.0,0.5,2.0,False,False,0.013363739302700002,False,0.0,False,2.22044604925e-16,Voting
3.0,1.0,0.0,0.0,0.5,2.0,False,False,0.013363739302700002,False,0.0,False,2.22044604925e-16,Voting
3.0,1.0,0.0,0.0,0.5,2.0,False,False,0.013363739302700002,False,0.0,False,2.22044604925e-16,Voting
3.0,1.0,0.0,0.0,0.5,2.0,False,False,0.013363739302700002,False,0.0,False,2.22044604925e-16,Voting
3.0,1.0,0.0,0.0,0.5,2.0,False,False,0.013363739302700002,False,0.0,False,2.22044604925e-16,Voting
3.0,1.0,0.0,0.0,0.5,2.0,False,False,0.013363739302700002,False,0.0,False,2.22044604925e-16,Voting
3.0,1.0,0.0,0.0,0.5,2.0,False,False,0.013363739302700002,False,0.0,False,2.22044604925e-16,Voting
3.0,1.0,0.0,0.0,0.5,2.0,False,False,0.013363739302700002,False,0.0,False,2.22044604925e-16,Voting
3.0,1.0,0.0,0.0,0.5,2.0,False,False,0.013363739302700002,False,0.0,False,2.22044604925e-16,Voting
3.0,1.0,0.0,0.0,0.5,2.0,False,False,0.013363739302700002,False,0.0,False,2.22044604925e-16,Voting
3.0,1.0,0.0,0.0,0.5,2.0,False,False,0.013363739302700002,False,0.0,False,2.22044604925e-16,Voting
3.0,1.0,0.0,0.0,0.5,2.0,False,False,0.013363739302700002,False,0.0,False,2.22044604925e-16,Voting
3.0,1.0,0.0,0.0,0.5,2.0,False,False,0.013363739302700002,False,0.0,False,2.22044604925e-16,Voting
3.0,1.0,0.0,0.0,0.5,2.0,False,False,0.013363739302700002,False,0.0,False,2.22044604925e-16,Voting
3.0,1.0,0.0,0.0,0.5,2.0,False,False,0.013363739302700002,False,0.0,False,2.22044604925e-16,Voting
3.0,1.0,0.0,0.0,0.5,2.0,False,False,0.013363739302700002,False,0.0,False,2.22044604925e-16,Voting
3.0,1.0,0.0,0.0,0.5,2.0,False,False,0.013363739302700002,False,0.0,False,2.22044604925e-16,Voting
3.0,1.0,0.0,0.0,0.5,2.0,False,False,0.013363739302700002,False,0.0,False,2.22044604925e-16,Voting
3.0,1.0,0.0,0.0,0.5,2.0,False,False,0.013363739302700002,False,0.0,False,2.22044604925e-16,Voting
3.0,1.0,0.0,0.0,0.5,2.0,False,False,0.013363739302700002,False,0.0,False,2.22044604925e-16,Voting
3.0,1.0,0.0,0.0,0.5,2.0,False,False,0.013363739302700002,False,0.0,False,2.22044604925e-16,Voting
3.0,1.0,0.0,0.0,0.5,2.0,False,False,0.013363739302700002,False,0.0,False,2.22044604925e-16,Voting
3.0,1.0,0.0,0.0,0.5,2.0,False,False,0.013363739302700002,False,0.0,False,2.22044604925e-16,Voting
3.0,1.0,0.0,0.0,0.5,2.0,False,False,0.013363739302700002,False,0.0,False,2.22044604925e-16,Voting
3.0,1.0,0.0,0.0,0.5,2.0,False,False,0.013363739302700002,False,0.0,False,2.22044604925e-16,Voting
3.0,1.0,0.0,0.0,0.5,2.0,False,False,0.013363739302700002,False,0.0,False,2.22044604925e-16,Voting
3.0,1.0,0.0,0.0,0.5,2.0,False,False,0.013363739302700002,False,0.0,False,2.22044604925e-16,Voting
3.0,1.0,0.0,0.0,0.5,2.0,False,False,0.013363739302700002,False,0.0,False,2.22044604925e-16,Voting
3.0,1.0,0.0,0.0,0.5,2.0,False,False,0.013363739302700002,False,0.0,False,2.22044604925e-16,Voting
3.0,1.0,0.0,0.0,0.5,2.0,False,False,0.013363739302700002,False,0.0,False,2.22044604925e-16,Voting
3.0,1.0,0.0,0.0,0.5,2.0,False,False,0.013363739302700002,False,0.0,False,2.22044604925e-16,Voting
3.0,1.0,0.0,0.0,0.5,2.0,False,False,0.013363739302700002,False,0.0,False,2.22044604925e-16,Voting
3.0,1.0,0.0,0.0,0.5,2.0,False,False,0.013363739302700002,False,0.0,False,2.22044604925e-16,Voting
3.0,1.0,0.0,0.0,0.5,2.0,False,False,0.013363739302700002,False,0.0,False,2.22044604925e-16,Voting
3.0,1.0,0.0,0.0,0.5,2.0,False,False,0.013363739302700002,False,0.0,False,2.22044604925e-16,Voting
3.0,1.0,0.0,0.0,0.5,2.0,False,False,0.013363739302700002,False,0.0,False,2.22044604925e-16,Voting
3.0,1.0,0.0,0.0,0.5,2.0,False,False,0.013363739302700002,False,0.0,False,2.22044604925e-16,Voting
3.0,1.0,0.0,0.0,0.5,2.0,False,False,0.013363739302700002,False,0.0,False,2.22044604925e-16,Voting
3.0,1.0,0.0,0.0,0.5,2.0,False,False,0.013363739302700002,False,0.0,False,2.22044604925e-16,Voting
3.0,1.0,0.0,0.0,0.5,2.0,False,False,0.013363739302700002,False,0.0,False,2.22044604925e-16,Voting
3.0,1.0,0.0,0.0,0.5,2.0,False,False,0.013363739302700002,False,0.0,False,2.22044604925e-16,Voting
3.0,1.0,0.0,0.0,0.5,2.0,False,False,0.013363739302700002,False,0.0,False,2.22044604925e-16,Voting
3.0,1.0,0.0,0.0,0.5,2.0,False,False,0.013363739302700002,False,0.0,False,2.22044604925e-16,Voting
