dit,noc,cbo,rfc,lcom,ca,ce,npm,lcom3,loc,dam,moa,mfa,cam,ic,cbm,amc,max_cc,avg_cc,buggy,Accuracy_Pred,Accuracy_Pred_Prob,FMeasure_Pred,FMeasure_Pred_Prob,GMean_Pred,GMean_Pred_Prob,Function to be selected,PredictedTechnique,DSF_Prediction,DSF_Pred_Prob
2,0,5,9,1,1,4,1,2.0,49,0.0,0,0.909090909,0.75,1,1,23.5,1,0.5,True,False,0.4,True,0.6,True,0.6133333333333333,FMeasure,FMeasure,True,0.5971906784426056
1,0,1,3,3,1,0,3,2.0,3,0.0,0,0.0,1.0,0,0,0.0,1,1.0,False,False,0.0,False,0.0,False,0.0,FMeasure,FMeasure,False,0.0
2,0,8,17,78,0,8,13,2.0,49,0.0,0,0.5862068970000001,1.0,1,3,2.769230769,1,0.9231,False,False,0.13333333333333333,False,0.2428571428571429,False,0.2845238095238095,FMeasure,FMeasure,False,0.24183611213433728
2,0,5,7,1,1,4,1,2.0,17,0.0,0,0.909090909,0.75,1,2,7.5,1,0.5,False,False,0.0,False,0.0,False,0.0,FMeasure,FMeasure,False,0.0
1,0,10,23,253,2,8,23,2.0,23,0.0,0,0.0,0.255434783,0,0,0.0,1,1.0,False,False,0.0,False,0.0,False,0.0,FMeasure,FMeasure,False,0.0
1,0,3,18,26,3,0,13,0.75,134,1.0,0,0.0,0.512820513,0,0,8.923076923,1,0.8462,False,False,0.0,False,0.0,False,0.0,FMeasure,FMeasure,False,0.0
1,0,8,45,0,4,5,10,0.651515152,234,1.0,1,0.0,0.309090909,0,0,18.0,3,1.5833,True,False,0.0,False,0.0,False,0.0,FMeasure,FMeasure,False,0.0
1,0,23,48,274,22,1,23,0.8769841270000001,459,1.0,0,0.0,0.310344828,0,0,14.51724138,3,1.1724,False,False,0.5,False,0.0,False,0.0,FMeasure,FMeasure,False,0.006937082186181116
2,0,8,14,3,1,7,3,2.0,55,0.0,0,0.75,0.5555555560000001,0,0,17.33333333,2,1.0,False,False,0.0,False,0.0,False,0.0,FMeasure,FMeasure,False,0.0
2,0,8,17,78,0,8,13,2.0,49,0.0,0,0.5862068970000001,1.0,1,3,2.769230769,1,0.9231,False,False,0.13333333333333333,False,0.2428571428571429,False,0.2845238095238095,FMeasure,FMeasure,False,0.24183611213433728
2,0,7,6,1,6,1,2,2.0,16,0.0,0,0.923076923,1.0,0,0,7.0,1,0.5,False,False,0.0,False,0.0,False,0.0,FMeasure,FMeasure,False,0.0
1,0,16,53,8,1,15,2,1.232758621,364,1.0,0,0.0,0.52,0,0,66.0,8,3.2,False,True,0.8,True,0.8,True,0.8,FMeasure,FMeasure,True,0.7999999999999999
1,0,59,45,221,55,5,27,0.91958042,333,0.727272727,3,0.0,0.16296296300000002,1,1,10.92592593,7,1.2963,False,False,0.5,True,0.7,False,0.5,FMeasure,FMeasure,True,0.6950772250834842
1,15,17,5,1,15,2,3,0.5,17,1.0,0,0.0,0.666666667,0,0,4.333333333,1,0.6667,False,False,0.0,False,0.0,False,0.0,FMeasure,FMeasure,False,0.0
1,0,23,94,126,0,23,11,0.885964912,771,1.0,5,0.0,0.20242915,0,0,37.25,9,2.5,True,False,0.2,False,0.2,False,0.0,FMeasure,FMeasure,False,0.19785205795768723
1,0,25,41,3,16,9,3,0.666666667,261,1.0,1,0.0,0.333333333,0,0,35.71428571,4,1.5714,False,False,0.2,False,0.05,False,0.13333333333333333,FMeasure,FMeasure,False,0.05297610050670569
2,0,5,9,1,1,4,1,2.0,69,1.0,0,0.909090909,0.75,2,2,32.0,7,3.5,False,False,0.0,False,0.4,False,0.3,FMeasure,FMeasure,False,0.3933707658732063
2,0,23,61,6,1,22,2,0.761904762,413,1.0,1,0.7307692309999999,0.3,1,3,49.875,6,2.375,True,False,0.0,False,0.0,False,0.2,FMeasure,FMeasure,False,0.003203890349227977
1,0,4,1,0,2,2,1,2.0,1,0.0,0,0.0,1.0,0,0,0.0,1,1.0,False,False,0.0,False,0.0,False,0.0,FMeasure,FMeasure,False,0.0
1,0,3,7,1,2,1,1,2.0,32,0.0,0,0.0,0.5,0,0,15.0,2,1.0,False,False,0.3,False,0.1,False,0.0,FMeasure,FMeasure,False,0.10164321891498268
2,0,8,14,3,1,7,3,2.0,55,0.0,0,0.75,0.5555555560000001,0,0,17.33333333,2,1.0,False,False,0.0,False,0.0,False,0.0,FMeasure,FMeasure,False,0.0
1,0,6,18,21,3,3,10,0.666666667,174,1.0,0,0.0,0.533333333,0,0,16.0,19,2.7,False,False,0.0,False,0.04,False,0.05,FMeasure,FMeasure,False,0.03954805341826366
1,0,8,5,10,3,5,5,2.0,5,0.0,0,0.0,0.433333333,0,0,0.0,1,1.0,False,False,0.0,False,0.0,False,0.0,FMeasure,FMeasure,False,0.0
1,0,4,14,0,1,3,2,0.0,78,1.0,0,0.0,0.666666667,0,0,37.5,3,1.5,False,False,0.0,False,0.0,False,0.0,FMeasure,FMeasure,False,0.0
1,0,18,17,16,16,2,9,0.525,112,1.0,1,0.0,0.472222222,0,0,10.88888889,2,0.7778,False,False,0.0,False,0.05,False,0.0,FMeasure,FMeasure,False,0.04850114196943733
2,0,10,9,9,10,0,4,0.857142857,91,0.428571429,5,0.764705882,0.4,1,1,13.0,1,0.6667,False,False,0.0,False,0.0,False,0.0,FMeasure,FMeasure,False,0.0
1,0,15,50,68,0,15,12,0.816666667,365,1.0,7,0.0,0.2,0,0,21.3125,4,1.4375,False,False,0.0,False,0.1,False,0.0,FMeasure,FMeasure,False,0.09753861216903006
2,0,11,43,1,0,11,2,1.0,243,1.0,1,0.75,0.44,2,2,37.83333333,4,1.8333,False,False,0.37333333333333335,False,0.05,False,0.1,FMeasure,FMeasure,False,0.05502324852286228
2,0,31,8,6,30,1,3,0.875,79,0.333333333,5,0.8125,0.4166666670000001,1,1,13.6,1,0.6,False,False,0.0,False,0.0,False,0.0,FMeasure,FMeasure,False,0.0
1,0,1,14,21,0,1,10,0.740740741,109,1.0,1,0.0,0.32,1,1,9.6,7,1.5,False,False,0.325,False,0.4133333333333333,False,0.5,FMeasure,FMeasure,False,0.4133120726816281
1,0,0,2,0,0,0,1,2.0,7,0.0,0,0.0,1.0,0,0,3.0,0,0.0,False,False,0.12135642135642136,False,0.0,False,0.0,FMeasure,FMeasure,False,0.0017929573693879863
1,0,2,2,1,2,0,2,2.0,2,0.0,0,0.0,0.875,0,0,0.0,1,1.0,False,False,0.0,False,0.0,False,0.0,FMeasure,FMeasure,False,0.0
2,0,7,17,91,0,7,14,2.0,54,0.0,0,0.566666667,1.0,1,4,2.857142857,1,0.9286,False,False,0.0,False,0.0,False,0.016666666666666666,FMeasure,FMeasure,False,0.0002509186737711313
1,0,5,41,0,2,4,14,0.775,254,0.75,1,0.0,0.257142857,0,0,14.375,3,1.5625,True,False,0.0,False,0.0,False,0.0,FMeasure,Accuracy,False,0.0
1,0,12,11,55,7,5,11,2.0,11,0.0,0,0.0,0.33766233799999995,0,0,0.0,1,1.0,False,True,0.8,True,0.8,True,0.8,FMeasure,FMeasure,True,0.8000000000000002
1,15,20,10,11,15,5,5,0.7777777779999999,39,1.0,2,0.0,0.476190476,0,0,4.1428571430000005,1,0.8571,False,False,0.0,False,0.16666666666666666,False,0.0,FMeasure,FMeasure,False,0.16256435423308385
2,0,8,17,78,0,8,13,2.0,49,0.0,0,0.5862068970000001,1.0,1,3,2.769230769,1,0.9231,False,False,0.13333333333333333,False,0.2428571428571429,False,0.2845238095238095,FMeasure,FMeasure,False,0.24183611213433728
2,0,5,7,1,1,4,1,2.0,17,0.0,0,0.909090909,0.75,1,2,7.5,1,0.5,False,False,0.0,False,0.0,False,0.0,FMeasure,FMeasure,False,0.0
1,0,15,42,16,0,15,10,0.757575758,354,1.0,5,0.0,0.242424242,0,0,28.0,4,1.5,False,False,0.0,False,0.0,False,0.0,FMeasure,FMeasure,False,0.0
2,0,5,7,1,1,4,1,2.0,17,0.0,0,0.909090909,0.75,1,2,7.5,1,0.5,False,False,0.0,False,0.0,False,0.0,FMeasure,FMeasure,False,0.0
1,0,17,60,10,1,16,2,0.732142857,495,1.0,3,0.0,0.2875,0,0,59.875,3,1.25,False,True,0.7,True,0.8,False,0.4,GMean,FMeasure,True,0.7924934260180752
1,0,0,10,1,0,0,2,2.0,45,0.0,0,0.0,0.5,0,0,21.5,4,2.0,False,False,0.0,False,0.1,False,0.0,FMeasure,FMeasure,False,0.09701292926847559
1,6,39,76,182,8,31,4,0.95625,495,1.0,4,0.0,0.111111111,0,0,21.80952381,2,1.0952,False,False,0.1,False,0.0,False,0.0,FMeasure,FMeasure,False,0.0015017664249524804
4,2,11,8,8,11,0,4,1.0,26,1.0,0,0.894736842,0.6,0,0,3.8,1,0.4,False,False,0.0,False,0.0,False,0.0,FMeasure,FMeasure,False,0.0
4,0,15,43,0,1,14,2,0.666666667,402,1.0,0,0.996168582,0.5555555560000001,2,3,198.5,17,8.5,False,False,0.0,False,0.1,False,0.1,FMeasure,FMeasure,False,0.09849240455244002
2,0,5,9,1,1,4,1,2.0,29,0.0,0,0.909090909,0.75,1,2,13.5,1,0.5,False,False,0.0,False,0.0,False,0.03333333333333333,FMeasure,FMeasure,False,0.0004684928593817896
1,0,3,9,1,0,3,1,1.0,26,0.0,1,0.0,1.0,0,0,11.5,0,0.0,False,False,0.01818181818181818,False,0.0,False,0.0,FMeasure,FMeasure,False,0.0002738747672384007
2,0,8,17,78,0,8,13,2.0,49,0.0,0,0.5862068970000001,1.0,1,3,2.769230769,1,0.9231,False,False,0.13333333333333333,False,0.2428571428571429,False,0.2845238095238095,FMeasure,FMeasure,False,0.24183611213433728
1,0,0,8,0,0,0,4,0.333333333,23,1.0,0,0.0,0.625,0,0,4.5,1,0.75,False,False,0.0,False,0.0,False,0.0,FMeasure,FMeasure,False,0.0
2,0,8,14,3,1,7,3,2.0,54,0.0,0,0.75,0.5555555560000001,0,0,17.0,2,1.0,False,False,0.0,False,0.0,False,0.1,FMeasure,FMeasure,False,0.0015260473725093736
2,0,9,19,78,0,9,13,2.0,57,0.0,0,0.5862068970000001,1.0,1,3,3.384615385,1,0.9231,False,False,0.4371428571428571,False,0.2,False,0.16666666666666669,FMeasure,FMeasure,False,0.2030677546827167
1,0,20,65,88,0,20,9,0.857142857,367,1.0,6,0.0,0.158974359,0,0,21.5,5,1.4375,False,False,0.0,False,0.1,False,0.0,FMeasure,FMeasure,False,0.09753861254174215
1,0,7,13,10,7,0,7,0.8,75,1.0,0,0.0,0.34375,0,0,7.75,2,0.875,True,False,0.0,False,0.0,False,0.0,FMeasure,FMeasure,False,0.0
2,0,8,17,78,0,8,13,2.0,49,0.0,0,0.5862068970000001,1.0,1,3,2.769230769,1,0.9231,False,False,0.13333333333333333,False,0.2428571428571429,False,0.2845238095238095,FMeasure,FMeasure,False,0.24183611213433728
1,0,0,2,0,0,0,1,2.0,77,0.0,0,0.0,1.0,0,0,3.0,0,0.0,False,False,0.12135642135642136,False,0.0,False,0.1,FMeasure,FMeasure,False,0.002757689967234992
5,0,16,6,3,15,1,2,1.5,16,1.0,0,1.0,0.666666667,0,0,4.0,0,0.0,False,False,0.0,False,0.0,False,0.0,FMeasure,FMeasure,False,0.0
2,0,7,17,21,1,7,7,2.0,73,0.0,0,0.25,0.428571429,0,0,9.428571429,2,1.0,False,False,0.0,False,0.0,False,0.1,FMeasure,FMeasure,False,0.0014904516048927932
1,0,14,46,260,10,4,28,0.89010989,443,1.0,3,0.0,0.183908046,1,1,13.82758621,8,1.4138,False,True,0.67,True,0.9,True,1.0,FMeasure,FMeasure,True,0.898040708947645
2,0,9,14,3,2,7,3,2.0,67,0.0,0,0.75,0.5555555560000001,0,0,21.33333333,3,1.3333,False,False,0.0,False,0.0,False,0.0,FMeasure,FMeasure,False,0.0
1,0,9,28,4,1,9,2,1.274509804,223,1.0,0,0.0,0.5,0,0,50.5,5,1.75,False,False,0.0,False,0.1,False,0.0,FMeasure,FMeasure,False,0.09740510671153654
2,0,8,15,3,1,7,3,2.0,63,0.0,0,0.75,0.5,0,0,20.0,2,1.0,False,False,0.13333333333333333,False,0.0,False,0.0,FMeasure,FMeasure,False,0.001992874993065827
1,0,8,11,55,3,5,11,2.0,11,0.0,0,0.0,0.348484848,0,0,0.0,1,1.0,False,False,0.5,False,0.5,False,0.45,FMeasure,FMeasure,False,0.49940383968484
1,0,0,2,0,0,0,1,2.0,38,0.0,0,0.0,1.0,0,0,3.0,0,0.0,True,False,0.12135642135642136,False,0.0,False,0.075,FMeasure,FMeasure,False,0.002555276323548209
1,0,2,12,31,2,0,10,0.86,64,1.0,0,0.0,0.681818182,0,0,4.363636364,1,0.8182,False,False,0.0,False,0.0,False,0.0,FMeasure,FMeasure,False,0.0
2,0,32,14,11,31,1,4,0.857142857,129,0.28571428600000004,6,0.764705882,0.4,1,1,19.33333333,3,1.0,True,False,0.0,False,0.1,False,0.0,FMeasure,FMeasure,False,0.09753861254174215
1,0,21,35,95,17,5,17,0.909090909,235,1.0,3,0.0,0.180555556,1,1,11.44444444,7,1.3889,False,False,0.4,False,0.4166666666666666,False,0.25,FMeasure,FMeasure,False,0.41464547889209113
2,0,8,17,78,0,8,13,2.0,49,0.0,0,0.5862068970000001,1.0,1,3,2.769230769,1,0.9231,False,False,0.07668803418803419,False,0.12852564102564099,False,0.2308369408369408,FMeasure,FMeasure,False,0.1291501503465276
2,0,7,14,3,1,6,3,2.0,46,0.0,0,0.75,0.5,0,0,14.33333333,1,0.6667,False,False,0.0,False,0.1,False,0.2,FMeasure,FMeasure,False,0.10004986926627911
2,0,13,39,9,0,13,1,1.0625,366,1.0,4,0.705882353,0.533333333,1,1,47.85714286,4,1.5714,False,False,0.15,False,0.2,False,0.2,FMeasure,FMeasure,False,0.19943354415600054
1,0,18,49,51,1,17,4,1.076923077,350,1.0,1,0.0,0.4,0,0,28.45454545,3,1.4545,True,True,0.8,True,0.55,True,0.7,FMeasure,FMeasure,True,0.5546096527235733
1,0,40,60,492,38,6,25,0.8402777779999999,441,1.0,2,0.0,0.148648649,1,1,10.702702699999998,7,1.4865,True,True,0.7583333333333334,True,0.7266666666666666,False,0.2333333333333333,FMeasure,FMeasure,True,0.7211802569614016
1,0,3,14,0,3,0,9,0.694444444,164,1.0,0,0.0,0.5,1,1,15.0,13,2.3,True,False,0.1,False,0.0,False,0.0,FMeasure,FMeasure,False,0.0011343356608003135
4,0,13,49,276,0,13,24,1.043478261,189,1.0,0,0.629032258,0.25,0,0,6.833333333,1,0.9583,False,False,0.0,False,0.05,False,0.0,FMeasure,FMeasure,False,0.048840327742875916
1,0,6,15,0,1,5,3,0.666666667,68,1.0,1,0.0,0.5555555560000001,0,0,15.25,3,1.0,False,False,0.0,False,0.0,False,0.0,FMeasure,FMeasure,False,0.0
2,0,4,10,1,0,4,2,2.0,30,0.0,0,0.666666667,0.75,0,0,14.0,2,1.0,False,False,0.0,False,0.0,False,0.0,FMeasure,FMeasure,False,0.0
2,0,4,14,11,3,1,4,0.875,141,0.25,7,0.764705882,0.4,1,1,21.16666667,3,1.0,False,False,0.09,False,0.0,False,0.0,FMeasure,FMeasure,False,0.0010211959289032403
2,0,8,14,3,1,7,3,2.0,52,0.0,0,0.75,0.5555555560000001,0,0,16.33333333,2,1.0,False,False,0.0,False,0.0,False,0.0,FMeasure,FMeasure,False,0.0
2,0,5,13,1,1,4,1,2.0,76,0.0,0,0.909090909,0.75,2,2,37.0,5,2.5,False,False,0.0,False,0.5,False,0.3,FMeasure,FMeasure,False,0.49196741354892676
1,0,8,5,10,7,1,5,2.0,5,0.0,0,0.0,0.44,0,0,0.0,1,1.0,False,False,0.0,False,0.0,False,0.0,FMeasure,FMeasure,False,0.0
2,0,9,19,78,0,9,13,2.0,81,0.0,0,0.5862068970000001,1.0,1,3,5.230769231,1,0.9231,True,False,0.0,False,0.0,False,0.0,FMeasure,FMeasure,False,0.0
2,0,7,25,2,1,7,1,1.142857143,91,1.0,1,0.857142857,0.4166666670000001,1,1,20.0,1,0.5,False,False,0.2,False,0.06666666666666668,False,0.0,FMeasure,FMeasure,False,0.06738940383363486
2,0,8,14,3,1,7,3,2.0,103,0.0,0,0.75,0.5555555560000001,0,0,33.33333333,5,2.0,False,False,0.0,False,0.0,False,0.028571428571428567,FMeasure,FMeasure,False,0.0003387530944521568
1,0,28,4,6,25,3,4,2.0,4,0.0,0,0.0,0.7,0,0,0.0,1,1.0,False,False,0.0,False,0.0,False,0.0,FMeasure,FMeasure,False,0.0
2,0,8,12,1,0,8,2,1.0,59,1.0,0,0.833333333,1.0,0,0,25.0,1,0.5,False,False,0.0,False,0.0,False,0.0,FMeasure,FMeasure,False,0.0
1,0,5,17,0,0,5,3,0.5,94,1.0,0,0.0,0.666666667,0,0,29.66666667,1,0.6667,False,False,0.0,False,0.0,False,0.0,FMeasure,FMeasure,False,0.0
1,0,9,6,15,7,2,6,2.0,6,0.0,0,0.0,0.466666667,0,0,0.0,1,1.0,False,False,0.0,False,0.0,False,0.0,FMeasure,FMeasure,False,0.0
1,0,7,5,10,5,2,5,2.0,5,0.0,0,0.0,0.44,0,0,0.0,1,1.0,False,False,0.0,False,0.0,False,0.0,FMeasure,FMeasure,False,0.0
1,0,4,5,0,4,0,3,0.833333333,22,1.0,0,0.0,0.75,0,0,4.0,1,0.5,False,False,0.0,False,0.0,False,0.0,FMeasure,FMeasure,False,0.0
2,0,2,14,11,1,1,4,0.666666667,81,0.666666667,2,0.764705882,0.4,1,1,12.0,3,1.0,False,False,0.0,False,0.0,False,0.0,FMeasure,FMeasure,False,0.0
1,0,3,1,0,2,1,1,2.0,1,0.0,0,0.0,1.0,0,0,0.0,1,1.0,False,False,0.0,False,0.0,False,0.0,FMeasure,FMeasure,False,0.0
1,0,2,13,3,2,0,1,2.0,90,0.0,0,0.0,0.444444444,0,0,29.0,6,2.6667,False,False,0.0,False,0.0,False,0.0,FMeasure,FMeasure,False,0.0
2,0,12,25,66,6,12,12,2.0,110,0.0,0,0.153846154,0.297619048,0,0,8.166666667000001,1,0.9167,True,True,0.6,True,0.8,True,0.7,FMeasure,FMeasure,True,0.7965499214409072
2,0,10,20,36,4,10,9,2.0,77,0.0,0,0.2,0.301587302,0,0,7.555555556,1,0.8889,False,False,0.0,False,0.0,False,0.1,FMeasure,FMeasure,False,0.0011831927784615598
2,0,8,14,3,1,7,3,2.0,55,0.0,0,0.75,0.5555555560000001,0,0,17.33333333,2,1.0,False,False,0.0,False,0.0,False,0.0,FMeasure,FMeasure,False,0.0
1,0,27,62,457,25,6,28,0.844594595,454,1.0,2,0.0,0.15,1,1,10.73684211,7,1.4737,False,False,0.4119047619047619,False,0.35,True,0.5416666666666666,FMeasure,FMeasure,False,0.3523808348523435
1,0,3,13,4,3,0,9,0.625,90,1.0,0,0.0,0.7222222220000001,0,0,8.666666667000001,1,0.7778,False,False,0.0,False,0.0,False,0.06666666666666668,FMeasure,FMeasure,False,0.0007899530940576743
1,0,0,2,0,0,0,1,2.0,32,0.0,0,0.0,1.0,0,0,3.0,0,0.0,False,False,0.2132251082251082,False,0.14321428571428568,True,0.6,FMeasure,FMeasure,False,0.1494092900318662
1,0,7,16,6,7,0,8,0.708333333,104,1.0,0,0.0,0.311111111,1,1,10.22222222,5,1.2222,False,False,0.0,False,0.0,False,0.02,FMeasure,FMeasure,False,0.0002370854394318235
2,0,8,19,91,0,8,14,2.0,86,0.0,0,0.566666667,1.0,1,4,5.1428571430000005,1,0.9286,False,False,0.034188034188034185,False,0.007692307692307694,False,0.00909090909090909,FMeasure,FMeasure,False,0.008009376074106083
1,0,36,16,40,36,0,10,0.818181818,119,0.75,0,0.0,0.3,1,1,8.583333332999999,7,1.4167,False,True,0.5066666666666666,False,0.0,False,0.2,FMeasure,FMeasure,False,0.008114783394024987
2,0,9,19,78,0,9,13,2.0,81,0.0,0,0.5862068970000001,1.0,1,3,5.230769231,1,0.9231,True,False,0.0,False,0.0,False,0.0,FMeasure,FMeasure,False,0.0
1,0,17,50,18,12,7,7,0.727272727,253,1.0,0,0.0,0.327272727,0,0,19.75,5,1.5833,False,False,0.425,False,0.15,False,0.3,FMeasure,FMeasure,False,0.1548931449478956
1,0,8,21,0,1,7,2,1.0,168,1.0,1,0.0,0.4,0,0,39.0,3,1.5,False,False,0.0,False,0.0,False,0.0,FMeasure,FMeasure,False,0.0
1,0,2,7,3,2,0,5,0.8,35,1.0,0,0.0,0.5555555560000001,0,0,4.333333333,1,0.6667,False,False,0.0,False,0.0,False,0.0,FMeasure,FMeasure,False,0.0
2,0,3,8,6,0,3,4,2.0,22,0.0,0,0.4,1.0,0,0,4.5,1,0.75,False,False,0.0,False,0.0,False,0.0,FMeasure,FMeasure,False,0.0
1,0,13,33,13,0,13,4,1.0,226,0.9,1,0.0,0.425,0,0,18.63636364,1,0.8182,False,False,0.1,False,0.1,False,0.0,FMeasure,FMeasure,False,0.09881563745493907
2,0,18,41,7,1,17,2,0.666666667,216,1.0,0,0.791666667,0.3666666670000001,1,3,34.5,5,2.3333,False,False,0.0,False,0.0,False,0.0,FMeasure,FMeasure,False,0.0
1,0,6,34,36,5,1,7,0.727272727,342,1.0,0,0.0,0.464285714,0,0,27.16666667,4,1.8333,False,False,0.0,False,0.0,False,0.05,FMeasure,FMeasure,False,0.0005924616525367774
1,0,34,141,383,0,34,32,0.892156863,684,1.0,8,0.0,0.111111111,0,0,18.28571429,6,1.3714,True,True,0.9,False,0.5,False,0.5,Accuracy,Accuracy,True,0.5871773093652037
2,0,10,42,2,0,10,1,1.125,262,1.0,1,0.8,0.5625,1,1,49.0,6,1.6,True,False,0.5,True,0.6,False,0.315,FMeasure,FMeasure,True,0.595491010760574
2,0,11,17,21,4,11,7,2.0,80,0.0,0,0.25,0.30952381,0,0,10.42857143,1,0.8571,False,False,0.0,False,0.0,False,0.0,FMeasure,FMeasure,False,0.0
1,0,9,11,55,7,2,11,2.0,11,0.0,0,0.0,0.311688312,0,0,0.0,1,1.0,True,True,0.6,False,0.4,True,0.85,FMeasure,FMeasure,False,0.40759627446280167
1,0,7,33,11,1,6,3,1.085714286,169,1.0,0,0.0,0.6,0,0,26.0,5,1.6667,False,False,0.0,False,0.0,False,0.0,FMeasure,FMeasure,False,0.0
1,0,21,43,20,0,21,8,0.854166667,252,1.0,5,0.0,0.204545455,0,0,26.33333333,5,1.5556,False,False,0.0,False,0.0,False,0.0,FMeasure,FMeasure,False,0.0
2,0,8,17,78,0,8,13,2.0,49,0.0,0,0.5862068970000001,1.0,1,3,2.769230769,1,0.9231,False,False,0.07668803418803419,False,0.12852564102564099,False,0.2308369408369408,FMeasure,FMeasure,False,0.1291501503465276
3,0,3,19,1,0,3,2,2.0,91,1.0,0,0.961538462,1.0,1,2,44.0,5,2.5,False,False,0.0,False,0.1,False,0.0,FMeasure,FMeasure,False,0.09768067240956939
2,0,5,9,6,0,5,4,2.0,38,0.0,0,0.4,0.4,0,0,8.5,1,0.75,False,False,0.0,False,0.1,False,0.0,FMeasure,FMeasure,False,0.0976812276472686
5,0,9,6,3,8,1,2,1.5,16,1.0,0,1.0,0.666666667,0,0,4.0,0,0.0,False,False,0.0,False,0.0,False,0.0,FMeasure,FMeasure,False,0.0
1,0,11,37,0,1,10,2,0.5,234,1.0,2,0.0,0.3666666670000001,0,0,45.0,4,2.2,False,False,0.0,False,0.0,False,0.1,FMeasure,FMeasure,False,0.00118489172162969
1,0,22,27,76,21,2,15,0.783333333,171,1.0,2,0.0,0.260416667,1,1,9.4375,7,1.4375,False,True,0.575,False,0.215,False,0.14,FMeasure,FMeasure,False,0.21819565216063466
1,0,6,14,2,6,0,7,0.7857142859999999,99,1.0,0,0.0,0.3,1,1,10.875,5,1.25,False,False,0.15714285714285714,False,0.08333333333333333,False,0.0,FMeasure,FMeasure,False,0.0831824621616126
1,0,3,7,6,3,0,4,2.0,17,0.0,0,0.0,1.0,0,0,3.25,1,0.75,False,False,0.0,False,0.0,False,0.0,FMeasure,FMeasure,False,0.0
1,0,6,2,1,4,2,2,2.0,2,0.0,0,0.0,0.583333333,0,0,0.0,1,1.0,False,False,0.0,False,0.0,False,0.0,FMeasure,FMeasure,False,0.0
2,0,12,31,2,0,12,1,1.0,179,1.0,3,0.857142857,0.583333333,1,1,41.0,4,1.25,False,False,0.1,False,0.1,False,0.1,FMeasure,FMeasure,False,0.09999999999999999
1,0,2,15,37,1,1,11,0.85,109,1.0,1,0.0,0.242424242,1,1,8.545454545,7,1.5455,False,False,0.03333333333333333,False,0.0,False,0.2,FMeasure,FMeasure,False,0.0027458257473150474
2,0,20,52,18,1,19,2,0.7857142859999999,360,1.0,0,0.7307692309999999,0.325,1,3,43.5,6,2.5,False,False,0.0,False,0.0,False,0.0,FMeasure,FMeasure,False,0.0
2,0,8,17,78,0,8,13,2.0,49,0.0,0,0.5862068970000001,1.0,1,3,2.769230769,1,0.9231,False,False,0.07668803418803419,False,0.12852564102564099,False,0.2308369408369408,FMeasure,FMeasure,False,0.1291501503465276
2,0,5,7,1,1,4,1,2.0,17,0.0,0,0.909090909,0.75,1,2,7.5,1,0.5,False,False,0.0,False,0.0,False,0.0,FMeasure,FMeasure,False,0.0
2,0,4,5,1,1,3,1,2.0,11,0.0,0,0.909090909,0.75,1,1,4.5,1,0.5,False,False,0.1,False,0.0,False,0.0,FMeasure,FMeasure,False,0.001132187724646268
1,0,3,1,0,2,1,1,2.0,1,0.0,0,0.0,1.0,0,0,0.0,1,1.0,False,False,0.0,False,0.0,False,0.0,FMeasure,FMeasure,False,0.0
2,0,12,37,7,0,12,1,1.122222222,302,1.0,1,0.75,0.52,1,1,46.33333333,2,0.8333,False,False,0.06666666666666668,False,0.3,False,0.2,FMeasure,FMeasure,False,0.29617177481809104
1,0,23,1,0,23,1,1,2.0,1,0.0,0,0.0,1.0,0,0,0.0,1,1.0,False,False,0.0,False,0.1,False,0.0,FMeasure,FMeasure,False,0.09768056414505479
1,11,19,44,61,11,8,9,0.89010989,214,1.0,0,0.0,0.307692308,0,0,13.78571429,5,1.4286,False,False,0.2,False,0.1,False,0.0,FMeasure,FMeasure,False,0.10014650325830501
1,0,8,21,0,8,0,10,0.666666667,140,1.0,0,0.0,0.34,0,0,12.6,2,0.8,False,False,0.0,False,0.05,False,0.1,FMeasure,FMeasure,False,0.04992769332788908
2,0,7,17,91,0,7,14,2.0,54,0.0,0,0.566666667,1.0,1,4,2.857142857,1,0.9286,False,False,0.0,False,0.0,False,0.0,FMeasure,FMeasure,False,0.0
1,0,9,9,14,8,1,7,0.857142857,46,1.0,1,0.0,0.458333333,0,0,4.25,1,0.75,False,False,0.1,False,0.0,False,0.0,FMeasure,FMeasure,False,0.0010715667852682978
1,0,76,25,88,74,2,15,0.854166667,163,1.0,2,0.0,0.205882353,1,1,8.235294117999999,7,1.2941,False,False,0.425,False,0.35,True,0.8,FMeasure,FMeasure,False,0.35497807868632475
1,0,5,7,21,3,2,7,2.0,7,0.0,0,0.0,0.5,0,0,0.0,1,1.0,False,False,0.0,False,0.0,False,0.0,FMeasure,FMeasure,False,0.0
2,0,8,17,78,0,8,13,2.0,49,0.0,0,0.5862068970000001,1.0,1,3,2.769230769,1,0.9231,False,False,0.0,False,0.0,False,0.0,FMeasure,FMeasure,False,0.0
2,0,5,7,1,1,4,1,2.0,17,0.0,0,0.909090909,0.75,1,2,7.5,1,0.5,False,False,0.0,False,0.0,False,0.0,FMeasure,FMeasure,False,0.0
2,0,7,14,3,1,6,3,2.0,48,0.0,0,0.75,0.5555555560000001,0,0,15.0,1,0.6667,False,False,0.0,False,0.1,False,0.3166666666666667,FMeasure,FMeasure,False,0.10093673730624163
1,0,0,2,0,0,0,0,2.0,13,0.0,0,0.0,1.0,0,0,3.0,0,0.0,True,False,0.09864468864468864,False,0.06857142857142857,False,0.0,FMeasure,FMeasure,False,0.06825850408855148
1,0,31,135,115,0,31,16,0.833333333,798,1.0,8,0.0,0.136842105,0,0,40.52631579,13,2.3158,True,False,0.06666666666666668,False,0.1,False,0.1,FMeasure,FMeasure,False,0.09964282134208156
1,0,20,12,0,16,4,5,0.0,43,1.0,0,0.0,0.64,0,0,7.4,1,0.8,False,False,0.0,False,0.0,False,0.1,FMeasure,FMeasure,False,0.0009243870276984304
1,0,4,30,24,3,1,16,0.7589285709999999,343,1.0,1,0.0,0.317647059,1,1,18.76470588,22,2.5882,False,False,0.0,False,0.0,False,0.0,FMeasure,FMeasure,False,0.0
1,0,6,8,28,5,1,8,2.0,8,0.0,0,0.0,0.4,0,0,0.0,1,1.0,False,False,0.0,False,0.0,False,0.0,FMeasure,FMeasure,False,0.0
1,0,0,2,0,0,0,1,2.0,11,0.0,0,0.0,1.0,0,0,3.0,0,0.0,False,False,0.09864468864468864,False,0.2328571428571429,False,0.0,FMeasure,FMeasure,False,0.2292818173464514
2,0,9,19,78,0,9,13,2.0,57,0.0,0,0.5862068970000001,1.0,1,3,3.384615385,1,0.9231,False,False,0.32857142857142857,False,0.2333333333333333,False,0.05,FMeasure,FMeasure,False,0.2326536887284161
2,0,10,20,28,4,10,8,2.0,83,0.0,0,0.222222222,0.46875,0,0,9.375,3,1.125,True,False,0.0,False,0.1,False,0.075,FMeasure,FMeasure,False,0.09869657203719713
1,0,6,7,21,4,2,7,2.0,7,0.0,0,0.0,0.342857143,0,0,0.0,1,1.0,False,False,0.0,False,0.05,False,0.0,FMeasure,FMeasure,False,0.04900945074945942
1,0,15,4,6,14,1,4,2.0,4,0.0,0,0.0,0.625,0,0,0.0,1,1.0,False,False,0.1,False,0.05,False,0.0,FMeasure,FMeasure,False,0.05007317862623307
2,0,8,20,15,0,8,6,2.0,83,0.0,0,0.28571428600000004,0.833333333,0,0,12.83333333,2,1.1667,False,False,0.0,False,0.0,False,0.0,FMeasure,FMeasure,False,0.0
3,0,3,4,1,2,1,3,1.0,15,1.0,0,0.964912281,0.666666667,0,0,3.333333333,1,0.6667,False,False,0.0,False,0.0,False,0.0,FMeasure,FMeasure,False,0.0
1,0,6,29,26,1,5,3,0.6875,200,1.0,2,0.0,0.291666667,0,0,20.77777778,3,1.6667,False,False,0.0,False,0.0,False,0.0,FMeasure,FMeasure,False,0.0
1,0,11,55,37,1,10,5,0.5555555560000001,447,1.0,2,0.0,0.35714285700000004,0,0,43.5,9,2.6,False,False,0.1,False,0.0,False,0.0,FMeasure,FMeasure,False,0.0010711496355262611
2,0,9,15,15,3,9,6,2.0,60,0.0,0,0.28571428600000004,0.4,0,0,9.0,1,0.8333,False,False,0.0,False,0.06666666666666668,False,0.0,FMeasure,FMeasure,False,0.0653347548922077
1,0,16,30,0,1,15,2,0.166666667,178,1.0,3,0.0,0.5,0,0,57.33333333,9,3.6667,False,True,0.8,True,0.6833333333333333,False,0.4,GMean,FMeasure,True,0.6810923475808399
2,0,6,8,3,1,6,3,2.0,21,0.0,0,0.5,0.5555555560000001,0,0,6.0,1,0.6667,False,False,0.0,False,0.3,False,0.3,FMeasure,FMeasure,False,0.2967854653312679
2,0,10,28,2,0,10,1,1.148148148,153,1.0,1,0.857142857,0.583333333,1,1,35.0,3,1.0,False,False,0.3,False,0.13333333333333333,False,0.0,FMeasure,FMeasure,False,0.13388291521848295
1,0,23,27,51,23,1,15,0.767857143,169,1.0,0,0.0,0.32,1,1,10.0,7,1.4,False,False,0.25,False,0.025,False,0.1,FMeasure,FMeasure,False,0.02810558354165497
1,0,27,15,10,26,1,4,2.0,89,0.0,0,0.0,0.266666667,0,0,16.8,3,1.2,False,False,0.0,False,0.0,False,0.1,FMeasure,FMeasure,False,0.0009253000399039803
2,0,10,23,2,0,10,1,1.125,118,1.0,1,0.857142857,0.583333333,1,1,26.5,1,0.5,False,False,0.3,False,0.13333333333333333,False,0.0,FMeasure,FMeasure,False,0.1338825230508782
1,0,20,47,13,0,20,4,1.16,274,1.0,1,0.0,0.4166666670000001,0,0,43.0,2,1.1667,False,False,0.275,False,0.45,False,0.1,FMeasure,FMeasure,False,0.4448807683890606
2,0,8,17,78,0,8,13,2.0,49,0.0,0,0.5862068970000001,1.0,1,3,2.769230769,1,0.9231,True,False,0.0,False,0.0,False,0.0,FMeasure,FMeasure,False,0.0
1,0,0,5,0,0,0,4,1.0,23,0.333333333,0,0.0,0.75,0,0,4.0,1,0.5,False,False,0.0,False,0.0,False,0.0,FMeasure,FMeasure,False,0.0
1,0,7,19,83,6,1,15,0.904761905,129,1.0,1,0.0,0.20952381,1,1,7.2,7,1.4,False,False,0.1,False,0.24,False,0.05,FMeasure,FMeasure,False,0.23673759933715263
2,0,22,37,13,2,21,2,0.6,157,1.0,0,0.791666667,0.3666666670000001,1,3,25.0,4,1.8333,False,False,0.0,False,0.0,False,0.0,FMeasure,FMeasure,False,0.0
2,0,5,8,1,1,4,1,2.0,81,1.0,0,0.909090909,0.75,1,2,37.5,2,1.0,False,False,0.0,False,0.4,False,0.1,FMeasure,FMeasure,False,0.3929311209680655
2,0,21,49,0,1,20,2,0.64,274,1.0,1,0.791666667,0.333333333,1,3,43.83333333,5,2.1667,True,False,0.0,False,0.0,False,0.0,FMeasure,FMeasure,False,0.0
1,0,5,13,10,4,1,8,0.6190476189999999,56,1.0,0,0.0,0.75,0,0,5.625,1,0.875,False,False,0.0,False,0.0,False,0.0,FMeasure,FMeasure,False,0.0
1,0,27,66,270,22,5,33,0.869318182,509,1.0,3,0.0,0.151515152,0,0,14.09090909,4,1.0909,False,False,0.3,False,0.0,False,0.0,FMeasure,FMeasure,False,0.0032150754733447076
2,0,5,7,1,1,4,1,2.0,17,0.0,0,0.909090909,0.75,1,2,7.5,1,0.5,False,False,0.0,False,0.0,False,0.0,FMeasure,FMeasure,False,0.0
1,0,10,32,4,1,10,2,1.242424242,223,1.0,0,0.0,0.5,0,0,52.0,3,1.25,False,False,0.0,False,0.0,False,0.0,FMeasure,FMeasure,False,0.0
1,0,7,22,17,7,0,10,0.814285714,150,1.0,0,0.0,0.424242424,0,0,12.0,3,1.0,False,False,0.05,False,0.0,False,0.0,FMeasure,FMeasure,False,0.0005355964474963061
2,0,5,7,1,1,4,1,2.0,17,0.0,0,0.909090909,0.75,1,2,7.5,1,0.5,False,False,0.0,False,0.0,False,0.0,FMeasure,FMeasure,False,0.0
1,0,30,42,36,21,9,8,2.0,207,0.0,0,0.0,0.351851852,0,0,22.0,7,1.5556,False,False,0.0,False,0.1,False,0.0,FMeasure,FMeasure,False,0.09800343975868896
1,0,8,8,28,6,2,8,2.0,8,0.0,0,0.0,0.53125,0,0,0.0,1,1.0,False,False,0.0,False,0.0,False,0.0,FMeasure,FMeasure,False,0.0
2,0,8,14,3,1,7,3,2.0,63,0.0,0,0.75,0.5555555560000001,0,0,20.0,3,1.3333,False,False,0.0,False,0.0,False,0.0,FMeasure,FMeasure,False,0.0
2,0,7,12,1,0,7,2,1.0,110,1.0,0,0.833333333,1.0,0,0,51.5,1,0.5,False,False,0.0,False,0.0,False,0.0,FMeasure,FMeasure,False,0.0
2,0,24,55,0,2,23,2,0.64,291,1.0,1,0.791666667,0.333333333,1,3,46.66666667,5,2.3333,True,False,0.0,False,0.1,False,0.1,FMeasure,FMeasure,False,0.09938838386054459
1,0,19,77,147,5,14,6,0.862745098,596,1.0,3,0.0,0.234567901,0,0,31.94444444,8,2.6667,True,True,0.7,True,0.7,True,0.8,FMeasure,FMeasure,True,0.7009260570636594
2,0,5,7,1,1,4,1,2.0,17,0.0,0,0.909090909,0.75,1,2,7.5,1,0.5,False,False,0.0,False,0.0,False,0.0,FMeasure,FMeasure,False,0.0
2,0,11,15,3,4,7,3,2.0,93,0.0,0,0.75,0.5555555560000001,0,0,30.0,4,1.6667,False,False,0.0,False,0.0,False,0.0,FMeasure,FMeasure,False,0.0
1,0,5,18,4,1,4,2,1.142857143,128,1.0,2,0.0,0.5,0,0,29.25,2,1.25,False,False,0.0,False,0.0,False,0.0,FMeasure,FMeasure,False,0.0
1,0,4,5,10,3,1,5,2.0,5,0.0,0,0.0,0.9,0,0,0.0,1,1.0,False,False,0.0,False,0.0,False,0.0,FMeasure,FMeasure,False,0.0
1,0,13,42,41,0,13,15,0.8469387759999999,221,0.857142857,6,0.0,0.2,0,0,13.26666667,5,1.3333,False,False,0.0,False,0.05,False,0.13333333333333333,FMeasure,FMeasure,False,0.0502360230223312
1,0,16,23,253,9,8,23,2.0,23,0.0,0,0.0,0.293478261,0,0,0.0,1,1.0,False,False,0.0,False,0.0,False,0.05,FMeasure,FMeasure,False,0.0004629747580176403
1,0,9,35,4,1,8,2,1.308641975,300,1.0,2,0.0,0.4375,0,0,67.25,5,2.25,True,False,0.5,True,0.8,False,0.2,FMeasure,FMeasure,True,0.7912293308699317
2,0,7,11,1,0,7,2,1.0,46,1.0,0,0.833333333,1.0,0,0,20.5,1,0.5,False,False,0.0,False,0.0,False,0.0,FMeasure,FMeasure,False,0.0
1,0,15,77,344,7,11,32,0.883522727,564,1.0,1,0.0,0.157575758,1,1,15.75757576,5,1.3636,True,False,0.1,False,0.0,False,0.25,FMeasure,FMeasure,False,0.0033862044473637123
1,0,39,18,0,36,3,3,0.25,75,1.0,1,0.0,0.25,0,0,13.6,4,1.6,False,False,0.0,False,0.16666666666666666,False,0.2,FMeasure,FMeasure,False,0.16519128291314153
1,0,1,13,15,1,0,5,2.0,385,0.0,0,0.0,0.458333333,0,0,63.16666667,47,9.0,False,False,0.0,False,0.0,False,0.0,FMeasure,FMeasure,False,0.0
3,0,8,31,10,0,8,3,1.25,135,1.0,0,0.8620689659999999,0.4,2,2,25.8,1,0.8,False,False,0.0,False,0.0,False,0.0,FMeasure,FMeasure,False,0.0
2,0,2,14,11,1,1,4,0.8,105,0.4,4,0.764705882,0.4,1,1,15.66666667,3,1.0,False,False,0.0,False,0.0,False,0.0,FMeasure,FMeasure,False,0.0
2,0,9,19,78,0,9,13,2.0,65,0.0,0,0.5862068970000001,1.0,1,3,4.0,1,0.9231,False,False,0.32857142857142857,False,0.2333333333333333,False,0.05,FMeasure,FMeasure,False,0.23265429060673012
2,0,11,29,2,0,11,1,1.214285714,247,1.0,1,0.857142857,0.583333333,1,1,57.25,8,2.25,True,True,0.8,True,1.0,True,0.9,FMeasure,FMeasure,True,0.9969335147085727
1,0,18,44,4,1,17,3,0.666666667,221,1.0,1,0.0,0.375,0,0,54.0,4,1.5,False,False,0.0,False,0.1,False,0.0,FMeasure,FMeasure,False,0.09800230260545022
1,0,6,42,118,4,3,20,0.8105263159999999,264,1.0,1,0.0,0.188888889,1,1,11.95,7,1.45,False,False,0.4916666666666666,False,0.20666666666666664,True,0.5650000000000001,FMeasure,FMeasure,False,0.2130429117632234
1,0,7,21,6,1,6,4,1.083333333,148,1.0,3,0.0,0.533333333,0,0,26.8,3,1.2,False,False,0.0,False,0.0,False,0.0,FMeasure,FMeasure,False,0.0
2,0,7,11,1,0,7,2,1.0,35,1.0,0,0.833333333,1.0,0,0,16.0,1,0.5,False,False,0.0,False,0.0,False,0.0,FMeasure,FMeasure,False,0.0
2,0,5,9,1,1,4,1,2.0,49,0.0,0,0.909090909,0.75,1,1,23.5,1,0.5,True,True,0.6,True,0.7,True,0.8949999999999999,FMeasure,FMeasure,True,0.7010644114716816
2,0,8,14,3,1,7,3,2.0,103,0.0,0,0.75,0.5555555560000001,0,0,33.33333333,6,2.3333,False,False,0.0,False,0.0,False,0.0,FMeasure,FMeasure,False,0.0
1,0,11,23,253,1,10,23,2.0,23,0.0,0,0.0,0.255434783,0,0,0.0,1,1.0,False,False,0.0,False,0.0,False,0.0,FMeasure,FMeasure,False,0.0
1,0,3,3,3,1,2,3,2.0,3,0.0,0,0.0,0.466666667,0,0,0.0,1,1.0,False,False,0.0,False,0.0,False,0.0,FMeasure,FMeasure,False,0.0
1,0,6,4,6,5,1,4,2.0,4,0.0,0,0.0,0.6875,0,0,0.0,1,1.0,False,False,0.0,False,0.0,False,0.0,FMeasure,FMeasure,False,0.0
1,0,5,2,1,4,1,2,2.0,2,0.0,0,0.0,0.666666667,0,0,0.0,1,1.0,False,False,0.0,False,0.0,False,0.0,FMeasure,FMeasure,False,0.0
1,0,25,86,167,0,25,19,0.869047619,464,1.0,7,0.0,0.14285714300000002,0,0,19.72727273,4,1.3636,True,True,0.7,False,0.4,False,0.4666666666666667,Accuracy,Accuracy,True,0.6345848363627524
2,0,2,14,11,1,1,4,0.8,105,0.4,4,0.764705882,0.4,1,1,15.66666667,3,1.0,False,False,0.0,False,0.0,False,0.0,FMeasure,FMeasure,False,0.0
1,0,8,8,28,6,2,8,2.0,8,0.0,0,0.0,0.321428571,0,0,0.0,1,1.0,False,False,0.0,False,0.2,False,0.0,FMeasure,FMeasure,False,0.19577961823787599
1,0,3,21,63,3,1,15,0.828571429,152,1.0,1,0.0,0.238095238,1,1,8.8,7,1.4,False,True,0.5766666666666667,False,0.425,True,0.6,FMeasure,FMeasure,False,0.4284723143675567
1,0,17,49,73,1,16,11,0.802197802,309,1.0,7,0.0,0.17032967,0,0,20.57142857,7,1.7857,False,False,0.1,False,0.14,False,0.05,FMeasure,FMeasure,False,0.138610335708212
2,0,13,32,2,0,13,1,0.75,163,1.0,1,0.8,0.625,1,1,31.0,1,0.6,False,False,0.0,False,0.1,False,0.0,FMeasure,FMeasure,False,0.0978758905605557
2,0,8,14,3,1,7,3,2.0,52,0.0,0,0.75,0.5555555560000001,0,0,16.33333333,2,1.0,False,False,0.0,False,0.0,False,0.0,FMeasure,FMeasure,False,0.0
1,0,5,4,6,5,0,4,2.0,4,0.0,0,0.0,0.833333333,0,0,0.0,1,1.0,False,False,0.0,False,0.0,False,0.0,FMeasure,FMeasure,False,0.0
2,0,2,14,11,1,1,4,0.833333333,117,0.333333333,5,0.764705882,0.4,1,1,17.5,3,1.0,False,False,0.0,False,0.0,False,0.0,FMeasure,FMeasure,False,0.0
1,0,20,16,36,20,1,12,0.795454545,122,1.0,1,0.0,0.316666667,1,1,8.833333332999999,7,1.4167,False,False,0.33333333333333337,False,0.26666666666666666,False,0.24,FMeasure,FMeasure,False,0.26707358072967824
1,0,7,53,31,0,7,6,0.775,285,1.0,0,0.0,0.225,0,0,24.54545455,7,1.6364,False,False,0.0,False,0.0,False,0.0,FMeasure,FMeasure,False,0.0
1,0,19,52,126,0,19,20,0.888157895,264,1.0,8,0.0,0.14285714300000002,0,0,11.8,4,1.25,False,False,0.2,False,0.3,False,0.16666666666666666,FMeasure,FMeasure,False,0.2975166036491774
2,0,8,12,1,0,8,2,1.0,56,1.0,0,0.833333333,1.0,0,0,24.0,1,0.5,False,False,0.0,False,0.0,False,0.0,FMeasure,FMeasure,False,0.0
1,20,28,46,117,20,8,15,0.858823529,221,1.0,0,0.0,0.240740741,1,1,11.0,7,1.4444,False,False,0.11,False,0.0,False,0.11666666666666665,FMeasure,FMeasure,False,0.0024069698146526397
1,0,7,14,0,3,4,5,0.333333333,115,1.0,0,0.0,0.566666667,0,0,21.4,4,2.0,False,False,0.0,False,0.0,False,0.0,FMeasure,FMeasure,False,0.0
1,16,24,42,8,16,8,2,0.704545455,220,1.0,1,0.0,0.218181818,0,0,17.0,4,1.6667,False,False,0.06666666666666668,False,0.1,False,0.0,FMeasure,FMeasure,False,0.09857172895932285
1,0,3,3,3,2,1,3,2.0,3,0.0,0,0.0,0.5,0,0,0.0,1,1.0,True,True,0.6,True,0.6,True,0.6,FMeasure,FMeasure,True,0.6000000000000001
1,0,7,12,9,6,1,10,0.8,79,1.0,1,0.0,0.3,0,0,6.4,1,0.7,False,False,0.025,False,0.05,False,0.0,FMeasure,FMeasure,False,0.0491946863415234
2,0,30,8,6,29,1,3,0.892857143,91,0.28571428600000004,6,0.8125,0.4166666670000001,1,1,15.8,1,0.6,False,False,0.0,False,0.2,False,0.0,FMeasure,FMeasure,False,0.19575544755851074
1,0,11,7,7,10,1,5,0.88,41,1.0,1,0.0,0.375,0,0,5.0,1,0.6667,False,False,0.025,False,0.05,False,0.0,FMeasure,FMeasure,False,0.049198458255087694
1,0,1,4,1,0,1,2,2.0,9,0.0,0,0.0,1.0,0,0,3.5,1,0.5,False,False,0.030769230769230767,False,0.0,False,0.0,FMeasure,FMeasure,False,0.0003159228351464144
2,0,8,14,3,1,7,3,2.0,72,0.0,0,0.75,0.5555555560000001,0,0,23.0,3,1.3333,False,False,0.0,False,0.0,False,0.0,FMeasure,FMeasure,False,0.0
2,0,10,27,2,0,10,1,1.166666667,202,1.0,1,0.857142857,0.583333333,1,1,47.0,7,2.0,True,False,0.4,False,0.5,True,0.5916666666666666,GMean,GMean,True,0.561735133554006
1,0,2,9,0,2,0,4,0.5,45,1.0,0,0.0,0.666666667,0,0,9.75,3,1.25,False,False,0.0,False,0.0,False,0.0,FMeasure,FMeasure,False,0.0
1,4,4,9,0,4,0,4,0.375,35,1.0,0,0.0,0.6,0,0,5.6,1,0.8,False,False,0.0,False,0.0,False,0.0,FMeasure,FMeasure,False,0.0
1,0,9,5,0,9,0,4,0.666666667,28,1.0,0,0.0,0.5,0,0,5.25,1,0.75,False,False,0.0,False,0.0,False,0.15,FMeasure,FMeasure,False,0.0016229220682155484
1,0,10,23,69,10,0,15,0.7857142859999999,213,1.0,0,0.0,0.3666666670000001,1,1,12.86666667,7,1.7333,False,False,0.3666666666666665,False,0.3,False,0.2833333333333333,FMeasure,FMeasure,False,0.3005977182108855
1,0,11,50,180,10,1,26,0.726190476,418,1.0,0,0.0,0.226600985,1,1,13.20689655,7,1.2759,False,False,0.0,False,0.1,False,0.0,FMeasure,FMeasure,False,0.09787750479639978
3,0,4,35,6,0,4,3,1.333333333,205,1.0,0,0.892857143,0.45,3,3,50.0,1,0.75,False,False,0.0,False,0.0,False,0.0,FMeasure,FMeasure,False,0.0
2,0,6,10,6,1,6,4,2.0,28,0.0,0,0.4,0.4375,0,0,6.0,1,0.75,True,True,0.6,True,0.6,True,0.8,FMeasure,FMeasure,True,0.6021596796526485
1,0,11,41,282,8,3,29,0.895833333,348,1.0,3,0.0,0.183908046,1,1,10.5862069,7,1.2069,True,True,0.8666666666666666,True,0.8,True,0.95,FMeasure,FMeasure,True,0.8023152622780558
2,0,7,17,91,0,7,14,2.0,53,0.0,0,0.566666667,1.0,1,4,2.785714286,1,0.9286,False,False,0.0,False,0.0,False,0.0,FMeasure,FMeasure,False,0.0
1,0,8,1,0,8,0,1,2.0,1,0.0,0,0.0,1.0,0,0,0.0,1,1.0,False,False,0.0,False,0.0,False,0.0,FMeasure,FMeasure,False,0.0
1,0,1,23,9,1,0,9,0.7555555559999999,155,1.0,0,0.0,0.65,0,0,14.0,3,1.0,False,False,0.0,False,0.0,False,0.0,FMeasure,FMeasure,False,0.0
1,0,37,77,108,1,36,9,0.916666667,368,1.0,6,0.0,0.1484375,0,0,21.5,3,1.3125,False,False,0.1,False,0.0,False,0.0,FMeasure,FMeasure,False,0.001041973980018365
1,0,5,13,20,4,1,9,0.791666667,99,1.0,1,0.0,0.288888889,1,1,9.666666667000001,7,1.6667,False,False,0.042857142857142864,False,0.025,False,0.0,FMeasure,FMeasure,False,0.02491565192982958
2,0,9,19,78,0,9,13,2.0,81,0.0,0,0.5862068970000001,1.0,1,3,5.230769231,1,0.9231,False,False,0.4240476190476191,True,1.0,True,0.9,Accuracy,FMeasure,True,0.993275149220059
2,0,10,20,36,5,10,9,2.0,80,0.0,0,0.2,0.377777778,0,0,7.888888888999999,1,0.8889,False,False,0.0,False,0.0,False,0.0,FMeasure,FMeasure,False,0.0
2,0,7,15,15,2,7,6,2.0,46,0.0,0,0.28571428600000004,0.4,0,0,6.666666667,1,0.8333,False,False,0.0,False,0.0,False,0.0,FMeasure,FMeasure,False,0.0
1,0,4,22,4,2,3,3,0.333333333,119,0.0,0,0.0,0.5,0,0,28.25,2,1.0,False,False,0.0,False,0.0,False,0.0,FMeasure,FMeasure,False,0.0
2,0,4,5,1,1,3,1,2.0,11,0.0,0,0.909090909,0.75,1,1,4.5,1,0.5,False,False,0.1,False,0.0,False,0.0,FMeasure,FMeasure,False,0.0010400651528302061
1,0,2,26,1,1,1,3,0.5,187,1.0,1,0.0,0.333333333,0,0,29.83333333,3,1.1667,False,False,0.0,False,0.0,False,0.0,FMeasure,FMeasure,False,0.0
1,0,8,23,253,1,7,23,2.0,23,0.0,0,0.0,0.338164251,0,0,0.0,1,1.0,False,False,0.0,False,0.0,False,0.0,FMeasure,FMeasure,False,0.0
1,0,2,1,0,2,0,1,2.0,1,0.0,0,0.0,1.0,0,0,0.0,1,1.0,False,False,0.0,False,0.0,False,0.0,FMeasure,FMeasure,False,0.0
1,0,5,14,0,1,4,5,0.25,115,1.0,0,0.0,0.64,0,0,21.6,4,2.0,False,False,0.0,False,0.1,False,0.0,FMeasure,FMeasure,False,0.09787600084814882
1,0,5,7,21,3,2,7,2.0,7,0.0,0,0.0,0.535714286,0,0,0.0,1,1.0,False,False,0.0,False,0.0,False,0.0,FMeasure,FMeasure,False,0.0
1,0,3,2,1,2,1,2,2.0,2,0.0,0,0.0,0.75,0,0,0.0,1,1.0,False,False,0.0,False,0.1,False,0.0,FMeasure,FMeasure,False,0.0981524757402524
1,0,3,8,0,2,1,4,0.5,30,1.0,0,0.0,0.5,0,0,6.0,1,0.75,False,False,0.0,False,0.1,False,0.0,FMeasure,FMeasure,False,0.09787700863260149
1,0,6,6,15,4,2,6,2.0,6,0.0,0,0.0,0.333333333,0,0,0.0,1,1.0,False,False,0.0,False,0.0,False,0.0,FMeasure,FMeasure,False,0.0
2,0,4,5,1,0,4,2,2.0,11,0.0,0,0.666666667,0.75,0,0,4.5,1,0.5,False,False,0.0,False,0.0,False,0.0,FMeasure,FMeasure,False,0.0
1,0,2,9,0,2,0,4,0.5,45,1.0,0,0.0,0.666666667,0,0,9.75,3,1.25,False,False,0.0,False,0.0,False,0.0,FMeasure,FMeasure,False,0.0
1,0,1,4,1,0,1,2,2.0,9,0.0,0,0.0,1.0,0,0,3.5,1,0.5,False,False,0.030769230769230767,False,0.0,False,0.0,FMeasure,FMeasure,False,0.0003159228351464144
1,0,11,7,7,10,1,5,0.88,41,1.0,1,0.0,0.375,0,0,5.0,1,0.6667,False,False,0.025,False,0.05,False,0.0,FMeasure,FMeasure,False,0.049198458255087694
1,0,1,23,9,1,0,9,0.7555555559999999,155,1.0,0,0.0,0.65,0,0,14.0,3,1.0,False,False,0.0,False,0.0,False,0.0,FMeasure,FMeasure,False,0.0
1,0,37,77,108,1,36,9,0.916666667,368,1.0,6,0.0,0.1484375,0,0,21.5,3,1.3125,True,False,0.1,False,0.0,False,0.0,FMeasure,FMeasure,False,0.001041973980018365
1,0,5,7,21,3,2,7,2.0,7,0.0,0,0.0,0.535714286,0,0,0.0,1,1.0,False,False,0.0,False,0.0,False,0.0,FMeasure,FMeasure,False,0.0
1,0,3,2,1,2,1,2,2.0,2,0.0,0,0.0,0.75,0,0,0.0,1,1.0,False,False,0.0,False,0.1,False,0.0,FMeasure,FMeasure,False,0.0981524757402524
1,0,6,6,15,4,2,6,2.0,6,0.0,0,0.0,0.333333333,0,0,0.0,1,1.0,False,False,0.0,False,0.0,False,0.0,FMeasure,FMeasure,False,0.0
1,4,4,9,0,4,0,4,0.375,35,1.0,0,0.0,0.6,0,0,5.6,1,0.8,False,False,0.0,False,0.0,False,0.0,FMeasure,FMeasure,False,0.0
1,0,10,23,69,10,0,15,0.7857142859999999,213,1.0,0,0.0,0.3666666670000001,1,1,12.86666667,7,1.7333,False,False,0.45,True,0.5166666666666667,True,0.5666666666666667,Accuracy,FMeasure,True,0.5164065127933395
1,0,11,50,180,10,1,26,0.726190476,418,1.0,0,0.0,0.226600985,1,1,13.20689655,7,1.2759,False,False,0.05,False,0.1,False,0.1,FMeasure,FMeasure,False,0.09958665639956384
1,0,6,8,28,5,1,8,2.0,8,0.0,0,0.0,0.4,0,0,0.0,1,1.0,False,False,0.0,False,0.0,False,0.0,FMeasure,FMeasure,False,0.0
1,0,7,30,0,4,3,9,0.45,141,1.0,2,0.0,0.62962963,0,0,14.11111111,2,1.1111,False,False,0.0,False,0.0,False,0.0,FMeasure,FMeasure,False,0.0
2,0,8,8,6,7,1,3,0.892857143,91,0.28571428600000004,6,0.8125,0.4166666670000001,1,1,15.8,1,0.6,False,False,0.0,False,0.0,False,0.0,FMeasure,FMeasure,False,0.0
1,0,8,1,0,8,0,1,2.0,1,0.0,0,0.0,1.0,0,0,0.0,1,1.0,False,False,0.0,False,0.0,False,0.0,FMeasure,FMeasure,False,0.0
1,0,11,41,282,8,3,29,0.895833333,348,1.0,3,0.0,0.183908046,1,1,10.5862069,7,1.2069,True,True,0.775,True,0.975,True,0.95,FMeasure,FMeasure,True,0.9730943844854685
1,0,2,6,4,2,0,5,0.75,31,1.0,0,0.0,0.466666667,0,0,4.6,1,0.8,False,False,0.1,False,0.0,False,0.0,FMeasure,FMeasure,False,0.0008261213331109156
2,0,6,10,6,1,6,4,2.0,28,0.0,0,0.4,0.4375,0,0,6.0,1,0.75,True,True,0.6,True,0.7,True,0.6,FMeasure,FMeasure,True,0.698168896814896
3,0,4,35,6,0,4,3,1.333333333,205,1.0,0,0.892857143,0.45,3,3,50.0,1,0.75,False,False,0.0,False,0.0,False,0.0,FMeasure,FMeasure,False,0.0
2,0,4,5,1,0,4,2,2.0,11,0.0,0,0.666666667,0.75,0,0,4.5,1,0.5,False,False,0.0,False,0.0,False,0.0,FMeasure,FMeasure,False,0.0
1,0,2,1,0,2,0,1,2.0,1,0.0,0,0.0,1.0,0,0,0.0,1,1.0,False,False,0.0,False,0.0,False,0.0,FMeasure,FMeasure,False,0.0
1,0,8,25,300,1,7,25,2.0,25,0.0,0,0.0,0.337777778,0,0,0.0,1,1.0,False,False,0.125,False,0.0,False,0.0,FMeasure,FMeasure,False,0.0010333779105174265
2,0,7,11,1,0,7,2,1.0,35,1.0,0,0.833333333,1.0,0,0,16.0,1,0.5,False,False,0.0,False,0.0,False,0.0,FMeasure,FMeasure,False,0.0
1,0,12,46,448,8,5,32,0.919354839,261,1.0,3,0.0,0.17578125,1,1,6.78125,7,1.3438,False,False,0.4666666666666666,True,0.6,True,0.8,Accuracy,Accuracy,False,0.5010327112783926
1,0,6,42,118,4,3,20,0.8105263159999999,264,1.0,1,0.0,0.188888889,1,1,11.95,7,1.45,False,True,0.6599999999999999,True,0.5083333333333334,True,0.5666666666666667,FMeasure,FMeasure,True,0.5101748157802879
1,0,7,21,6,1,6,4,1.0625,134,1.0,3,0.0,0.533333333,0,0,24.2,3,1.2,False,False,0.0,False,0.0,False,0.0,FMeasure,FMeasure,False,0.0
1,0,18,44,4,1,17,3,0.666666667,221,1.0,1,0.0,0.375,0,0,54.0,4,1.5,False,False,0.1,False,0.0,False,0.0,FMeasure,FMeasure,False,0.0008264716182232691
2,0,2,14,11,1,1,4,0.8,105,0.4,4,0.764705882,0.4,1,1,15.66666667,3,1.0,False,False,0.0,False,0.0,False,0.0,FMeasure,FMeasure,False,0.0
2,0,2,14,11,1,1,4,0.8,105,0.4,4,0.764705882,0.4,1,1,15.66666667,3,1.0,False,False,0.0,False,0.0,False,0.0,FMeasure,FMeasure,False,0.0
1,0,8,7,21,6,2,7,2.0,7,0.0,0,0.0,0.306122449,0,0,0.0,1,1.0,False,False,0.0,False,0.0,False,0.0,FMeasure,FMeasure,False,0.0
1,0,11,25,300,1,10,25,2.0,25,0.0,0,0.0,0.255,0,0,0.0,1,1.0,False,False,0.0,False,0.0,False,0.0,FMeasure,FMeasure,False,0.0
1,0,3,3,3,1,2,3,2.0,3,0.0,0,0.0,0.466666667,0,0,0.0,1,1.0,False,False,0.0,False,0.0,False,0.0,FMeasure,FMeasure,False,0.0
1,0,3,31,1,1,2,3,0.5,203,1.0,1,0.0,0.333333333,0,0,32.5,3,1.3333,False,False,0.0,False,0.0,False,0.0,FMeasure,FMeasure,False,0.0
1,0,4,22,4,2,3,3,0.333333333,119,0.0,0,0.0,0.5,0,0,28.25,2,1.0,False,False,0.1,False,0.1,False,0.0,FMeasure,FMeasure,False,0.09899383378370294
2,0,7,15,15,2,7,6,2.0,46,0.0,0,0.28571428600000004,0.4,0,0,6.666666667,1,0.8333,False,False,0.0,False,0.0,False,0.0,FMeasure,FMeasure,False,0.0
2,0,10,20,36,5,10,9,2.0,80,0.0,0,0.2,0.377777778,0,0,7.888888888999999,1,0.8889,False,False,0.0,False,0.1,False,0.0,FMeasure,FMeasure,False,0.09816809486814491
1,0,5,13,20,4,1,9,0.791666667,99,1.0,1,0.0,0.288888889,1,1,9.666666667000001,7,1.6667,False,False,0.1,False,0.0,False,0.0,FMeasure,FMeasure,False,0.0008260559434563147
1,0,8,12,9,7,1,10,0.8,79,1.0,1,0.0,0.3,0,0,6.4,1,0.7,False,False,0.0,False,0.05555555555555556,False,0.0,FMeasure,FMeasure,False,0.05455403854438758
1,0,25,87,155,0,25,19,0.863095238,489,1.0,7,0.0,0.14285714300000002,0,0,20.86363636,4,1.4091,True,False,0.34,True,0.7,False,0.5,FMeasure,FMeasure,True,0.6950110475112423
1,0,6,4,6,5,1,4,2.0,4,0.0,0,0.0,0.6875,0,0,0.0,1,1.0,False,False,0.0,False,0.0,False,0.0,FMeasure,FMeasure,False,0.0
1,0,3,3,3,2,1,3,2.0,3,0.0,0,0.0,0.5,0,0,0.0,1,1.0,True,False,0.5,False,0.4,True,0.6,GMean,FMeasure,False,0.4025612474441875
1,0,1,13,15,1,0,5,2.0,385,0.0,0,0.0,0.458333333,0,0,63.16666667,47,9.0,False,False,0.0,False,0.0,False,0.0,FMeasure,FMeasure,False,0.0
1,0,7,8,28,5,2,8,2.0,8,0.0,0,0.0,0.5,0,0,0.0,1,1.0,False,False,0.0,False,0.0,False,0.0,FMeasure,FMeasure,False,0.0
1,0,28,18,0,25,3,3,0.25,75,1.0,1,0.0,0.25,0,0,13.6,4,1.6,False,False,0.09166666666666666,False,0.0,False,0.0,FMeasure,FMeasure,False,0.00075788293714364
1,0,15,78,344,7,11,32,0.884375,543,1.0,1,0.0,0.157575758,1,1,15.15151515,5,1.3636,False,True,0.6599999999999999,False,0.4,True,0.6,FMeasure,FMeasure,False,0.4041623120541638
2,0,7,11,1,0,7,2,1.0,46,1.0,0,0.833333333,1.0,0,0,20.5,1,0.5,False,False,0.0,False,0.0,False,0.0,FMeasure,FMeasure,False,0.0
1,0,9,35,4,1,8,2,1.307692308,299,1.0,1,0.0,0.4375,0,0,67.25,5,2.25,True,True,0.55,True,0.55,True,0.65,FMeasure,FMeasure,True,0.5510063149469736
1,0,11,38,41,0,11,15,0.8214285709999999,185,1.0,6,0.0,0.193333333,0,0,10.93333333,5,1.2667,False,False,0.0,False,0.1,False,0.0,FMeasure,FMeasure,False,0.09816776817913322
1,0,4,5,10,3,1,5,2.0,5,0.0,0,0.0,0.9,0,0,0.0,1,1.0,False,False,0.0,False,0.0,False,0.0,FMeasure,FMeasure,False,0.0
1,0,5,18,4,1,4,2,1.142857143,128,1.0,2,0.0,0.5,0,0,29.25,2,1.25,False,False,0.0,False,0.0,False,0.0,FMeasure,FMeasure,False,0.0
1,0,22,42,36,13,9,8,2.0,207,0.0,0,0.0,0.351851852,0,0,22.0,7,1.5556,False,False,0.0,False,0.1,False,0.0,FMeasure,FMeasure,False,0.09816571296230318
1,0,24,60,13,0,24,4,1.075757576,337,1.0,1,0.0,0.4166666670000001,0,0,45.57142857,3,1.4286,True,False,0.1,False,0.2,False,0.0,FMeasure,FMeasure,False,0.19715984797835798
1,0,7,22,17,7,0,10,0.814285714,150,1.0,0,0.0,0.424242424,0,0,12.0,3,1.0,False,False,0.0,False,0.0,False,0.0,FMeasure,FMeasure,False,0.0
1,0,12,35,4,1,12,2,1.083333333,271,1.0,0,0.0,0.466666667,0,0,65.75,9,3.0,False,False,0.0,False,0.15,False,0.0,FMeasure,FMeasure,False,0.14724945828906813
1,0,28,65,252,23,5,32,0.8680351909999999,505,1.0,3,0.0,0.153125,0,0,14.4375,4,1.0938,False,False,0.05,False,0.2,False,0.0,FMeasure,FMeasure,False,0.19674659355272003
2,0,21,49,0,1,20,2,0.64,274,1.0,1,0.791666667,0.333333333,1,3,43.83333333,5,2.1667,False,False,0.4983333333333334,False,0.19166666666666665,True,0.55,FMeasure,FMeasure,False,0.19688430837976095
2,0,22,37,13,2,21,2,0.6,157,1.0,0,0.791666667,0.3666666670000001,1,3,25.0,4,1.8333,False,False,0.0,False,0.0,False,0.0,FMeasure,FMeasure,False,0.0
1,0,8,19,83,7,1,15,0.904761905,129,1.0,1,0.0,0.20952381,1,1,7.2,7,1.4,False,False,0.2333333333333333,False,0.0,False,0.225,FMeasure,FMeasure,False,0.004168893335447846
1,0,12,43,25,1,11,8,0.7142857140000001,411,1.0,0,0.0,0.44,0,0,35.72727273,5,1.5455,False,False,0.0,False,0.0,False,0.0,FMeasure,FMeasure,False,0.0
1,0,0,5,0,0,0,4,1.0,23,0.333333333,0,0.0,0.75,0,0,4.0,1,0.5,False,False,0.0,False,0.0,False,0.0,FMeasure,FMeasure,False,0.0
1,0,18,77,147,4,14,6,0.862745098,596,1.0,3,0.0,0.234567901,0,0,31.94444444,8,2.6667,True,True,0.6,True,0.7,False,0.5,FMeasure,FMeasure,True,0.6971607491260393
2,0,24,55,0,2,23,2,0.64,291,1.0,1,0.791666667,0.333333333,1,3,46.66666667,5,2.3333,False,False,0.3616666666666667,False,0.3433333333333334,False,0.35,FMeasure,FMeasure,False,0.34349131599975047
2,0,7,12,1,0,7,2,1.0,125,1.0,0,0.833333333,1.0,0,0,58.5,1,0.5,False,False,0.0,False,0.0,False,0.0,FMeasure,FMeasure,False,0.0
1,0,16,30,0,1,15,2,0.166666667,178,1.0,3,0.0,0.5,0,0,57.33333333,9,3.6667,True,False,0.3,False,0.0,False,0.06666666666666668,FMeasure,FMeasure,False,0.0021839828565444626
2,0,10,17,21,4,10,7,2.0,71,0.0,0,0.25,0.333333333,0,0,9.142857142999999,1,0.8571,False,False,0.0,False,0.03333333333333333,False,0.0,FMeasure,FMeasure,False,0.03272277469971022
1,0,11,55,37,1,10,5,0.5555555560000001,447,1.0,2,0.0,0.35714285700000004,0,0,43.5,9,2.6,False,False,0.2,False,0.0,False,0.1,FMeasure,FMeasure,False,0.002659580473530145
1,0,7,6,15,5,2,6,2.0,6,0.0,0,0.0,0.4166666670000001,0,0,0.0,1,1.0,False,False,0.0,False,0.0,False,0.0,FMeasure,FMeasure,False,0.0
1,0,6,29,26,1,5,3,0.6875,200,1.0,2,0.0,0.291666667,0,0,20.77777778,3,1.6667,False,False,0.1,False,0.0,False,0.0,FMeasure,FMeasure,False,0.0008260258756562854
3,0,3,4,1,2,1,3,1.0,15,1.0,0,0.964912281,0.666666667,0,0,3.333333333,1,0.6667,False,False,0.0,False,0.0,False,0.0,FMeasure,FMeasure,False,0.0
2,0,8,20,15,0,8,6,2.0,83,0.0,0,0.28571428600000004,0.833333333,0,0,12.83333333,2,1.1667,False,False,0.0,False,0.0,False,0.0,FMeasure,FMeasure,False,0.0
2,0,10,20,28,4,10,8,2.0,83,0.0,0,0.222222222,0.46875,0,0,9.375,3,1.125,False,True,0.5583333333333333,False,0.38333333333333336,True,0.5833333333333334,FMeasure,FMeasure,False,0.38679492655507247
1,0,4,30,24,3,1,16,0.7589285709999999,331,1.0,1,0.0,0.317647059,1,1,18.05882353,22,2.5882,False,False,0.0,False,0.1,False,0.06666666666666668,FMeasure,FMeasure,False,0.09883872167871216
1,0,3,1,0,2,1,1,2.0,1,0.0,0,0.0,1.0,0,0,0.0,1,1.0,False,False,0.0,False,0.0,False,0.0,FMeasure,FMeasure,False,0.0
1,0,13,15,10,12,1,4,2.0,89,0.0,0,0.0,0.266666667,0,0,16.8,3,1.2,False,False,0.0,False,0.0,False,0.0,FMeasure,FMeasure,False,0.0
1,0,31,139,115,0,31,16,0.833333333,823,1.0,8,0.0,0.136842105,0,0,41.84210526,13,2.3158,False,False,0.5,False,0.5,True,0.9,FMeasure,FMeasure,False,0.5039330202128391
1,0,0,2,0,0,0,0,2.0,13,0.0,0,0.0,1.0,0,0,3.0,0,0.0,False,False,0.17706349206349206,False,0.29666666666666663,False,0.4216666666666667,FMeasure,FMeasure,False,0.29695428439684096
1,0,6,7,21,4,2,7,2.0,7,0.0,0,0.0,0.5,0,0,0.0,1,1.0,False,False,0.0,False,0.0,False,0.0,FMeasure,FMeasure,False,0.0
1,0,49,25,88,47,2,15,0.854166667,163,1.0,2,0.0,0.205882353,1,1,8.235294117999999,7,1.2941,False,True,0.7083333333333333,True,0.8,True,0.95,FMeasure,FMeasure,True,0.8007530396109722
1,0,9,9,14,8,1,7,0.857142857,46,1.0,1,0.0,0.458333333,0,0,4.25,1,0.75,False,False,0.0,False,0.0,False,0.0,FMeasure,FMeasure,False,0.0
1,0,9,21,0,9,0,10,0.666666667,140,1.0,0,0.0,0.34,0,0,12.6,2,0.8,False,False,0.0,False,0.0375,False,0.0,FMeasure,FMeasure,False,0.03683572269833012
2,0,14,28,0,2,12,2,0.5,155,1.0,0,0.9,0.625,1,1,49.33333333,2,0.6667,False,False,0.0,False,0.0,False,0.0,FMeasure,FMeasure,False,0.0
1,0,3,8,0,2,1,4,0.5,30,1.0,0,0.0,0.5,0,0,6.0,1,0.75,False,False,0.0,False,0.2,False,0.0,FMeasure,FMeasure,False,0.19646091919610492
2,0,11,17,21,4,11,7,2.0,80,0.0,0,0.25,0.30952381,0,0,10.42857143,1,0.8571,False,False,0.0,False,0.0,False,0.0,FMeasure,FMeasure,False,0.0
1,0,9,11,55,7,2,11,2.0,11,0.0,0,0.0,0.311688312,0,0,0.0,1,1.0,True,False,0.5,True,0.7,True,0.75,FMeasure,FMeasure,True,0.6989162397635498
1,0,7,33,11,1,6,3,1.085714286,169,1.0,0,0.0,0.6,0,0,26.0,5,1.6667,False,False,0.0,False,0.0,False,0.0,FMeasure,FMeasure,False,0.0
2,0,20,52,18,1,19,2,0.7857142859999999,360,1.0,0,0.7307692309999999,0.325,1,3,43.5,6,2.5,False,False,0.0,False,0.02,False,0.0,FMeasure,FMeasure,False,0.01964581313273518
1,0,2,15,37,1,1,11,0.85,109,1.0,1,0.0,0.242424242,1,1,8.545454545,7,1.5455,False,False,0.0,False,0.0,False,0.03333333333333333,FMeasure,FMeasure,False,0.00032748179458203577
1,0,5,2,1,3,2,2,2.0,2,0.0,0,0.0,0.583333333,0,0,0.0,1,1.0,False,False,0.0,False,0.0,False,0.0,FMeasure,FMeasure,False,0.0
1,0,3,7,6,3,0,4,2.0,17,0.0,0,0.0,1.0,0,0,3.25,1,0.75,False,False,0.0,False,0.0,False,0.0,FMeasure,FMeasure,False,0.0
1,0,6,19,17,6,0,8,0.8222222220000001,128,0.8,0,0.0,0.311111111,1,1,11.3,5,1.3,False,False,0.1,False,0.0,False,0.0,FMeasure,FMeasure,False,0.0007878554169328105
1,0,5,36,10,0,5,2,2.0,163,0.0,0,0.0,0.266666667,0,0,31.6,3,1.2,False,False,0.0,False,0.0,False,0.0,FMeasure,FMeasure,False,0.0
1,0,8,23,61,8,1,13,0.788461538,154,1.0,1,0.0,0.314285714,1,1,9.714285713999999,7,1.5,False,True,0.7,True,0.7,True,0.8,FMeasure,FMeasure,True,0.7009830873370329
1,0,11,38,0,1,10,2,0.5,237,1.0,2,0.0,0.3666666670000001,0,0,45.6,4,2.2,False,False,0.0,False,0.0,False,0.0,FMeasure,FMeasure,False,0.0
5,0,9,6,3,8,1,2,1.5,16,1.0,0,1.0,0.666666667,0,0,4.0,0,0.0,False,False,0.0,False,0.0,False,0.0,FMeasure,FMeasure,False,0.0
1,0,6,12,0,4,2,4,0.0,44,1.0,0,0.0,0.5,0,0,9.75,2,1.0,False,False,0.0,False,0.0,False,0.0,FMeasure,FMeasure,False,0.0
1,0,8,16,6,8,0,8,0.708333333,104,1.0,0,0.0,0.311111111,1,1,10.22222222,5,1.2222,False,False,0.0,False,0.0,False,0.03333333333333333,FMeasure,FMeasure,False,0.0003274440267118362
1,0,5,15,0,1,4,7,0.166666667,52,1.0,0,0.0,0.514285714,0,0,6.285714286,1,0.8571,False,False,0.0,False,0.0,False,0.0,FMeasure,FMeasure,False,0.0
1,0,34,147,406,0,34,34,0.8888888890000001,736,1.0,8,0.0,0.111111111,0,0,18.64864865,6,1.3784,True,True,0.9,True,0.9,True,0.9,FMeasure,FMeasure,True,0.8999999999999999
1,0,5,34,36,4,1,7,0.727272727,342,1.0,0,0.0,0.464285714,0,0,27.16666667,4,1.8333,False,False,0.0,False,0.0,False,0.0,FMeasure,FMeasure,False,0.0
2,0,18,41,7,1,17,2,0.666666667,216,1.0,0,0.791666667,0.3666666670000001,1,3,34.5,5,2.3333,False,False,0.0,False,0.1,False,0.0,FMeasure,FMeasure,False,0.09822940425026623
1,0,13,33,13,0,13,4,1.0,226,1.0,1,0.0,0.425,0,0,18.63636364,1,0.8182,False,False,0.0,False,0.0,False,0.1,FMeasure,FMeasure,False,0.0009829033942816525
2,0,3,8,6,0,3,4,2.0,22,0.0,0,0.4,1.0,0,0,4.5,1,0.75,False,False,0.0,False,0.0,False,0.0,FMeasure,FMeasure,False,0.0
1,0,2,7,3,2,0,5,0.8,35,1.0,0,0.0,0.5555555560000001,0,0,4.333333333,1,0.6667,False,False,0.0,False,0.0,False,0.0,FMeasure,FMeasure,False,0.0
1,0,8,21,0,1,7,2,1.0,168,1.0,1,0.0,0.4,0,0,39.0,3,1.5,False,False,0.1,False,0.0,False,0.0,FMeasure,FMeasure,False,0.0007879522172448554
1,0,18,51,18,13,7,7,0.727272727,255,1.0,0,0.0,0.327272727,0,0,19.91666667,5,1.5833,False,False,0.45,True,0.6,False,0.3,FMeasure,FMeasure,True,0.5958834085007101
1,0,7,19,4,4,3,9,0.5,97,1.0,0,0.0,0.7222222220000001,0,0,9.444444444,2,1.0,False,False,0.0,False,0.0,False,0.0,FMeasure,FMeasure,False,0.0
1,0,36,16,40,36,0,10,0.818181818,119,1.0,0,0.0,0.3,1,1,8.583333332999999,7,1.4167,False,False,0.4333333333333333,False,0.35,False,0.1,FMeasure,FMeasure,False,0.34819841760027787
1,0,5,31,0,4,1,4,0.85,190,1.0,0,0.0,0.6,0,0,36.0,5,2.8,False,False,0.05,False,0.0,False,0.0,FMeasure,FMeasure,False,0.0003935996979910613
2,0,5,9,6,0,5,4,2.0,38,0.0,0,0.4,0.4,0,0,8.5,1,0.75,False,False,0.0,False,0.1,False,0.0,FMeasure,FMeasure,False,0.09823031893438135
1,0,5,3,3,5,1,3,2.0,3,0.0,0,0.0,0.466666667,0,0,0.0,1,1.0,False,False,0.1,False,0.1,False,0.0,FMeasure,FMeasure,False,0.09894741017166174
3,0,3,19,1,0,3,2,2.0,91,1.0,0,0.961538462,1.0,1,2,44.0,5,2.5,False,False,0.0,False,0.0,False,0.0,FMeasure,FMeasure,False,0.0
1,0,26,62,457,24,6,28,0.844594595,454,1.0,2,0.0,0.15,1,1,10.73684211,7,1.4737,False,False,0.5,True,0.8,True,0.7,Accuracy,FMeasure,True,0.7970890502600882
2,0,9,18,28,3,9,8,2.0,65,0.0,0,0.222222222,0.28571428600000004,0,0,7.125,1,0.875,False,False,0.0,False,0.125,False,0.0,FMeasure,FMeasure,False,0.12278807360715271
2,0,12,25,66,6,12,12,2.0,110,0.0,0,0.153846154,0.297619048,0,0,8.166666667000001,1,0.9167,True,True,0.6,True,0.7,True,0.725,FMeasure,FMeasure,True,0.6994584974015853
1,0,2,13,3,2,0,1,2.0,90,0.0,0,0.0,0.444444444,0,0,29.0,6,2.6667,False,False,0.0,False,0.0,False,0.0,FMeasure,FMeasure,False,0.0
1,0,3,1,0,2,1,1,2.0,1,0.0,0,0.0,1.0,0,0,0.0,1,1.0,False,False,0.0,False,0.0,False,0.0,FMeasure,FMeasure,False,0.0
2,0,2,14,11,1,1,4,0.666666667,81,0.666666667,2,0.764705882,0.4,1,1,12.0,3,1.0,False,False,0.0,False,0.0,False,0.0,FMeasure,FMeasure,False,0.0
1,0,4,5,0,4,0,3,0.833333333,22,1.0,0,0.0,0.75,0,0,4.0,1,0.5,False,False,0.0,False,0.0,False,0.0,FMeasure,FMeasure,False,0.0
1,0,7,6,15,5,2,6,2.0,6,0.0,0,0.0,0.361111111,0,0,0.0,1,1.0,False,False,0.0,False,0.0,False,0.0,FMeasure,FMeasure,False,0.0
1,0,9,6,15,7,2,6,2.0,6,0.0,0,0.0,0.466666667,0,0,0.0,1,1.0,False,False,0.0,False,0.0,False,0.0,FMeasure,FMeasure,False,0.0
1,0,5,20,0,0,5,3,0.5,94,1.0,0,0.0,0.666666667,0,0,29.66666667,1,0.6667,False,False,0.0,False,0.0,False,0.0,FMeasure,FMeasure,False,0.0
2,0,8,12,1,0,8,2,1.0,59,1.0,0,0.833333333,1.0,0,0,25.0,1,0.5,False,False,0.0,False,0.0,False,0.0,FMeasure,FMeasure,False,0.0
1,1,10,43,8,1,9,2,0.704545455,219,1.0,1,0.0,0.218181818,0,0,16.91666667,4,1.6667,False,False,0.0,False,0.0,False,0.0,FMeasure,FMeasure,False,0.0
2,0,4,13,3,1,4,1,1.5,39,0.0,0,0.818181818,0.4,1,1,11.0,1,0.6667,True,False,0.0,False,0.0,False,0.0,FMeasure,FMeasure,False,0.0
1,0,17,32,53,16,2,14,0.875,211,1.0,0,0.0,0.266666667,1,1,12.53333333,7,1.4667,False,False,0.0,False,0.0,False,0.0,FMeasure,FMeasure,False,0.0
1,0,21,43,20,0,21,8,0.854166667,252,1.0,5,0.0,0.204545455,0,0,26.33333333,5,1.5556,False,False,0.0,False,0.0,False,0.0,FMeasure,FMeasure,False,0.0
1,0,3,13,4,3,0,9,0.625,90,1.0,0,0.0,0.7222222220000001,0,0,8.666666667000001,1,0.7778,False,False,0.0,False,0.0,False,0.0,FMeasure,FMeasure,False,0.0
1,0,8,5,10,7,1,5,2.0,5,0.0,0,0.0,0.44,0,0,0.0,1,1.0,False,False,0.0,False,0.0,False,0.0,FMeasure,FMeasure,False,0.0
1,0,0,2,0,0,0,1,2.0,11,0.0,0,0.0,1.0,0,0,3.0,0,0.0,False,False,0.17706349206349206,False,0.1847222222222222,False,0.1,FMeasure,FMeasure,False,0.18383141392666616
2,0,4,14,11,3,1,4,0.875,141,0.25,7,0.764705882,0.4,1,1,21.16666667,3,1.0,False,False,0.0,False,0.0,False,0.0,FMeasure,FMeasure,False,0.0
2,0,4,10,1,0,4,2,2.0,30,0.0,0,0.666666667,0.75,0,0,14.0,2,1.0,False,False,0.0,False,0.0,False,0.0,FMeasure,FMeasure,False,0.0
4,0,13,53,325,0,13,26,1.04,204,1.0,0,0.609375,0.25,0,0,6.807692307999999,1,0.9615,False,False,0.0,False,0.25,False,0.04,FMeasure,FMeasure,False,0.24596715387739873
1,0,5,14,0,1,4,3,0.25,63,1.0,1,0.0,0.5555555560000001,0,0,19.33333333,3,1.3333,False,False,0.0,False,0.0,False,0.0,FMeasure,FMeasure,False,0.0
1,0,3,14,0,3,0,9,0.694444444,164,1.0,0,0.0,0.5,1,1,15.0,13,2.3,False,False,0.1,True,0.5333333333333333,False,0.36,FMeasure,FMeasure,True,0.5282177182367064
1,0,25,60,492,23,6,25,0.8402777779999999,441,1.0,2,0.0,0.148648649,1,1,10.702702699999998,7,1.4865,False,True,0.85,True,0.9,True,0.9,FMeasure,FMeasure,True,0.8996061649908518
1,0,18,49,51,1,17,4,1.076923077,350,1.0,1,0.0,0.4,0,0,28.45454545,3,1.4545,True,True,0.8,True,0.8,True,0.8333333333333333,FMeasure,FMeasure,True,0.8003276908430402
2,0,10,14,11,9,1,4,0.857142857,129,0.28571428600000004,6,0.764705882,0.4,1,1,19.33333333,3,1.0,False,False,0.3333333333333333,False,0.0,False,0.0,FMeasure,FMeasure,False,0.0026242869365823525
2,0,8,12,1,0,8,2,1.0,56,1.0,0,0.833333333,1.0,0,0,24.0,1,0.5,False,False,0.0,False,0.0,False,0.0,FMeasure,FMeasure,False,0.0
1,0,17,60,10,1,16,2,0.732142857,495,1.0,3,0.0,0.2875,0,0,59.875,3,1.25,True,False,0.1,False,0.0,False,0.0,FMeasure,FMeasure,False,0.00044901088646911346
1,0,15,42,16,0,15,10,0.757575758,354,1.0,5,0.0,0.242424242,0,0,28.0,4,1.5,False,False,0.0,False,0.0,False,0.0,FMeasure,FMeasure,False,0.0
1,0,5,18,21,2,3,10,0.666666667,174,1.0,0,0.0,0.533333333,0,0,16.0,19,2.7,False,False,0.0,False,0.14166666666666666,False,0.05,FMeasure,FMeasure,False,0.13966585554659178
1,0,12,11,55,7,5,11,2.0,11,0.0,0,0.0,0.33766233799999995,0,0,0.0,1,1.0,True,False,0.0,False,0.1,False,0.0,FMeasure,FMeasure,False,0.09821797688665312
1,0,14,53,24,1,13,2,1.123809524,448,1.0,1,0.0,0.375,0,0,51.25,5,1.875,True,False,0.0,False,0.13333333333333333,False,0.2,FMeasure,FMeasure,False,0.13304823830508497
1,0,5,41,0,2,4,14,0.775,254,0.75,1,0.0,0.257142857,0,0,14.375,3,1.5625,False,True,0.5216666666666667,True,0.55,False,0.37333333333333335,GMean,Accuracy,True,0.5322039397855364
1,0,0,8,0,0,0,4,0.333333333,23,1.0,0,0.0,0.625,0,0,4.5,1,0.75,False,False,0.0,False,0.0,False,0.0,FMeasure,FMeasure,False,0.0
1,0,8,12,66,3,5,12,2.0,12,0.0,0,0.0,0.347222222,0,0,0.0,1,1.0,False,False,0.0,False,0.1,False,0.0,FMeasure,FMeasure,False,0.09821911914544201
1,0,12,52,21,1,12,2,2.0,337,0.0,0,0.0,0.404761905,0,0,47.14285714,5,2.7143,False,False,0.0,False,0.0,False,0.15,FMeasure,FMeasure,False,0.0015674365086045829
1,0,14,46,260,10,4,28,0.89010989,443,1.0,3,0.0,0.183908046,1,1,13.82758621,8,1.4138,True,False,0.0,False,0.2333333333333333,False,0.26666666666666666,FMeasure,FMeasure,False,0.2319618229408695
2,0,7,17,21,1,7,7,2.0,73,0.0,0,0.25,0.428571429,0,0,9.428571429,2,1.0,False,False,0.0,False,0.0,False,0.0,FMeasure,FMeasure,False,0.0
1,0,4,13,15,2,2,5,2.0,84,0.0,0,0.0,0.5,0,0,13.0,1,0.8333,False,False,0.0,False,0.0,False,0.0,FMeasure,FMeasure,False,0.0
1,0,0,10,1,0,0,2,2.0,45,0.0,0,0.0,0.5,0,0,21.5,4,2.0,False,False,0.0,False,0.025,False,0.1,FMeasure,FMeasure,False,0.025598558465426996
1,6,39,76,182,8,31,4,0.95625,495,1.0,4,0.0,0.111111111,0,0,21.80952381,2,1.0952,False,False,0.0,False,0.1,False,0.1,FMeasure,FMeasure,False,0.09926282264193048
1,0,26,72,177,0,26,23,0.909090909,380,1.0,10,0.0,0.125,0,0,15.08695652,4,1.2609,False,False,0.2,False,0.2,False,0.1,FMeasure,FMeasure,False,0.19895484197632762
1,0,7,54,31,0,7,6,0.775,297,1.0,0,0.0,0.225,0,0,25.63636364,7,1.6364,False,False,0.0,False,0.0,False,0.0,FMeasure,FMeasure,False,0.0
2,0,2,14,11,1,1,4,0.833333333,117,0.333333333,5,0.764705882,0.4,1,1,17.5,3,1.0,False,False,0.0,False,0.0,False,0.0,FMeasure,FMeasure,False,0.0
1,0,5,4,6,5,0,4,2.0,4,0.0,0,0.0,0.833333333,0,0,0.0,1,1.0,False,False,0.0,False,0.0,False,0.0,FMeasure,FMeasure,False,0.0
1,0,15,47,60,1,14,10,0.7638888890000001,312,1.0,6,0.0,0.18589743600000005,0,0,22.53846154,7,1.8462,False,False,0.2,False,0.1,False,0.0,FMeasure,FMeasure,False,0.09969150843628946
1,0,3,21,63,3,1,15,0.828571429,152,1.0,1,0.0,0.238095238,1,1,8.8,7,1.4,False,False,0.4166666666666666,False,0.3333333333333333,True,0.5900000000000001,FMeasure,FMeasure,False,0.33662611321750646
3,0,8,31,10,0,8,3,1.25,135,1.0,0,0.8620689659999999,0.4,2,2,25.8,1,0.8,False,False,0.0,False,0.0,False,0.0,FMeasure,FMeasure,False,0.0
1,0,2,12,31,2,0,10,0.86,64,1.0,0,0.0,0.681818182,0,0,4.363636364,1,0.8182,False,False,0.0,False,0.0,False,0.1,FMeasure,FMeasure,False,0.0010449457779657374
1,0,3,9,1,0,3,1,1.0,26,0.0,1,0.0,1.0,0,0,11.5,0,0.0,False,False,0.03333333333333333,False,0.0,False,0.0,FMeasure,FMeasure,False,0.0002461452722598714
4,0,15,43,0,1,14,2,0.666666667,402,1.0,0,0.996168582,0.5555555560000001,2,3,198.5,17,8.5,False,False,0.0,False,0.0,False,0.0,FMeasure,FMeasure,False,0.0
4,2,11,8,8,11,0,4,1.0,26,1.0,0,0.894736842,0.6,0,0,3.8,1,0.4,False,False,0.0,False,0.0,False,0.0,FMeasure,FMeasure,False,0.0
5,0,22,6,3,21,1,2,1.5,16,1.0,0,1.0,0.666666667,0,0,4.0,0,0.0,False,False,0.0,False,0.0,False,0.0,FMeasure,FMeasure,False,0.0
1,0,16,53,8,1,15,2,1.230769231,361,1.0,0,0.0,0.52,0,0,66.0,8,3.2,True,False,0.0,False,0.0,False,0.2,FMeasure,FMeasure,False,0.002091008322528389
1,0,2,2,1,2,0,2,2.0,2,0.0,0,0.0,0.875,0,0,0.0,1,1.0,False,False,0.0,False,0.0,False,0.0,FMeasure,FMeasure,False,0.0
1,0,1,14,21,0,1,10,0.740740741,109,1.0,1,0.0,0.32,1,1,9.6,7,1.5,False,False,0.16666666666666666,False,0.11666666666666665,False,0.1,FMeasure,FMeasure,False,0.11686048010940644
2,0,9,8,6,8,1,3,0.875,79,0.333333333,5,0.8125,0.4166666670000001,1,1,13.6,1,0.6,False,False,0.0,False,0.0,False,0.0,FMeasure,FMeasure,False,0.0
1,0,14,49,53,0,14,11,0.775510204,360,1.0,6,0.0,0.221428571,0,0,22.53333333,4,1.4667,False,False,0.4,False,0.0,False,0.0,FMeasure,FMeasure,False,0.002946758492056441
2,0,11,9,9,11,0,4,0.857142857,91,0.428571429,5,0.764705882,0.4,1,1,13.0,1,0.6667,False,False,0.0,False,0.0,False,0.0,FMeasure,FMeasure,False,0.0
1,0,18,17,16,16,2,9,0.525,112,1.0,1,0.0,0.472222222,0,0,10.88888889,2,0.7778,False,False,0.0,False,0.0,False,0.1,FMeasure,FMeasure,False,0.0010455461460614176
1,0,4,14,0,1,3,2,0.0,78,1.0,0,0.0,0.666666667,0,0,37.5,3,1.5,False,False,0.0,False,0.0,False,0.0,FMeasure,FMeasure,False,0.0
1,0,8,5,10,3,5,5,2.0,5,0.0,0,0.0,0.433333333,0,0,0.0,1,1.0,False,False,0.0,False,0.0,False,0.0,FMeasure,FMeasure,False,0.0
2,0,6,33,51,1,5,12,0.8367346940000001,183,1.0,0,0.4166666670000001,0.34666666700000004,2,2,10.73333333,3,1.3333,False,False,0.06,False,0.25,False,0.2,FMeasure,FMeasure,False,0.24808034607259877
1,0,11,20,4,4,7,2,0.666666667,111,1.0,0,0.0,0.5,0,0,26.5,3,1.25,False,False,0.0,False,0.0,False,0.0,FMeasure,FMeasure,False,0.0
1,0,4,1,0,2,2,1,2.0,1,0.0,0,0.0,1.0,0,0,0.0,1,1.0,False,False,0.0,False,0.0,False,0.0,FMeasure,FMeasure,False,0.0
2,0,23,61,6,1,22,2,0.761904762,413,1.0,1,0.7307692309999999,0.3,1,3,49.875,6,2.375,False,True,0.5983333333333334,False,0.325,False,0.35,FMeasure,FMeasure,False,0.3271401592197244
1,0,21,36,3,14,7,2,0.533333333,187,1.0,0,0.0,0.333333333,0,0,29.66666667,4,1.3333,False,False,0.05,False,0.1,False,0.1,FMeasure,FMeasure,False,0.09963129353274802
1,2,13,43,27,2,11,8,0.78,220,1.0,1,0.0,0.283333333,0,0,18.54545455,4,1.1818,False,False,0.0,False,0.1,False,0.0,FMeasure,FMeasure,False,0.09821767961001028
1,0,3,18,26,3,0,13,0.75,134,1.0,0,0.0,0.512820513,0,0,8.923076923,1,0.8462,False,False,0.0,False,0.06666666666666668,False,0.0,FMeasure,FMeasure,False,0.06547819710170048
1,0,7,13,10,7,0,7,0.8,75,1.0,0,0.0,0.34375,0,0,7.75,2,0.875,False,False,0.2333333333333333,True,0.5619047619047619,False,0.375,FMeasure,FMeasure,True,0.5585417644753029
1,0,11,37,21,0,11,7,0.8,190,1.0,4,0.0,0.24691358,0,0,17.5,3,1.1,False,False,0.0,False,0.1,False,0.0,FMeasure,FMeasure,False,0.09822043208639306
1,0,21,92,107,0,21,11,0.855555556,765,1.0,5,0.0,0.20242915,0,0,39.0,9,2.6316,False,False,0.3,False,0.3,False,0.4,FMeasure,FMeasure,False,0.3010443027037004
1,14,16,5,1,14,2,3,0.5,17,1.0,0,0.0,0.666666667,0,0,4.333333333,1,0.6667,False,False,0.0,False,0.0,False,0.0,FMeasure,FMeasure,False,0.0
1,0,18,39,143,16,3,23,0.8506493509999999,309,1.0,2,0.0,0.236024845,1,1,12.13043478,7,1.3478,False,True,0.5916666666666666,True,0.6,True,0.8,FMeasure,FMeasure,True,0.6020292109894169
2,0,7,6,1,6,1,2,2.0,16,0.0,0,0.923076923,1.0,0,0,7.0,1,0.5,False,False,0.0,False,0.0,False,0.0,FMeasure,FMeasure,False,0.0
2,0,6,15,2,0,6,4,0.7777777779999999,57,1.0,1,0.625,0.4375,0,0,12.5,1,0.75,True,False,0.3,False,0.0,False,0.0,FMeasure,FMeasure,False,0.002213928725661503
1,0,10,25,300,2,8,25,2.0,25,0.0,0,0.0,0.255,0,0,0.0,1,1.0,False,False,0.0,False,0.0,False,0.0,FMeasure,FMeasure,False,0.0
1,0,1,3,3,1,0,3,2.0,3,0.0,0,0.0,1.0,0,0,0.0,1,1.0,False,False,0.0,False,0.0,False,0.0,FMeasure,FMeasure,False,0.0
1,0,10,55,0,4,7,9,0.6527777779999999,298,1.0,1,0.0,0.3,0,0,21.46153846,6,1.9231,False,False,0.45,False,0.075,False,0.45,FMeasure,FMeasure,False,0.08168285166267907
1,0,23,58,263,22,1,24,0.85440613,724,1.0,0,0.0,0.305555556,0,0,22.83333333,7,1.4,False,False,0.0,False,0.1,False,0.3,FMeasure,FMeasure,False,0.10135090793389048
1,0,9,6,15,6,3,6,2.0,6,0.0,0,0.0,0.533333333,0,0,0.0,1,1.0,False,False,0.0,False,0.0,False,0.0,FMeasure,FMeasure,False,0.0
1,0,4,14,0,1,3,2,0.0,78,1.0,0,0.0,0.666666667,0,0,37.5,3,1.5,False,False,0.0,False,0.0,False,0.0,FMeasure,FMeasure,False,0.0
1,0,20,17,16,18,2,9,0.525,112,1.0,1,0.0,0.472222222,0,0,10.88888889,2,0.7778,False,False,0.0,False,0.0,False,0.1,FMeasure,FMeasure,False,0.0010455461460591676
2,0,12,9,9,12,0,4,0.857142857,91,0.428571429,5,0.764705882,0.4,1,1,13.0,1,0.6667,False,False,0.0,False,0.0,False,0.0,FMeasure,FMeasure,False,0.0
1,0,14,50,51,0,14,11,0.7551020409999999,361,1.0,6,0.0,0.221428571,0,0,22.6,5,1.5333,False,False,0.3,False,0.1,False,0.0,FMeasure,FMeasure,False,0.1004283050316122
2,0,8,8,6,7,1,3,0.875,79,0.333333333,5,0.8125,0.4166666670000001,1,1,13.6,1,0.6,False,False,0.0,False,0.0,False,0.0,FMeasure,FMeasure,False,0.0
1,0,6,22,42,3,3,12,0.727272727,204,1.0,0,0.0,0.5,0,0,15.66666667,19,2.3333,False,False,0.0,False,0.2,False,0.15,FMeasure,FMeasure,False,0.19800334581451814
1,0,1,14,21,0,1,10,0.740740741,109,1.0,1,0.0,0.32,1,1,9.6,7,1.5,True,False,0.16666666666666666,False,0.11666666666666665,False,0.1,FMeasure,FMeasure,False,0.11686048010940644
1,0,22,35,3,15,7,2,0.533333333,186,1.0,0,0.0,0.333333333,0,0,29.5,4,1.3333,False,False,0.05,False,0.1,False,0.1,FMeasure,FMeasure,False,0.09963154632562825
1,6,17,43,27,6,11,8,0.78,220,1.0,1,0.0,0.283333333,0,0,18.54545455,4,1.1818,False,False,0.0,False,0.2,False,0.1,FMeasure,FMeasure,False,0.1974800661305807
1,0,3,18,26,3,0,13,0.75,134,1.0,0,0.0,0.512820513,0,0,8.923076923,1,0.8462,False,False,0.0,False,0.06666666666666668,False,0.0,FMeasure,FMeasure,False,0.06547819710170048
1,0,10,28,378,2,8,28,2.0,28,0.0,0,0.0,0.267857143,0,0,0.0,1,1.0,False,False,0.0,False,0.0,False,0.0,FMeasure,FMeasure,False,0.0
1,0,8,5,10,3,5,5,2.0,5,0.0,0,0.0,0.433333333,0,0,0.0,1,1.0,False,False,0.0,False,0.0,False,0.0,FMeasure,FMeasure,False,0.0
2,0,6,33,51,1,5,12,0.8367346940000001,183,1.0,0,0.391304348,0.34666666700000004,2,2,10.73333333,3,1.3333,False,False,0.06,False,0.25,False,0.2,FMeasure,FMeasure,False,0.24808034075573307
1,0,11,20,4,4,7,2,0.666666667,111,1.0,0,0.0,0.5,0,0,26.5,3,1.25,False,False,0.0,False,0.0,False,0.0,FMeasure,FMeasure,False,0.0
1,0,8,21,0,1,7,2,1.0,168,1.0,1,0.0,0.4,0,0,39.0,3,1.5,False,False,0.0,False,0.1,False,0.0,FMeasure,FMeasure,False,0.09821762618204094
1,0,2,7,3,2,0,5,0.8,35,1.0,0,0.0,0.5555555560000001,0,0,4.333333333,1,0.6667,False,False,0.0,False,0.0,False,0.0,FMeasure,FMeasure,False,0.0
2,0,3,8,6,0,3,4,2.0,22,0.0,0,0.4,1.0,0,0,4.5,1,0.75,False,False,0.0,False,0.0,False,0.0,FMeasure,FMeasure,False,0.0
1,0,13,33,13,0,13,4,1.0,226,1.0,1,0.0,0.425,0,0,18.63636364,1,0.8182,False,False,0.0,False,0.0,False,0.0,FMeasure,FMeasure,False,0.0
2,0,18,41,7,1,17,2,0.666666667,216,1.0,0,0.791666667,0.3666666670000001,1,3,34.5,5,2.3333,False,False,0.0,False,0.0,False,0.0,FMeasure,FMeasure,False,0.0
1,0,5,34,36,4,1,7,0.727272727,342,1.0,0,0.0,0.464285714,0,0,27.16666667,4,1.8333,False,False,0.0,False,0.1,False,0.0,FMeasure,FMeasure,False,0.09821892418148738
1,0,37,143,484,0,37,37,0.891737892,814,1.0,8,0.0,0.115384615,0,0,19.125,6,1.45,False,True,0.7,True,1.0,True,0.9,FMeasure,FMeasure,True,0.9966932462693718
2,0,11,17,21,4,11,7,2.0,80,0.0,0,0.25,0.30952381,0,0,10.42857143,1,0.8571,False,False,0.0,False,0.0,False,0.0,FMeasure,FMeasure,False,0.0
1,0,2,2,1,2,0,2,2.0,2,0.0,0,0.0,0.875,0,0,0.0,1,1.0,False,False,0.0,False,0.0,False,0.0,FMeasure,FMeasure,False,0.0
2,0,23,61,6,1,22,2,0.761904762,413,1.0,1,0.7307692309999999,0.3,1,3,49.875,6,2.375,False,False,0.14166666666666666,True,0.5333333333333334,True,0.7166666666666667,Accuracy,FMeasure,True,0.5313854712541842
1,0,4,1,0,2,2,1,2.0,1,0.0,0,0.0,1.0,0,0,0.0,1,1.0,False,False,0.0,False,0.0,False,0.0,FMeasure,FMeasure,False,0.0
1,0,1,3,3,1,0,3,2.0,3,0.0,0,0.0,1.0,0,0,0.0,1,1.0,False,False,0.0,False,0.1,False,0.0,FMeasure,FMeasure,False,0.09845204589354045
1,0,11,36,25,3,8,7,0.388888889,284,1.0,2,0.0,0.475,0,0,27.0,6,2.0,False,False,0.2,False,0.2,False,0.0,FMeasure,FMeasure,False,0.19796354874676977
1,0,23,58,263,22,1,24,0.85440613,724,1.0,0,0.0,0.305555556,0,0,22.83333333,7,1.4,False,False,0.042857142857142864,False,0.0,False,0.0,FMeasure,FMeasure,False,0.00032629729409698605
5,0,24,6,3,23,1,2,1.5,16,1.0,0,1.0,0.666666667,0,0,4.0,0,0.0,False,False,0.0,False,0.0,False,0.0,FMeasure,FMeasure,False,0.0
2,0,7,17,21,1,7,7,2.0,73,0.0,0,0.25,0.428571429,0,0,9.428571429,2,1.0,False,False,0.0,False,0.0,False,0.0,FMeasure,FMeasure,False,0.0
1,0,3,22,3,1,2,3,2.0,66,0.0,0,0.0,0.333333333,0,0,21.0,2,1.3333,False,False,0.0,False,0.06666666666666668,False,0.0,FMeasure,FMeasure,False,0.06547847918472148
1,0,14,48,309,10,4,30,0.8976190479999999,465,1.0,3,0.0,0.167741935,1,1,13.5483871,8,1.3871,False,True,0.5333333333333334,True,0.6666666666666667,True,0.6,FMeasure,FMeasure,True,0.6649704293314657
1,0,8,13,78,3,5,13,2.0,13,0.0,0,0.0,0.384615385,0,0,0.0,1,1.0,False,False,0.1,False,0.0,False,0.0,FMeasure,FMeasure,False,0.0007616544978763676
1,0,0,8,0,0,0,4,0.333333333,23,1.0,0,0.0,0.625,0,0,4.5,1,0.75,False,False,0.0,False,0.0,False,0.0,FMeasure,FMeasure,False,0.0
1,0,9,31,8,1,8,2,1.1875,151,1.0,1,0.0,0.45,0,0,27.6,3,1.2,False,False,0.0,False,0.0,False,0.0,FMeasure,FMeasure,False,0.0
1,0,5,41,0,2,4,14,0.775,254,0.75,1,0.0,0.257142857,0,0,14.375,3,1.5625,False,False,0.425,True,0.5666666666666667,True,0.5116666666666667,Accuracy,FMeasure,True,0.564940113277989
1,0,16,13,78,9,7,13,2.0,13,0.0,0,0.0,0.299145299,0,0,0.0,1,1.0,False,False,0.15,False,0.15,False,0.1,FMeasure,FMeasure,False,0.14949025854975084
1,0,11,38,13,2,9,3,1.142857143,189,0.7142857140000001,0,0.0,0.2,0,0,29.33333333,5,1.6667,False,False,0.06000000000000001,False,0.15,False,0.0,FMeasure,FMeasure,False,0.1477852373332899
1,0,4,9,11,4,0,7,0.7777777779999999,39,1.0,0,0.0,0.35714285700000004,0,0,4.1428571430000005,1,0.8571,False,False,0.16666666666666666,False,0.1,False,0.0,FMeasure,FMeasure,False,0.09948837722451688
1,0,9,23,0,9,0,12,0.727272727,157,1.0,0,0.0,0.333333333,0,0,11.66666667,2,0.8333,False,False,0.16666666666666666,False,0.15,False,0.1,FMeasure,FMeasure,False,0.14961732778797696
2,0,5,12,6,2,5,1,1.333333333,37,0.0,0,0.75,0.35,1,1,8.0,1,0.75,False,False,0.2,False,0.4,False,0.2,FMeasure,FMeasure,False,0.39643782096645
1,0,9,6,15,6,3,6,2.0,6,0.0,0,0.0,0.533333333,0,0,0.0,1,1.0,False,False,0.0,False,0.0,False,0.0,FMeasure,FMeasure,False,0.0
2,0,6,15,2,0,6,4,0.7777777779999999,57,1.0,1,0.625,0.4375,0,0,12.5,1,0.75,False,False,0.4,False,0.5,True,0.6,FMeasure,FMeasure,False,0.5002579444190072
1,0,10,33,4,1,9,2,1.259259259,172,1.0,0,0.0,0.5,0,0,39.75,2,0.75,False,False,0.0,False,0.0,False,0.0,FMeasure,FMeasure,False,0.0
2,0,7,6,1,6,1,2,2.0,16,0.0,0,0.923076923,1.0,0,0,7.0,1,0.5,False,False,0.0,False,0.0,False,0.0,FMeasure,FMeasure,False,0.0
1,0,18,39,143,16,3,23,0.8506493509999999,309,1.0,2,0.0,0.236024845,1,1,12.13043478,7,1.3478,True,False,0.12,False,0.13333333333333333,False,0.03333333333333333,FMeasure,FMeasure,False,0.1322115702310547
1,15,17,5,1,15,2,3,0.5,17,1.0,0,0.0,0.666666667,0,0,4.333333333,1,0.6667,False,False,0.0,False,0.0,False,0.0,FMeasure,FMeasure,False,0.0
1,0,21,92,107,0,21,11,0.855555556,765,1.0,5,0.0,0.20242915,0,0,39.0,9,2.6316,False,False,0.0,False,0.0,False,0.3,FMeasure,FMeasure,False,0.0030576502140351124
1,0,13,82,28,1,12,3,2.0,498,0.0,0,0.0,0.208333333,0,0,61.25,10,3.125,False,False,0.2033333333333333,False,0.1,False,0.0,FMeasure,FMeasure,False,0.09976783838410123
1,0,11,37,21,0,11,7,0.8,190,1.0,4,0.0,0.24691358,0,0,17.5,3,1.1,False,False,0.0,False,0.0,False,0.0,FMeasure,FMeasure,False,0.0
1,0,7,13,10,7,0,7,0.8,75,1.0,0,0.0,0.34375,0,0,7.75,2,0.875,False,True,0.6,True,0.5416666666666667,False,0.3083333333333333,GMean,FMeasure,True,0.5394691229444993
1,0,12,40,8,1,11,2,1.1875,173,1.0,0,0.0,0.4166666670000001,0,0,32.0,2,1.0,False,False,0.0,False,0.1,False,0.0,FMeasure,FMeasure,False,0.09821826549360911
1,0,15,42,16,0,15,10,0.757575758,354,1.0,5,0.0,0.242424242,0,0,28.0,4,1.5,False,False,0.05,False,0.0,False,0.1,FMeasure,FMeasure,False,0.0014011174047390412
2,0,11,14,11,10,1,4,0.857142857,129,0.28571428600000004,6,0.764705882,0.4,1,1,19.33333333,3,1.0,False,False,0.26666666666666666,False,0.1,False,0.1,FMeasure,FMeasure,False,0.1012689353658672
2,0,9,18,28,3,9,8,2.0,65,0.0,0,0.222222222,0.28571428600000004,0,0,7.125,1,0.875,False,False,0.1,False,0.0,False,0.03333333333333333,FMeasure,FMeasure,False,0.001102284039265599
1,0,26,62,457,24,6,28,0.844594595,454,1.0,2,0.0,0.15,1,1,10.73684211,7,1.4737,True,False,0.0,False,0.0,False,0.0,FMeasure,FMeasure,False,0.0
1,1,9,41,9,1,8,2,0.7,214,1.0,1,0.0,0.23,0,0,18.09090909,4,1.7273,False,False,0.0,False,0.0,False,0.0,FMeasure,FMeasure,False,0.0
2,0,4,13,3,1,4,1,1.5,39,0.0,0,0.818181818,0.4,1,1,11.0,1,0.6667,False,True,0.6,True,0.6,True,0.6,FMeasure,FMeasure,True,0.6000000000000001
1,0,17,32,53,16,2,14,0.875,211,1.0,0,0.0,0.266666667,1,1,12.53333333,7,1.4667,False,False,0.0,False,0.025,False,0.0,FMeasure,FMeasure,False,0.024554642823591728
1,0,25,60,492,23,6,25,0.8402777779999999,441,1.0,2,0.0,0.148648649,1,1,10.702702699999998,7,1.4865,True,False,0.275,False,0.1,False,0.1,FMeasure,FMeasure,False,0.10133280402733164
1,0,3,14,0,3,0,9,0.694444444,164,1.0,0,0.0,0.5,1,1,15.0,13,2.3,False,False,0.4333333333333334,False,0.38333333333333336,False,0.33333333333333337,FMeasure,FMeasure,False,0.38320440382031734
4,0,13,59,406,0,13,29,1.035714286,229,1.0,0,0.582089552,0.262931034,0,0,6.862068966,1,0.9655,False,False,0.0,False,0.2,False,0.1,FMeasure,FMeasure,False,0.19745445429014444
1,0,5,14,0,1,4,3,0.25,63,1.0,1,0.0,0.5555555560000001,0,0,19.33333333,3,1.3333,False,False,0.0,False,0.0,False,0.0,FMeasure,FMeasure,False,0.0
2,0,4,9,1,2,4,1,2.0,30,0.0,0,0.9,0.625,1,1,13.0,1,0.5,False,False,0.3,False,0.1,False,0.0,FMeasure,FMeasure,False,0.10050155507467426
2,0,4,10,1,0,4,2,2.0,30,0.0,0,0.666666667,0.75,0,0,14.0,2,1.0,False,False,0.0,False,0.0,False,0.0,FMeasure,FMeasure,False,0.0
2,0,6,16,3,0,6,2,1.0,237,1.0,0,0.7142857140000001,0.5,0,0,74.0,2,1.0,False,False,0.0,False,0.31666666666666665,False,0.3,FMeasure,FMeasure,False,0.3140833476754825
2,0,14,29,91,8,14,14,2.0,135,0.0,0,0.133333333,0.295918367,0,0,8.642857142999999,1,0.9286,False,False,0.5,False,0.5,True,0.75,FMeasure,FMeasure,False,0.5025492681997762
2,0,9,36,1,2,9,1,2.0,400,1.0,0,0.9,0.625,1,2,195.5,1,0.5,False,False,0.0,False,0.26666666666666666,False,0.35,FMeasure,FMeasure,False,0.26548549933308024
2,0,8,12,1,0,8,2,1.142857143,57,1.0,0,0.833333333,1.0,0,0,24.0,1,0.5,False,False,0.0,False,0.0,False,0.0,FMeasure,FMeasure,False,0.0
1,0,5,20,0,0,5,3,0.5,94,1.0,0,0.0,0.666666667,0,0,29.66666667,1,0.6667,False,False,0.0,False,0.0,False,0.0,FMeasure,FMeasure,False,0.0
1,0,9,6,15,7,2,6,2.0,6,0.0,0,0.0,0.466666667,0,0,0.0,1,1.0,False,False,0.0,False,0.1,False,0.0,FMeasure,FMeasure,False,0.0982192395983182
1,0,7,7,21,5,2,7,2.0,7,0.0,0,0.0,0.380952381,0,0,0.0,1,1.0,False,False,0.0,False,0.0,False,0.0,FMeasure,FMeasure,False,0.0
1,0,9,31,3,1,8,3,2.0,75,0.0,0,0.0,0.333333333,0,0,24.0,1,0.6667,False,False,0.3,False,0.0,False,0.1,FMeasure,FMeasure,False,0.003305969032914494
1,0,25,63,33,1,24,2,0.222222222,468,1.0,0,0.0,0.16161616199999998,0,0,45.7,2,0.9,False,False,0.25,False,0.30666666666666664,False,0.3333333333333333,FMeasure,FMeasure,False,0.3065068151060298
1,0,4,5,0,4,0,3,0.833333333,22,1.0,0,0.0,0.75,0,0,4.0,1,0.5,False,False,0.0,False,0.0,False,0.0,FMeasure,FMeasure,False,0.0
2,0,2,14,11,1,1,4,0.666666667,81,0.666666667,2,0.764705882,0.4,1,1,12.0,3,1.0,False,False,0.0,False,0.0,False,0.0,FMeasure,FMeasure,False,0.0
1,0,3,1,0,2,1,1,2.0,1,0.0,0,0.0,1.0,0,0,0.0,1,1.0,False,False,0.0,False,0.0,False,0.0,FMeasure,FMeasure,False,0.0
1,0,2,13,3,2,0,1,2.0,90,0.0,0,0.0,0.444444444,0,0,29.0,6,2.6667,False,False,0.0,False,0.0,False,0.0,FMeasure,FMeasure,False,0.0
2,0,4,14,11,3,1,4,0.875,141,0.25,7,0.764705882,0.4,1,1,21.16666667,3,1.0,False,False,0.0,False,0.1,False,0.0,FMeasure,FMeasure,False,0.09821813390820655
1,0,0,2,0,0,0,1,2.0,11,0.0,0,0.0,1.0,0,0,3.0,0,0.0,False,False,0.21722083472083475,False,0.22174603174603166,False,0.0,FMeasure,FMeasure,False,0.21945605836519852
1,0,9,5,10,8,1,5,2.0,5,0.0,0,0.0,0.44,0,0,0.0,1,1.0,False,False,0.0,False,0.0,False,0.0,FMeasure,FMeasure,False,0.0
1,0,5,2,1,3,2,2,2.0,2,0.0,0,0.0,0.583333333,0,0,0.0,1,1.0,False,False,0.0,False,0.0,False,0.0,FMeasure,FMeasure,False,0.0
1,0,2,15,37,1,1,11,0.85,109,1.0,1,0.0,0.242424242,1,1,8.545454545,7,1.5455,False,False,0.025,False,0.0,False,0.0,FMeasure,FMeasure,False,0.00018837965876908802
2,0,20,52,18,1,19,2,0.7857142859999999,360,1.0,0,0.7307692309999999,0.325,1,3,43.5,6,2.5,False,False,0.0,False,0.0,False,0.0,FMeasure,FMeasure,False,0.0
1,0,11,13,78,9,2,13,2.0,13,0.0,0,0.0,0.307692308,0,0,0.0,1,1.0,False,False,0.1,False,0.3,True,0.6,FMeasure,FMeasure,False,0.30152591697750764
1,0,7,33,11,1,6,3,1.085714286,169,1.0,0,0.0,0.6,0,0,26.0,5,1.6667,False,False,0.0,False,0.0,False,0.0,FMeasure,FMeasure,False,0.0
1,0,34,154,142,0,34,17,0.805,1051,1.0,9,0.0,0.119047619,0,0,48.57142857,17,2.8095,False,True,0.5333333333333334,True,0.55,False,0.5,GMean,GMean,False,0.5053839039720223
1,0,8,17,0,8,0,8,0.625,115,1.0,0,0.0,0.311111111,1,1,11.44444444,6,1.3333,False,False,0.0,False,0.0,False,0.0,FMeasure,FMeasure,False,0.0
1,0,5,15,0,1,4,7,0.166666667,52,1.0,0,0.0,0.514285714,0,0,6.285714286,1,0.8571,False,False,0.0,False,0.0,False,0.1,FMeasure,FMeasure,False,0.0010109844139510934
1,0,45,16,40,45,0,10,0.818181818,119,1.0,0,0.0,0.3,1,1,8.583333332999999,7,1.4167,True,False,0.0,False,0.0,False,0.0,FMeasure,FMeasure,False,0.0
1,0,7,31,0,6,1,4,0.85,190,1.0,0,0.0,0.6,0,0,36.0,5,2.8,False,False,0.0,False,0.0,False,0.0,FMeasure,FMeasure,False,0.0
1,0,7,19,4,4,3,9,0.5,97,1.0,0,0.0,0.7222222220000001,0,0,9.444444444,2,1.0,False,False,0.0,False,0.0,False,0.0,FMeasure,FMeasure,False,0.0
1,0,3,7,6,3,0,4,2.0,17,0.0,0,0.0,1.0,0,0,3.25,1,0.75,False,False,0.0,False,0.0,False,0.0,FMeasure,FMeasure,False,0.0
1,0,5,7,21,3,2,7,2.0,7,0.0,0,0.0,0.535714286,0,0,0.0,1,1.0,False,False,0.0,False,0.0,False,0.0,FMeasure,FMeasure,False,0.0
1,0,3,13,4,3,0,9,0.625,90,1.0,0,0.0,0.7222222220000001,0,0,8.666666667000001,1,0.7778,False,False,0.0,False,0.0,False,0.0,FMeasure,FMeasure,False,0.0
1,0,21,43,20,0,21,8,0.854166667,252,1.0,5,0.0,0.204545455,0,0,26.33333333,5,1.5556,False,False,0.0,False,0.0,False,0.0,FMeasure,FMeasure,False,0.0
1,0,11,56,3,2,9,3,2.0,166,0.0,0,0.0,0.333333333,0,0,54.33333333,3,2.0,False,False,0.1,False,0.0,False,0.05,FMeasure,FMeasure,False,0.0012595736221206202
3,0,2,18,1,0,2,2,2.0,70,1.0,0,0.961538462,1.0,1,2,33.5,3,1.5,False,False,0.225,False,0.1,False,0.0,FMeasure,FMeasure,False,0.09993183072093549
1,0,5,3,3,5,1,3,2.0,3,0.0,0,0.0,0.466666667,0,0,0.0,1,1.0,False,False,0.1,False,0.2,False,0.4,FMeasure,FMeasure,False,0.20154585812329537
2,0,5,9,6,0,5,4,2.0,38,0.0,0,0.4,0.4,0,0,8.5,1,0.75,False,False,0.0,False,0.0,False,0.1,FMeasure,FMeasure,False,0.0010118418923619188
5,0,14,6,3,13,1,2,1.5,16,1.0,0,1.0,0.666666667,0,0,4.0,0,0.0,False,False,0.0,False,0.0,False,0.0,FMeasure,FMeasure,False,0.0
1,0,11,38,0,1,10,2,0.5,237,1.0,2,0.0,0.3666666670000001,0,0,45.6,4,2.2,False,False,0.1,False,0.1,False,0.0,FMeasure,FMeasure,False,0.09898917528414779
1,0,8,23,61,8,1,13,0.788461538,154,1.0,1,0.0,0.314285714,1,1,9.714285713999999,7,1.5,True,False,0.05833333333333333,False,0.0,False,0.0,FMeasure,FMeasure,False,0.0004395222916942773
1,0,5,36,10,0,5,2,2.0,163,0.0,0,0.0,0.266666667,0,0,31.6,3,1.2,False,False,0.0,False,0.0,False,0.0,FMeasure,FMeasure,False,0.0
1,0,6,19,17,6,0,8,0.8222222220000001,128,0.8,0,0.0,0.311111111,1,1,11.3,5,1.3,False,False,0.0,False,0.0,False,0.0,FMeasure,FMeasure,False,0.0
1,0,19,51,18,14,7,7,0.727272727,255,1.0,0,0.0,0.327272727,0,0,19.91666667,5,1.5833,True,False,0.0,False,0.0,False,0.0,FMeasure,FMeasure,False,0.0
3,0,4,35,6,0,4,3,1.333333333,205,1.0,0,0.892857143,0.45,3,3,50.0,1,0.75,False,False,0.1,False,0.0,False,0.0,FMeasure,FMeasure,False,0.0007532412687417025
3,0,3,4,1,2,1,3,1.0,15,1.0,0,0.964912281,0.666666667,0,0,3.333333333,1,0.6667,False,False,0.0,False,0.0,False,0.0,FMeasure,FMeasure,False,0.0
1,0,6,29,26,1,5,3,0.6875,200,1.0,2,0.0,0.291666667,0,0,20.77777778,3,1.6667,False,False,0.0,False,0.0,False,0.0,FMeasure,FMeasure,False,0.0
1,0,11,54,37,1,10,5,0.5555555560000001,449,1.0,2,0.0,0.375,0,0,43.7,9,2.6,False,False,0.0,False,0.2,False,0.1,FMeasure,FMeasure,False,0.1974874137481856
1,0,7,6,15,5,2,6,2.0,6,0.0,0,0.0,0.4166666670000001,0,0,0.0,1,1.0,False,False,0.0,False,0.0,False,0.0,FMeasure,FMeasure,False,0.0
2,0,11,19,28,5,11,8,2.0,87,0.0,0,0.222222222,0.35416666700000005,0,0,9.875,1,0.875,False,False,0.03333333333333333,False,0.225,False,0.3666666666666665,FMeasure,FMeasure,False,0.22498699546948422
1,0,18,30,0,1,17,2,0.25,185,1.0,4,0.0,0.466666667,0,0,59.33333333,8,3.3333,False,True,0.625,False,0.3633333333333334,False,0.3,FMeasure,FMeasure,False,0.3646242604337978
1,0,4,30,24,3,1,16,0.7589285709999999,331,1.0,1,0.0,0.317647059,1,1,18.05882353,22,2.5882,False,False,0.0,False,0.0,False,0.3,FMeasure,FMeasure,False,0.0030331097373211494
1,0,3,1,0,2,1,1,2.0,1,0.0,0,0.0,1.0,0,0,0.0,1,1.0,False,False,0.0,False,0.0,False,0.0,FMeasure,FMeasure,False,0.0
2,0,14,28,0,2,12,2,0.5,155,1.0,0,0.9,0.625,1,1,49.33333333,2,0.6667,False,False,0.0,False,0.0,False,0.0,FMeasure,FMeasure,False,0.0
1,0,4,3,3,3,1,3,2.0,3,0.0,0,0.0,0.666666667,0,0,0.0,1,1.0,False,False,0.3,False,0.1,True,0.8,FMeasure,FMeasure,False,0.10813193616094381
1,0,9,9,14,8,1,7,0.857142857,46,1.0,1,0.0,0.458333333,0,0,4.25,1,0.75,False,False,0.0,False,0.0,False,0.0,FMeasure,FMeasure,False,0.0
2,0,8,20,15,0,8,6,2.0,83,0.0,0,0.28571428600000004,0.833333333,0,0,12.83333333,2,1.1667,False,False,0.0,False,0.0,False,0.0,FMeasure,FMeasure,False,0.0
1,0,9,60,55,4,5,3,1.1,540,0.954545455,0,0.0,0.340909091,0,0,46.09090909,5,2.4545,False,False,0.15,False,0.03333333333333333,False,0.1,FMeasure,FMeasure,False,0.03488688879501739
2,0,7,10,6,1,7,4,2.0,29,0.0,0,0.4,0.4,0,0,6.25,1,0.75,False,False,0.4,False,0.3,False,0.5,FMeasure,FMeasure,False,0.3027741716204525
1,0,2,6,4,2,0,5,0.75,31,1.0,0,0.0,0.466666667,0,0,4.6,1,0.8,False,False,0.03333333333333333,False,0.0,False,0.0,FMeasure,FMeasure,False,0.0002510097264125705
1,0,12,43,331,9,3,31,0.902564103,370,1.0,3,0.0,0.167741935,1,1,10.51612903,7,1.1935,True,True,0.75,True,0.6,True,0.7,FMeasure,FMeasure,True,0.6021420419568478
1,0,8,1,0,8,0,1,2.0,1,0.0,0,0.0,1.0,0,0,0.0,1,1.0,False,False,0.0,False,0.0,False,0.0,FMeasure,FMeasure,False,0.0
2,0,7,8,6,6,1,3,0.892857143,91,0.28571428600000004,6,0.8125,0.4166666670000001,1,1,15.8,1,0.6,False,False,0.06666666666666668,False,0.0,False,0.0,FMeasure,FMeasure,False,0.0005022374453883037
1,0,14,30,0,11,3,9,0.45,141,1.0,2,0.0,0.62962963,0,0,14.11111111,2,1.1111,False,False,0.0,False,0.0,False,0.0,FMeasure,FMeasure,False,0.0
1,0,6,8,28,5,1,8,2.0,8,0.0,0,0.0,0.4,0,0,0.0,1,1.0,False,False,0.0,False,0.0,False,0.0,FMeasure,FMeasure,False,0.0
1,0,10,30,9,4,6,4,0.2,226,1.0,0,0.0,0.65,0,0,36.5,4,1.8333,False,False,0.0,False,0.0,False,0.0,FMeasure,FMeasure,False,0.0
1,0,10,28,110,9,1,20,0.8771929820000001,204,1.0,0,0.0,0.258333333,1,1,8.75,12,1.5,False,False,0.125,False,0.08333333333333333,False,0.0,FMeasure,FMeasure,False,0.08280512553634994
2,0,10,20,28,4,10,8,2.0,83,0.0,0,0.222222222,0.46875,0,0,9.375,3,1.125,False,False,0.25666666666666665,True,0.5083333333333333,False,0.4833333333333333,FMeasure,FMeasure,True,0.5061849954670139
2,0,6,10,6,1,6,4,2.0,27,0.0,0,0.4,0.583333333,0,0,5.75,1,0.75,False,False,0.4,False,0.2,True,0.8,FMeasure,FMeasure,False,0.20757286652183862
1,0,50,25,88,48,2,15,0.854166667,163,1.0,2,0.0,0.205882353,1,1,8.235294117999999,7,1.2941,True,False,0.0,False,0.0,False,0.0,FMeasure,FMeasure,False,0.0
1,0,6,7,21,4,2,7,2.0,7,0.0,0,0.0,0.5,0,0,0.0,1,1.0,False,False,0.0,False,0.0,False,0.0,FMeasure,FMeasure,False,0.0
1,0,0,2,0,0,0,0,2.0,13,0.0,0,0.0,1.0,0,0,3.0,0,0.0,False,False,0.1723709623709624,False,0.37333333333333335,True,0.5916666666666667,FMeasure,FMeasure,False,0.3740248233715073
1,0,24,60,13,0,24,4,1.075757576,337,1.0,1,0.0,0.4166666670000001,0,0,45.57142857,3,1.4286,False,True,0.7,True,0.82,True,0.8,FMeasure,FMeasure,True,0.8188931346734326
1,0,0,5,0,0,0,4,1.0,23,0.333333333,0,0.0,0.75,0,0,4.0,1,0.5,False,False,0.0,False,0.0,False,0.0,FMeasure,FMeasure,False,0.0
1,0,12,43,25,1,11,8,0.7142857140000001,411,1.0,0,0.0,0.44,0,0,35.72727273,5,1.5455,False,False,0.0,False,0.3,False,0.1,FMeasure,FMeasure,False,0.2957196758612466
1,0,10,19,83,8,2,15,0.904761905,129,1.0,2,0.0,0.20952381,1,1,7.2,7,1.4,True,False,0.0,False,0.0,False,0.1,FMeasure,FMeasure,False,0.0010115281127324478
2,0,22,37,13,2,21,2,0.6,157,1.0,0,0.791666667,0.3666666670000001,1,3,25.0,4,1.8333,False,False,0.0,False,0.1,False,0.0,FMeasure,FMeasure,False,0.09823643009479044
1,0,12,44,69,6,7,23,0.754545455,215,1.0,3,0.0,0.16847826100000002,0,0,8.130434783,7,1.4348,False,False,0.0,False,0.4666666666666666,False,0.18333333333333326,FMeasure,FMeasure,False,0.4602918574188541
2,0,21,49,0,1,20,2,0.64,274,1.0,1,0.791666667,0.333333333,1,3,43.83333333,5,2.1667,False,True,0.5983333333333334,True,0.6,False,0.435,GMean,FMeasure,True,0.5982933801108098
1,0,20,48,41,1,19,4,1.090909091,298,1.0,1,0.0,0.314814815,0,0,26.6,3,1.2,False,False,0.2,False,0.3,True,0.6599999999999999,FMeasure,FMeasure,False,0.30288331407558755
1,0,12,35,4,1,12,2,1.083333333,271,1.0,0,0.0,0.466666667,0,0,65.75,9,3.0,False,False,0.2,False,0.0,False,0.1,FMeasure,FMeasure,False,0.002517029417739438
1,0,7,22,17,7,0,10,0.814285714,150,1.0,0,0.0,0.424242424,0,0,12.0,3,1.0,False,False,0.0,False,0.0,False,0.1,FMeasure,FMeasure,False,0.001011951815203839
1,0,10,32,4,1,9,2,1.3,241,1.0,1,0.0,0.4375,0,0,54.25,3,1.75,False,False,0.2,False,0.2,False,0.2,FMeasure,FMeasure,False,0.20000000000000004
1,0,23,42,36,14,9,8,2.0,207,0.0,0,0.0,0.351851852,0,0,22.0,7,1.5556,False,False,0.0,False,0.0,False,0.0,FMeasure,FMeasure,False,0.0
1,0,10,8,28,8,2,8,2.0,8,0.0,0,0.0,0.5,0,0,0.0,1,1.0,False,False,0.0,False,0.05,False,0.0,FMeasure,FMeasure,False,0.04911107044077507
1,0,16,15,10,15,1,4,2.0,89,0.0,0,0.0,0.266666667,0,0,16.8,3,1.2,False,False,0.05,False,0.0,False,0.0,FMeasure,FMeasure,False,0.00040437746656152177
2,0,7,12,1,0,7,2,1.0,125,1.0,0,0.833333333,1.0,0,0,58.5,1,0.5,False,False,0.0,False,0.1,False,0.0,FMeasure,FMeasure,False,0.09822202663105001
2,0,24,55,0,2,23,2,0.64,291,1.0,1,0.791666667,0.333333333,1,3,46.66666667,5,2.3333,False,True,0.6483333333333333,True,0.55,False,0.4149999999999999,GMean,FMeasure,True,0.5490801249366656
1,0,19,78,130,4,15,6,0.854166667,574,1.0,3,0.0,0.229411765,0,0,32.58823529,8,2.7059,False,True,0.8800000000000001,True,0.8,True,0.7,FMeasure,FMeasure,True,0.799677361477902
1,0,1,11,24,1,0,9,0.9,50,1.0,0,0.0,0.481481481,0,0,4.0,1,0.8889,False,False,0.0,False,0.03333333333333333,False,0.1,FMeasure,FMeasure,False,0.0337105425269637
1,0,5,18,4,1,4,2,1.142857143,128,1.0,2,0.0,0.5,0,0,29.25,2,1.25,False,False,0.0,False,0.0,False,0.0,FMeasure,FMeasure,False,0.0
1,0,4,5,10,3,1,5,2.0,5,0.0,0,0.0,0.9,0,0,0.0,1,1.0,False,False,0.0,False,0.0,False,0.0,FMeasure,FMeasure,False,0.0
1,0,11,38,41,0,11,15,0.8214285709999999,185,1.0,6,0.0,0.193333333,0,0,10.93333333,5,1.2667,False,False,0.0,False,0.0,False,0.0,FMeasure,FMeasure,False,0.0
2,0,7,11,1,0,7,2,1.0,46,1.0,0,0.833333333,1.0,0,0,20.5,1,0.5,False,False,0.0,False,0.0,False,0.0,FMeasure,FMeasure,False,0.0
1,0,15,80,401,7,11,34,0.893048128,563,1.0,1,0.0,0.14285714300000002,1,1,14.77142857,5,1.3429,False,False,0.325,False,0.4,True,0.9,FMeasure,FMeasure,False,0.40424399112808507
1,0,31,19,3,26,5,4,0.2,78,1.0,1,0.0,0.25,0,0,11.66666667,4,1.5,False,False,0.15,False,0.1,False,0.1,FMeasure,FMeasure,False,0.10040440903497451
1,0,1,13,15,1,0,5,2.0,385,0.0,0,0.0,0.458333333,0,0,63.16666667,47,9.0,False,False,0.0,False,0.1,False,0.0,FMeasure,FMeasure,False,0.09822292729107332
1,0,29,64,238,24,5,32,0.861290323,475,1.0,3,0.0,0.139204545,0,0,13.53125,4,1.0625,False,False,0.0,False,0.25,False,0.175,FMeasure,FMeasure,False,0.24724871908872292
1,0,7,54,31,0,7,6,0.775,297,1.0,0,0.0,0.225,0,0,25.63636364,7,1.6364,False,False,0.0,False,0.0,False,0.0,FMeasure,FMeasure,False,0.0
1,0,25,65,222,0,25,25,0.927083333,352,1.0,11,0.0,0.124705882,0,0,12.6,4,1.24,False,False,0.2,False,0.45,False,0.3,FMeasure,FMeasure,False,0.44652120123778366
1,0,6,36,289,4,2,26,0.945454545,198,1.0,0,0.0,0.214285714,1,1,6.192307692000001,7,1.2692,False,False,0.0,False,0.125,False,0.1,FMeasure,FMeasure,False,0.12374569389595819
2,0,8,12,1,0,8,2,1.0,56,1.0,0,0.833333333,1.0,0,0,24.0,1,0.5,False,False,0.0,False,0.0,False,0.0,FMeasure,FMeasure,False,0.0
1,0,4,3,3,2,2,3,2.0,3,0.0,0,0.0,0.466666667,0,0,0.0,1,1.0,False,False,0.0,False,0.08333333333333333,False,0.3,FMeasure,FMeasure,False,0.08514256877411826
1,0,8,7,21,6,2,7,2.0,7,0.0,0,0.0,0.306122449,0,0,0.0,1,1.0,False,False,0.0,False,0.0,False,0.0,FMeasure,FMeasure,False,0.0
2,0,4,9,1,2,4,1,2.0,33,0.0,0,0.9,0.625,1,1,14.5,1,0.5,False,False,0.0,False,0.0,False,0.1,FMeasure,FMeasure,False,0.0009693205862943998
1,0,8,26,5,5,3,11,0.7,177,1.0,1,0.0,0.290909091,0,0,14.81818182,2,1.2727,False,False,0.0,False,0.0,False,0.35,FMeasure,FMeasure,False,0.0033948496508885537
2,0,2,14,11,1,1,4,0.8,105,0.4,4,0.764705882,0.4,1,1,15.66666667,3,1.0,False,False,0.0,False,0.0,False,0.0,FMeasure,FMeasure,False,0.0
2,0,2,14,11,1,1,4,0.8,105,0.4,4,0.764705882,0.4,1,1,15.66666667,3,1.0,False,False,0.0,False,0.0,False,0.0,FMeasure,FMeasure,False,0.0
1,0,18,43,4,1,17,3,0.666666667,219,1.0,1,0.0,0.375,0,0,53.5,4,1.5,False,False,0.1,False,0.1,False,0.0,FMeasure,FMeasure,False,0.09902960188348645
2,0,2,14,11,1,1,4,0.833333333,117,0.333333333,5,0.764705882,0.4,1,1,17.5,3,1.0,False,False,0.0,False,0.0,False,0.0,FMeasure,FMeasure,False,0.0
1,0,5,4,6,5,0,4,2.0,4,0.0,0,0.0,0.833333333,0,0,0.0,1,1.0,False,False,0.0,False,0.0,False,0.0,FMeasure,FMeasure,False,0.0
1,0,17,62,10,1,16,2,0.73015873,525,1.0,3,0.0,0.2875,0,0,63.5,3,1.375,False,False,0.2333333333333333,False,0.37666666666666665,False,0.21666666666666665,FMeasure,FMeasure,False,0.37395437960846295
1,6,39,76,182,8,31,4,0.95625,495,1.0,4,0.0,0.111111111,0,0,21.80952381,2,1.0952,False,False,0.0,False,0.06666666666666668,False,0.0,FMeasure,FMeasure,False,0.0654821239376681
1,0,4,13,15,2,2,5,2.0,84,0.0,0,0.0,0.5,0,0,13.0,1,0.8333,False,False,0.0,False,0.0,False,0.0,FMeasure,FMeasure,False,0.0
4,2,11,8,8,11,0,4,1.0,26,1.0,0,0.894736842,0.6,0,0,3.8,1,0.4,False,False,0.0,False,0.0,False,0.0,FMeasure,FMeasure,False,0.0
4,0,15,43,0,1,14,2,0.666666667,402,1.0,0,0.996168582,0.5555555560000001,2,3,198.5,17,8.5,False,False,0.0,False,0.11666666666666665,False,0.0,FMeasure,FMeasure,False,0.11459047168371175
1,0,3,9,1,0,3,1,1.0,26,0.0,1,0.0,1.0,0,0,11.5,0,0.0,False,False,0.02,False,0.0,False,0.0,FMeasure,FMeasure,False,0.0001619811675809458
1,0,2,12,31,2,0,10,0.86,64,1.0,0,0.0,0.681818182,0,0,4.363636364,1,0.8182,False,False,0.0,False,0.0,False,0.0,FMeasure,FMeasure,False,0.0
1,0,2,11,24,2,0,9,0.84375,49,1.0,0,0.0,0.481481481,0,0,4.0,1,0.8889,False,False,0.0,False,0.03333333333333333,False,0.1,FMeasure,FMeasure,False,0.0337105013891697
3,0,8,31,10,0,8,3,1.25,135,1.0,0,0.8620689659999999,0.4,2,2,25.8,1,0.8,False,False,0.0,False,0.0,False,0.0,FMeasure,FMeasure,False,0.0
1,0,3,21,63,3,1,15,0.828571429,152,1.0,1,0.0,0.238095238,1,1,8.8,7,1.4,True,False,0.0,False,0.0,False,0.06666666666666668,FMeasure,FMeasure,False,0.0006458082130995692
1,0,13,44,60,1,12,10,0.7638888890000001,297,1.0,6,0.0,0.18589743600000005,0,0,21.38461538,6,1.7692,False,False,0.08333333333333334,False,0.0,False,0.0,FMeasure,FMeasure,False,0.0006734309062810374
1,0,6,42,118,4,3,20,0.8105263159999999,264,1.0,1,0.0,0.188888889,1,1,11.95,7,1.45,True,False,0.0,False,0.1,False,0.0,FMeasure,FMeasure,False,0.098222602023025
1,0,7,21,6,1,6,4,1.0625,134,1.0,3,0.0,0.533333333,0,0,24.2,3,1.2,False,False,0.0,False,0.0,False,0.0,FMeasure,FMeasure,False,0.0
2,0,7,11,1,0,7,2,1.0,35,1.0,0,0.833333333,1.0,0,0,16.0,1,0.5,False,False,0.0,False,0.0,False,0.0,FMeasure,FMeasure,False,0.0
1,0,2,1,0,2,0,1,2.0,1,0.0,0,0.0,1.0,0,0,0.0,1,1.0,False,False,0.0,False,0.0,False,0.0,FMeasure,FMeasure,False,0.0
2,0,4,5,1,0,4,2,2.0,11,0.0,0,0.666666667,0.75,0,0,4.5,1,0.5,False,False,0.0,False,0.0,False,0.0,FMeasure,FMeasure,False,0.0
1,0,6,6,15,4,2,6,2.0,6,0.0,0,0.0,0.333333333,0,0,0.0,1,1.0,False,False,0.0,False,0.0,False,0.0,FMeasure,FMeasure,False,0.0
1,0,3,2,1,2,1,2,2.0,2,0.0,0,0.0,0.75,0,0,0.0,1,1.0,False,False,0.0,False,0.0,False,0.0,FMeasure,FMeasure,False,0.0
1,0,39,78,122,1,38,10,0.916666667,380,1.0,7,0.0,0.140522876,0,0,20.82352941,3,1.2941,False,False,0.4666666666666666,False,0.21666666666666665,False,0.3,FMeasure,FMeasure,False,0.21949860037576197
1,0,1,23,9,1,0,9,0.7555555559999999,155,1.0,0,0.0,0.65,0,0,14.0,3,1.0,False,False,0.0,False,0.0,False,0.0,FMeasure,FMeasure,False,0.0
1,0,11,7,7,10,1,5,0.88,41,1.0,1,0.0,0.375,0,0,5.0,1,0.6667,False,False,0.0,False,0.0,False,0.0,FMeasure,FMeasure,False,0.0
1,0,1,4,1,0,1,2,2.0,9,0.0,0,0.0,1.0,0,0,3.5,1,0.5,False,False,0.0,False,0.0,False,0.0,FMeasure,FMeasure,False,0.0
1,0,6,18,0,6,0,9,0.59375,131,1.0,0,0.0,0.388888889,1,1,13.11111111,8,2.0,False,False,0.14047619047619048,False,0.1,False,0.1,FMeasure,FMeasure,False,0.10032749402279822
1,4,4,9,0,4,0,4,0.375,35,1.0,0,0.0,0.6,0,0,5.6,1,0.8,False,False,0.0,False,0.0,False,0.0,FMeasure,FMeasure,False,0.0
1,0,10,23,69,10,0,15,0.7857142859999999,213,1.0,0,0.0,0.3666666670000001,1,1,12.86666667,7,1.7333,True,False,0.05,False,0.0,False,0.0,FMeasure,FMeasure,False,0.0003996891579429649
1,0,8,28,378,1,7,28,2.0,28,0.0,0,0.0,0.349206349,0,0,0.0,1,1.0,False,False,0.0,False,0.008333333333333333,False,0.0,FMeasure,FMeasure,False,0.008185051163081864
1,0,9,35,66,0,9,12,2.0,156,0.0,0,0.0,0.297619048,1,1,12.0,1,0.9167,False,False,0.2333333333333333,False,0.2333333333333333,False,0.4666666666666666,FMeasure,FMeasure,False,0.23559684392171706
1,0,11,28,378,1,10,28,2.0,28,0.0,0,0.0,0.267857143,0,0,0.0,1,1.0,False,False,0.0,False,0.0,False,0.0,FMeasure,FMeasure,False,0.0
1,0,3,3,3,1,2,3,2.0,3,0.0,0,0.0,0.466666667,0,0,0.0,1,1.0,False,False,0.0,False,0.1,False,0.1,FMeasure,FMeasure,False,0.09952865713960697
1,0,6,4,6,5,1,4,2.0,4,0.0,0,0.0,0.6875,0,0,0.0,1,1.0,False,False,0.0,False,0.0,False,0.0,FMeasure,FMeasure,False,0.0
1,0,37,111,267,0,37,24,0.903846154,645,1.0,10,0.0,0.117307692,0,0,22.44444444,4,1.4074,False,False,0.5,False,0.13333333333333333,True,0.6,FMeasure,FMeasure,False,0.14082881285926124
1,0,8,14,30,7,1,12,0.848484848,88,1.0,1,0.0,0.3,0,0,5.833333333,1,0.8333,False,False,0.05,False,0.1,False,0.25,FMeasure,FMeasure,False,0.10105124416899203
1,0,5,13,20,4,1,9,0.791666667,99,1.0,1,0.0,0.288888889,1,1,9.666666667000001,7,1.6667,False,False,0.0,False,0.0,False,0.0,FMeasure,FMeasure,False,0.0
1,0,9,26,3,1,8,3,2.0,138,0.0,0,0.0,0.5,0,0,45.0,5,2.3333,False,False,0.0,False,0.0,False,0.0,FMeasure,FMeasure,False,0.0
2,0,10,20,36,5,10,9,2.0,80,0.0,0,0.2,0.377777778,0,0,7.888888888999999,1,0.8889,False,False,0.0,False,0.0,False,0.0,FMeasure,FMeasure,False,0.0
2,0,7,15,15,2,7,6,2.0,46,0.0,0,0.28571428600000004,0.4,0,0,6.666666667,1,0.8333,False,False,0.0,False,0.0,False,0.0,FMeasure,FMeasure,False,0.0
1,0,5,29,11,2,4,4,0.6,169,0.0,0,0.0,0.4,0,0,26.66666667,4,1.5,False,False,0.0,False,0.0,False,0.0,FMeasure,FMeasure,False,0.0
1,0,3,31,1,1,2,3,0.5,203,1.0,1,0.0,0.333333333,0,0,32.5,3,1.3333,False,False,0.0,False,0.0,False,0.0,FMeasure,FMeasure,False,0.0
1,0,11,50,180,10,1,26,0.726190476,418,1.0,0,0.0,0.226600985,1,1,13.20689655,7,1.2759,False,False,0.0,False,0.1,False,0.1,FMeasure,FMeasure,False,0.0991910196505788
