wmc,dit,noc,cbo,rfc,lcom,ca,ce,npm,lcom3,loc,dam,moa,mfa,cam,ic,cbm,amc,max_cc,avg_cc,buggy,Accuracy_Pred,Accuracy_Pred_Prob,FMeasure_Pred,FMeasure_Pred_Prob,GMean_Pred,GMean_Pred_Prob,Function to be selected,PredictedTechnique,DSF_Prediction,DSF_Pred_Prob
14,2,0,11,52,43,0,11,12,0.955128205,467,0.166666667,1,0.5,0.276923077,2,3,31.5,12,2.2143,True,False,0.5,True,0.8,False,0.0,GMean,GMean,False,0.12494992055604728
3,3,0,7,6,3,4,4,3,2.0,16,0.0,0,0.972222222,0.533333333,1,1,4.333333333,1,0.3333,False,False,0.0,False,0.0,False,0.0,GMean,GMean,False,0.0
25,1,0,7,78,194,2,5,17,0.8787878790000001,530,0.727272727,3,0.0,0.261904762,0,0,19.76,3,1.04,False,False,0.2,False,0.4,False,0.3,GMean,GMean,False,0.3061487191903961
18,3,0,10,62,149,0,10,6,1.019607843,417,0.444444444,1,0.6,0.338235294,1,2,21.66666667,5,1.1111,False,False,0.3,False,0.5,False,0.2,GMean,GMean,False,0.24175697819668848
16,2,0,3,24,106,1,2,11,0.333333333,151,1.0,1,0.605263158,0.5,1,6,8.25,2,1.0625,False,False,0.5,False,0.3,False,0.3,GMean,GMean,False,0.31165540946925924
11,2,0,7,39,7,1,6,9,0.666666667,245,0.0,1,0.72972973,0.333333333,0,0,21.0,5,1.9091,True,True,0.6,True,0.7,False,0.3,GMean,GMean,False,0.36538881332044315
8,2,0,14,43,8,4,12,8,0.628571429,376,1.0,1,0.833333333,0.265625,1,2,45.375,5,1.875,False,False,0.5,True,0.8,False,0.5,GMean,GMean,False,0.5359292729377821
3,2,0,5,6,3,4,3,3,2.0,17,0.0,0,0.967741935,0.533333333,0,0,4.666666667,1,0.3333,False,False,0.0,False,0.0,False,0.0,GMean,GMean,False,0.0
4,1,0,4,17,0,1,3,4,0.333333333,120,0.75,1,0.0,0.583333333,0,0,28.0,4,1.5,False,False,0.1,False,0.4,False,0.1,GMean,GMean,False,0.13572246762204704
3,2,0,2,6,3,0,2,1,2.0,12,0.0,0,0.7142857140000001,0.666666667,1,2,3.0,1,0.6667,False,False,0.0,False,0.0,False,0.0,GMean,GMean,False,0.0
8,2,0,18,41,0,5,15,8,0.642857143,218,1.0,1,0.833333333,0.28125,1,1,25.75,1,0.75,True,False,0.4,True,0.8,False,0.2,GMean,GMean,False,0.283513956392598
12,1,0,21,35,66,6,15,9,2.0,337,0.0,0,0.0,0.295454545,0,0,27.08333333,7,2.0,False,False,0.1,True,0.9,False,0.0,GMean,GMean,False,0.11361552427731515
13,2,1,5,18,58,1,4,13,0.666666667,103,1.0,1,0.6333333329999999,0.461538462,0,0,6.846153846,4,1.4615,False,False,0.4,False,0.1,False,0.5,GMean,GMean,False,0.44626659868621316
6,3,0,2,19,15,2,0,4,1.12,184,0.0,0,0.8125,0.5,1,1,28.83333333,14,2.8333,False,False,0.2,False,0.2,False,0.4,GMean,GMean,False,0.36439425427494115
4,2,0,4,18,0,1,3,2,0.5555555560000001,116,0.333333333,0,0.571428571,0.45,0,0,27.25,6,2.0,True,False,0.5,True,0.6,True,0.75,FMeasure,GMean,True,0.7174995407202499
37,1,0,16,92,0,3,13,34,0.5,438,1.0,1,0.0,0.177777778,1,1,10.78378378,12,1.1351,False,True,0.9,True,0.6,True,1.0,GMean,GMean,True,0.9462665974565406
9,1,1,12,51,0,1,11,6,0.7142857140000001,316,0.571428571,1,0.0,0.377777778,0,0,33.33333333,3,1.6667,True,True,0.7,False,0.5,True,0.8,GMean,GMean,True,0.7582430218033736
1,1,0,7,1,0,7,0,1,2.0,1,0.0,0,0.0,1.0,0,0,0.0,1,1.0,False,False,0.0,False,0.0,False,0.1,GMean,GMean,False,0.08596714141540819
5,2,0,11,18,10,4,9,5,2.0,129,0.0,0,0.909090909,0.4,1,1,24.8,1,0.6,True,True,0.9,True,1.0,True,1.0,GMean,GMean,True,0.9951971451079975
6,2,0,11,24,15,4,9,5,2.0,207,0.0,0,0.882352941,0.333333333,2,2,33.5,2,0.8333,False,False,0.1,False,0.1,False,0.1,GMean,GMean,False,0.1
153,1,0,68,250,8092,49,61,50,0.7434210529999999,8270,0.807692308,10,0.0,0.145559211,0,0,52.88235294,12,2.6275,True,True,0.8,True,0.6,True,1.0,GMean,GMean,True,0.9404388923001655
12,1,0,3,19,42,1,2,9,0.818181818,159,0.5,0,0.0,0.361111111,0,0,11.91666667,5,1.6667,True,False,0.5,True,1.0,True,0.7,FMeasure,GMean,True,0.7242738627275633
9,4,0,5,19,8,1,4,8,0.75,263,1.0,0,0.75,0.333333333,1,2,28.0,10,2.0,False,True,0.6,True,0.6,False,0.3,GMean,GMean,False,0.35341238885344634
5,2,0,9,8,10,0,9,5,2.0,22,0.0,0,0.692307692,0.44,0,0,3.4,1,0.8,True,True,0.8,False,0.3,True,1.0,GMean,GMean,True,0.9894764537195929
4,4,6,38,7,0,37,1,4,0.666666667,35,1.0,0,0.928571429,0.666666667,0,0,7.25,1,0.25,False,False,0.2,False,0.1,False,0.4,GMean,GMean,False,0.39431744205701624
4,2,0,7,10,6,4,5,4,2.0,28,0.0,0,0.9375,0.392857143,0,0,6.0,1,0.5,True,False,0.1,True,0.6,True,0.5666666666666667,FMeasure,FMeasure,True,0.5875159261188544
89,1,0,5,123,492,1,4,10,0.80815508,13175,0.382352941,1,0.0,0.33901515200000004,0,0,146.6516854,209,13.4831,True,True,0.7,False,0.4,False,0.5,Accuracy,Accuracy,True,0.6940388173073708
5,1,0,6,9,0,2,4,4,0.25,37,1.0,1,0.0,0.433333333,0,0,6.2,1,0.8,True,False,0.5,False,0.4,False,0.4,GMean,GMean,False,0.40101457853766903
3,3,0,9,14,3,4,6,3,2.0,48,0.0,0,0.972222222,0.533333333,2,2,15.0,3,1.0,False,False,0.1,False,0.0,False,0.0,GMean,GMean,False,0.0010188216957065753
7,2,0,21,44,0,5,18,6,0.5,427,1.0,1,0.857142857,0.387755102,1,2,59.42857143,2,0.8571,True,False,0.4,False,0.3,False,0.1,GMean,GMean,False,0.105481035034195
7,2,1,8,13,0,1,7,7,0.166666667,71,1.0,1,0.571428571,0.476190476,0,0,9.0,1,0.8571,True,False,0.3,False,0.2,False,0.4,GMean,GMean,False,0.39655358725685974
19,2,0,1,29,61,1,0,14,0.7098765429999999,342,0.666666667,0,0.464285714,0.305555556,1,2,16.52631579,2,0.8421,False,False,0.4,False,0.2,False,0.0,GMean,GMean,False,0.006499481782288669
2,1,0,6,13,1,1,5,2,2.0,53,0.0,0,0.0,0.5,0,0,25.5,1,0.5,True,False,0.2,False,0.2,False,0.0,GMean,GMean,False,0.004478539142426848
3,2,0,5,6,3,4,3,3,2.0,17,0.0,0,0.967741935,0.533333333,0,0,4.666666667,1,0.3333,False,False,0.0,False,0.0,False,0.0,GMean,GMean,False,0.0
9,2,0,9,55,2,0,9,6,0.583333333,476,1.0,0,0.6,0.377777778,2,2,51.55555556,9,3.1111,True,False,0.2,False,0.3,False,0.3,GMean,GMean,False,0.2989819637955388
5,1,0,4,5,10,2,2,5,2.0,5,0.0,0,0.0,0.5,0,0,0.0,1,1.0,False,True,0.5583333333333333,False,0.1,False,0.1,FMeasure,FMeasure,False,0.11125190846203484
43,2,0,44,52,897,0,44,41,0.011904762,340,1.0,0,0.505882353,0.06760411,0,0,6.860465116,4,1.0698,True,False,0.5,True,1.0,True,0.6,FMeasure,FMeasure,True,0.9866020381663319
1,1,0,8,1,0,7,1,1,2.0,1,0.0,0,0.0,1.0,0,0,0.0,1,1.0,False,False,0.0,False,0.0,False,0.1,GMean,GMean,False,0.09844434231850299
4,2,0,9,19,6,4,7,4,2.0,133,0.0,0,0.9375,0.4166666670000001,1,1,32.25,1,0.5,False,False,0.2,False,0.4,False,0.0,GMean,GMean,False,0.006888378772187809
5,3,2,16,18,0,15,1,4,0.666666667,388,0.5,1,0.8666666670000001,0.4,1,1,75.4,14,4.8,False,False,0.5,False,0.4,False,0.4,GMean,GMean,False,0.401019885090587
5,1,3,6,6,0,5,1,4,0.625,30,1.0,1,0.0,0.466666667,0,0,4.6,2,1.0,False,False,0.0,False,0.2,False,0.0,GMean,GMean,False,0.002427296674234644
3,2,0,5,15,0,1,4,2,0.25,116,1.0,1,0.666666667,0.611111111,0,0,37.0,2,1.0,False,False,0.3,False,0.3,False,0.1,GMean,GMean,False,0.10447168197656105
10,2,0,9,46,0,1,8,8,0.5555555560000001,296,0.5,1,0.75,0.385714286,0,0,28.2,9,2.6,True,False,0.3,False,0.5,False,0.5,GMean,GMean,False,0.49796858100153096
20,2,0,8,27,118,5,3,17,0.473684211,129,1.0,1,0.5476190479999999,0.316666667,1,3,5.4,1,0.95,False,True,0.7,False,0.5,False,0.1,FMeasure,FMeasure,False,0.5042403196168009
6,2,0,11,24,15,4,9,5,2.0,197,0.0,0,0.882352941,0.333333333,2,2,31.83333333,2,0.8333,False,False,0.0,False,0.1,False,0.1,GMean,GMean,False,0.09898103177251279
9,1,0,2,27,18,0,2,7,0.825,236,0.4,0,0.0,0.4,0,0,24.66666667,5,1.8889,True,True,0.6,False,0.4,False,0.3,Accuracy,Accuracy,True,0.5951804502197913
28,1,0,12,60,0,3,9,28,0.0,278,1.0,1,0.0,0.25,0,0,8.892857142999999,2,0.9286,True,True,0.9,True,0.8,True,0.8,GMean,GMean,True,0.8004989566675709
6,1,0,2,20,3,0,2,5,0.95,110,0.25,0,0.0,0.466666667,0,0,16.66666667,3,1.5,False,False,0.0,False,0.2,False,0.5,GMean,GMean,False,0.49267876402649574
3,1,1,6,9,1,1,5,1,0.5,52,1.0,2,0.0,0.466666667,0,0,15.66666667,1,0.6667,False,False,0.2,False,0.2,False,0.4,GMean,GMean,False,0.39577709589350024
5,2,0,11,12,10,5,8,5,2.0,62,0.0,0,0.909090909,0.4,1,2,11.4,1,0.6,False,False,0.2,False,0.4,False,0.0,GMean,GMean,False,0.007439315674343586
5,1,0,4,26,0,0,4,5,0.916666667,121,0.333333333,0,0.0,0.48,0,0,22.6,2,1.4,True,False,0.1,False,0.3,False,0.3,GMean,GMean,False,0.29900177780045833
8,5,0,46,14,6,43,3,8,0.80952381,79,1.0,0,0.666666667,0.375,1,1,8.125,1,0.875,False,True,0.7,False,0.4,False,0.3,FMeasure,FMeasure,False,0.40395888569452226
1,1,0,4,1,0,3,1,1,2.0,1,0.0,0,0.0,1.0,0,0,0.0,1,1.0,False,False,0.0,False,0.0,False,0.0,GMean,GMean,False,0.0
25,1,2,80,46,298,76,5,21,0.166666667,198,1.0,1,0.0,0.213333333,0,0,6.88,3,1.04,False,True,1.0,True,0.9,True,0.8,GMean,GMean,True,0.8026093762027217
6,1,0,7,27,5,4,4,3,1.076923077,151,0.307692308,2,0.0,0.333333333,0,0,22.0,5,2.1667,True,False,0.4,False,0.4,False,0.4,GMean,GMean,False,0.40000000000000013
4,2,0,9,8,6,4,7,4,2.0,23,0.0,0,0.9375,0.392857143,0,0,4.75,1,0.5,True,False,0.2,False,0.5,True,0.8,GMean,GMean,True,0.7924547461310109
24,1,0,11,74,274,11,0,23,0.956521739,731,1.0,0,0.0,0.16847826100000002,0,0,29.41666667,8,2.5833,False,False,0.5,False,0.4,True,0.6,GMean,GMean,True,0.5962875248323752
4,2,0,10,10,6,4,8,4,2.0,37,0.0,0,0.9375,0.392857143,1,1,8.25,1,0.5,False,False,0.4,False,0.4,True,0.8,GMean,GMean,True,0.7917774877146297
5,2,0,10,11,10,4,8,5,2.0,32,0.0,0,0.909090909,0.371428571,1,2,5.4,1,0.6,False,False,0.2,False,0.3,True,1.0,GMean,GMean,True,0.9850369393805194
5,1,0,6,19,10,2,4,5,2.0,247,0.0,0,0.0,0.3,0,0,48.4,12,4.2,False,False,0.3,True,0.7,False,0.4,GMean,GMean,False,0.40431440233982124
3,1,0,1,10,1,1,0,2,0.5,84,0.0,0,0.0,0.5,0,0,26.66666667,10,3.3333,False,False,0.3,False,0.5,False,0.29,GMean,GMean,False,0.2934285188806245
15,1,0,18,63,9,1,17,8,0.6031746029999999,830,1.0,3,0.0,0.333333333,0,0,53.73333333,12,3.6,False,True,0.8,True,0.7,False,0.4,GMean,GMean,False,0.4067968344327265
4,3,0,8,11,6,4,5,3,2.0,46,0.0,0,0.945945946,0.458333333,2,3,10.5,5,1.5,False,False,0.3,False,0.1,False,0.2,GMean,GMean,False,0.1988896084968925
9,2,0,12,29,34,2,10,7,0.75,199,1.0,0,0.5625,0.263888889,0,0,21.0,5,1.4444,True,False,0.5,True,0.8,False,0.5,GMean,GMean,False,0.5048121670149007
41,1,0,48,41,820,43,41,41,2.0,41,0.0,0,0.0,0.069767442,0,0,0.0,1,1.0,True,True,1.0,True,0.8,True,0.9,GMean,GMean,True,0.8988887665093522
7,1,0,1,26,1,0,1,6,0.0,149,1.0,0,0.0,0.464285714,0,0,20.14285714,4,1.0,False,False,0.3,False,0.2,False,0.4,GMean,GMean,False,0.3962940154728725
1,5,0,4,2,0,3,1,1,2.0,5,0.0,0,1.0,1.0,0,0,4.0,0,0.0,False,False,0.0,False,0.0,False,0.0,GMean,GMean,False,0.0
4,3,0,4,21,4,1,3,3,0.5555555560000001,206,0.333333333,0,0.5,0.458333333,1,1,49.0,21,5.75,False,False,0.4,False,0.4,False,0.5,GMean,GMean,False,0.49788904195528527
6,2,0,6,9,13,4,4,5,0.8,28,1.0,0,0.909090909,0.4,0,0,3.5,1,0.5,False,False,0.0,False,0.3,False,0.2,GMean,GMean,False,0.20071195936270134
6,1,0,3,6,15,2,1,6,2.0,6,0.0,0,0.0,0.916666667,0,0,0.0,1,1.0,False,False,0.13333333333333333,False,0.1,True,0.6,GMean,GMean,True,0.5977628459981834
8,2,0,9,39,8,0,9,5,0.5,288,1.0,0,0.6315789470000001,0.375,1,1,34.75,7,2.25,False,True,0.7,False,0.5,False,0.5,FMeasure,FMeasure,False,0.5024808943725906
4,1,0,0,12,6,0,0,4,2.0,50,0.0,0,0.0,0.5,0,0,11.5,2,1.0,False,False,0.3,False,0.0,False,0.1,GMean,GMean,False,0.09997496822005396
3,2,0,2,6,3,0,2,1,2.0,12,0.0,0,0.7142857140000001,0.666666667,1,2,3.0,1,0.6667,False,False,0.1,False,0.0,False,0.0,GMean,GMean,False,0.00014975797775842577
6,1,0,8,30,0,0,8,4,0.333333333,163,1.0,1,0.0,0.4166666670000001,0,0,25.66666667,2,1.3333,False,False,0.4,False,0.2,False,0.4,GMean,GMean,False,0.399349183922795
32,1,39,65,56,418,54,14,31,0.913978495,405,0.916666667,7,0.0,0.175,1,1,11.28125,4,1.3438,True,False,0.2,False,0.4,True,0.7,GMean,GMean,True,0.6982689234988749
15,2,0,28,83,25,7,23,13,0.735294118,1221,0.941176471,1,0.697674419,0.251851852,1,2,79.26666667,18,2.2,True,True,0.9,False,0.5,False,0.3,Accuracy,Accuracy,True,0.8978877906694644
6,4,0,6,14,0,2,4,5,0.9,239,1.0,0,0.75,0.375,1,3,38.5,10,3.0,True,False,0.3,False,0.0,False,0.45,GMean,GMean,False,0.44830687524169377
1,1,0,5,1,0,4,1,1,2.0,1,0.0,0,0.0,1.0,0,0,0.0,1,1.0,False,False,0.0,False,0.0,False,0.0,GMean,GMean,False,0.0
4,2,0,7,17,0,1,6,3,0.166666667,94,1.0,1,0.666666667,0.5,0,0,22.0,1,0.5,False,True,0.6,False,0.2,False,0.0,FMeasure,FMeasure,False,0.20487881441764016
5,2,0,9,10,10,5,6,5,2.0,53,0.0,0,0.909090909,0.4,1,1,9.6,1,0.6,False,False,0.0,False,0.0,False,0.0,GMean,GMean,False,0.0
7,1,0,3,9,11,3,0,7,0.611111111,43,1.0,0,0.0,0.523809524,0,0,4.714285714,1,0.8571,False,True,0.7,False,0.2,False,0.4,FMeasure,FMeasure,False,0.20626427265547717
5,1,1,3,6,10,1,2,5,2.0,13,0.0,0,0.0,0.48,0,0,1.6,1,0.8,True,False,0.1,False,0.0,False,0.5,GMean,GMean,False,0.4977805234812153
5,2,0,14,31,10,0,14,5,2.0,239,0.0,0,0.692307692,0.44,0,0,46.8,1,0.8,True,True,0.6,True,0.8,True,0.9,GMean,GMean,True,0.899224969957389
2,2,0,2,4,1,0,2,2,2.0,10,0.0,0,0.8888888890000001,0.666666667,0,0,4.0,1,0.5,False,False,0.0,False,0.0,False,0.0,GMean,GMean,False,0.0
16,1,0,11,52,112,11,0,12,0.826666667,854,0.533333333,0,0.0,0.226666667,0,0,51.4375,18,4.5625,False,True,0.7,False,0.5,False,0.3,FMeasure,FMeasure,False,0.5024052920290057
8,2,0,7,41,2,0,7,6,0.6,425,0.8,0,0.6315789470000001,0.325,1,2,51.5,6,1.875,False,True,0.7,True,0.7,False,0.3,GMean,GMean,False,0.3019031693444565
40,1,0,19,78,0,3,16,39,0.025641026,208,1.0,1,0.0,0.105128205,0,0,4.175,1,0.95,True,True,0.7,True,0.6,True,0.8,GMean,GMean,True,0.7991959790322274
3,1,0,2,3,3,1,2,3,2.0,3,0.0,0,0.0,0.5555555560000001,0,0,0.0,1,1.0,False,False,0.30248917748917753,False,0.2,False,0.1,GMean,GMean,False,0.10042115028818861
1,1,0,2,1,0,2,0,1,2.0,1,0.0,0,0.0,1.0,0,0,0.0,1,1.0,False,False,0.0,False,0.0,False,0.0,GMean,GMean,False,0.0
5,2,0,6,11,8,4,4,5,0.875,37,0.5,0,0.909090909,0.4,0,0,6.0,1,0.6,True,False,0.2,False,0.4,True,1.0,GMean,GMean,True,0.9970413219974112
3,1,0,6,3,3,6,0,3,2.0,3,0.0,0,0.0,0.666666667,0,0,0.0,1,1.0,False,False,0.30248917748917753,False,0.0,False,0.1,GMean,GMean,False,0.09975109554832752
5,1,0,15,5,10,11,4,5,2.0,5,0.0,0,0.0,0.68,0,0,0.0,1,1.0,True,False,0.03333333333333333,False,0.0,False,0.5,GMean,GMean,False,0.497667422933399
4,1,0,9,14,6,9,0,3,2.0,66,0.0,0,0.0,0.4166666670000001,0,0,15.5,5,1.75,True,True,0.6,False,0.4,False,0.2,Accuracy,Accuracy,True,0.5981522271434853
2,2,0,2,5,1,1,1,1,2.0,11,0.0,0,0.941176471,0.833333333,1,2,4.5,1,0.5,False,False,0.3,False,0.0,False,0.0,GMean,GMean,False,0.0006530791557548029
3,1,0,6,3,3,6,0,3,2.0,3,0.0,0,0.0,0.666666667,0,0,0.0,1,1.0,False,False,0.25388278388278385,False,0.0,False,0.1,GMean,GMean,False,0.09979226266333785
12,1,0,4,12,66,4,0,12,2.0,12,0.0,0,0.0,0.583333333,0,0,0.0,1,1.0,False,True,0.6571428571428571,False,0.3,False,0.0,FMeasure,FMeasure,False,0.30157660706694117
3,1,0,25,4,3,25,0,3,1.4375,23,0.0,2,0.0,0.5,0,0,4.0,2,1.0,False,False,0.11428571428571427,False,0.1,False,0.4,GMean,GMean,False,0.3986082482004454
3,2,0,2,6,3,0,2,1,2.0,12,0.0,0,0.7142857140000001,0.666666667,1,2,3.0,1,0.6667,False,False,0.0,False,0.0,False,0.0,GMean,GMean,False,0.0
5,2,0,9,10,10,5,6,5,2.0,53,0.0,0,0.909090909,0.4,1,1,9.6,1,0.6,False,False,0.0,False,0.2,False,0.0,GMean,GMean,False,0.0005146729228596829
12,1,0,2,25,0,1,1,12,0.436363636,253,1.0,0,0.0,0.395833333,0,0,19.66666667,3,1.3333,False,True,0.6,False,0.5,False,0.3,FMeasure,FMeasure,False,0.5004282669201124
4,1,0,8,4,6,8,0,4,2.0,4,0.0,0,0.0,1.0,0,0,0.0,1,1.0,False,False,0.4976190476190476,True,0.6,True,0.6,Accuracy,Accuracy,False,0.49851209908426203
6,1,0,5,34,0,1,4,6,0.4,211,1.0,1,0.0,0.5,0,0,33.5,2,1.1667,False,False,0.1,False,0.5,False,0.1,GMean,GMean,False,0.10103006396466119
14,1,0,7,33,47,1,6,9,0.721153846,344,1.0,0,0.0,0.384615385,0,0,23.0,9,2.5714,True,False,0.4,False,0.5,False,0.4,GMean,GMean,False,0.4002567959831236
5,5,0,28,7,0,25,3,5,0.6875,45,1.0,0,0.8235294120000001,0.5,0,0,7.2,1,0.6,False,False,0.3,False,0.2,True,0.6,GMean,GMean,True,0.5983207646828345
3,2,1,16,13,3,11,5,3,2.0,74,0.0,0,0.666666667,0.444444444,0,0,23.66666667,1,0.3333,False,False,0.2,True,0.6,False,0.2,GMean,GMean,False,0.20102688694193843
10,1,9,26,11,31,19,8,10,0.7777777779999999,54,1.0,1,0.0,0.271428571,0,0,4.0,1,0.9,True,False,0.4,False,0.4,True,0.8,GMean,GMean,True,0.7981002341932594
2,2,0,2,3,1,0,2,2,2.0,6,0.0,0,0.8,0.666666667,0,0,2.0,1,0.5,False,False,0.0,False,0.1,False,0.0,GMean,GMean,False,0.0002482036559914054
5,2,0,5,10,8,0,5,5,0.75,31,0.0,0,0.692307692,0.44,0,0,5.0,1,0.8,True,False,0.4,True,0.6,True,1.0,FMeasure,FMeasure,True,0.5991366063034546
4,2,0,4,18,0,1,3,2,0.5555555560000001,128,0.333333333,0,0.571428571,0.45,0,0,30.25,7,2.25,True,False,0.5,False,0.3,True,0.725,GMean,GMean,True,0.7234198446161335
6,2,0,14,38,1,1,13,5,0.6,297,1.0,1,0.642857143,0.361111111,0,0,47.66666667,5,1.6667,True,False,0.0,True,0.6,True,0.7,FMeasure,FMeasure,True,0.5973081417436102
1,1,0,6,1,0,2,4,1,2.0,1,0.0,0,0.0,1.0,0,0,0.0,1,1.0,False,False,0.0,False,0.0,False,0.0,GMean,GMean,False,0.0
3,3,0,7,6,3,4,4,3,2.0,16,0.0,0,0.972222222,0.533333333,1,1,4.333333333,1,0.3333,False,False,0.0,False,0.0,False,0.0,GMean,GMean,False,0.0
6,1,1,21,8,9,21,1,5,0.6,41,1.0,0,0.0,0.444444444,0,0,5.333333333,1,0.6667,False,False,0.4,True,0.7,True,0.6,Accuracy,Accuracy,False,0.40257711165075594
20,1,1,7,31,110,2,5,19,0.8815789470000001,160,1.0,2,0.0,0.18125,0,0,6.6,2,1.05,True,False,0.3,False,0.3,True,0.6,GMean,GMean,True,0.5985771275726779
44,1,1,44,86,946,1,43,44,1.0,344,1.0,1,0.0,0.064646465,0,0,6.772727272999999,1,0.9773,True,True,0.6,True,1.0,True,0.8,GMean,GMean,True,0.8000810929470239
1,1,0,6,1,0,5,1,1,2.0,1,0.0,0,0.0,1.0,0,0,0.0,1,1.0,False,False,0.0,False,0.0,False,0.0,GMean,GMean,False,0.0
2,2,0,11,16,1,6,6,2,2.0,87,0.0,0,0.947368421,1.0,1,1,42.5,1,0.5,False,True,0.7,False,0.0,False,0.1,FMeasure,FMeasure,False,0.0025452317287227686
4,3,0,1,8,0,1,0,4,0.0,31,1.0,0,0.918918919,0.666666667,2,9,6.5,1,0.75,False,False,0.4,False,0.1,False,0.1,GMean,GMean,False,0.10019236281902659
5,2,0,5,10,10,1,4,5,2.0,32,0.0,0,0.8620689659999999,0.666666667,0,0,5.4,1,0.8,False,False,0.2,False,0.1,False,0.2,GMean,GMean,False,0.19980253770998688
18,1,0,3,36,133,2,3,18,0.764705882,298,0.0,1,0.0,0.333333333,0,0,15.5,4,1.3889,False,False,0.3,False,0.1,False,0.3,GMean,GMean,False,0.29959267317275684
5,1,0,2,6,0,2,0,4,0.4166666670000001,103,1.0,0,0.0,0.466666667,0,0,19.0,3,1.4,False,False,0.3,False,0.1,False,0.2,GMean,GMean,False,0.19986006608945175
3,1,0,3,11,3,1,2,2,2.0,41,0.0,0,0.0,0.666666667,0,0,12.66666667,2,1.0,False,False,0.2309523809523809,False,0.1,False,0.0,GMean,GMean,False,0.00035132493534328587
4,1,0,1,7,0,1,0,4,0.333333333,23,1.0,0,0.0,0.625,0,0,4.5,1,0.75,False,False,0.2,True,0.7,False,0.2,GMean,GMean,False,0.20102333826464164
13,1,6,17,33,48,12,6,12,0.8472222220000001,255,0.833333333,2,0.0,0.241758242,0,0,18.15384615,7,1.4615,True,False,0.3,False,0.5,True,0.6,GMean,GMean,True,0.5996031699700509
10,1,1,12,46,0,1,11,7,0.814814815,357,0.5,1,0.0,0.422222222,0,0,34.1,2,1.1,True,True,0.7,True,0.7,True,0.6,GMean,GMean,True,0.6002684726493249
22,3,0,12,84,177,0,12,20,0.928571429,565,1.0,0,0.637931034,0.309090909,1,1,24.13636364,5,1.1364,False,False,0.2,False,0.2,False,0.1,GMean,GMean,False,0.1002687455177933
3,2,0,4,7,3,0,4,3,2.0,18,0.0,0,0.7142857140000001,0.5,0,0,5.0,1,0.6667,False,False,0.0,False,0.2,False,0.1,GMean,GMean,False,0.10013973531565803
2,1,0,4,2,1,2,2,2,2.0,2,0.0,0,0.0,0.666666667,0,0,0.0,1,1.0,False,True,0.76,False,0.1,False,0.18,FMeasure,FMeasure,False,0.10273060655994189
5,2,0,11,18,10,4,9,5,2.0,130,0.0,0,0.909090909,0.4,1,1,25.0,1,0.6,True,True,1.0,True,1.0,True,1.0,GMean,GMean,True,1.0
2,1,0,1,10,1,0,1,2,2.0,42,0.0,0,0.0,0.75,0,0,20.0,4,2.0,False,True,0.8,False,0.4,False,0.08,FMeasure,FMeasure,False,0.40140102544214934
6,1,1,5,17,3,3,2,5,0.4,121,1.0,0,0.0,0.388888889,0,0,18.83333333,5,1.8333,True,False,0.5,False,0.2,True,0.9,GMean,GMean,True,0.8983135187762751
6,2,0,18,48,13,0,18,5,0.8,325,1.0,1,0.642857143,0.35714285700000004,0,0,52.0,1,0.8333,True,True,0.8,False,0.4,False,0.5,Accuracy,Accuracy,True,0.7933765591007326
3,1,0,5,3,3,5,0,3,2.0,3,0.0,0,0.0,1.0,0,0,0.0,1,1.0,False,False,0.20404761904761906,True,0.9,False,0.2,GMean,GMean,False,0.2013707914056572
5,2,0,8,13,0,4,6,5,0.25,62,1.0,0,0.909090909,0.433333333,0,0,11.2,1,0.6,False,True,0.6,False,0.3,False,0.5,FMeasure,FMeasure,False,0.3011145219957008
30,1,0,10,60,435,0,10,30,2.0,133,0.0,0,0.0,0.133333333,0,0,3.433333333,1,0.9667,False,True,0.9,True,1.0,True,0.9,GMean,GMean,True,0.9002041929618089
9,1,0,3,29,30,1,2,4,1.0,465,0.75,0,0.0,0.236111111,0,0,50.22222222,17,5.1111,True,False,0.2,False,0.4,True,0.8,GMean,GMean,True,0.7987947352743937
9,1,2,26,45,10,2,24,8,0.8,374,0.4,2,0.0,0.365079365,0,0,40.0,1,0.8889,True,True,0.7,True,0.6,True,0.8,GMean,GMean,True,0.7995255717869233
5,1,0,32,5,10,32,0,5,2.0,5,0.0,0,0.0,0.666666667,0,0,0.0,1,1.0,False,False,0.4166666666666667,True,0.7,False,0.4,GMean,GMean,False,0.4006247474723334
5,2,0,17,38,0,4,15,5,0.4166666670000001,310,1.0,1,0.909090909,0.466666667,0,0,60.4,1,0.6,False,True,1.0,True,0.9,False,0.3,GMean,GMean,False,0.30000762597711494
4,2,0,8,12,6,4,6,4,2.0,43,0.0,0,0.9375,0.4166666670000001,1,1,9.75,1,0.5,False,False,0.2,False,0.1,False,0.0,GMean,GMean,False,1.7971771695227258e-06
4,1,0,2,12,6,2,0,3,1.0,437,0.0,0,0.0,0.375,0,0,106.25,63,23.0,False,False,0.5,True,0.8,True,0.9,Accuracy,Accuracy,False,0.50323565957438
6,1,0,7,20,9,7,0,4,0.7,185,0.25,0,0.0,0.4,0,0,29.16666667,6,2.0,False,False,0.3,False,0.3,False,0.4,GMean,GMean,False,0.39999883951302045
5,2,0,10,11,10,6,6,5,2.0,31,0.0,0,0.909090909,0.4,1,2,5.2,1,0.6,False,False,0.2,False,0.2,False,0.0,GMean,GMean,False,2.3268593326188507e-06
5,2,0,11,18,10,4,9,5,2.0,129,0.0,0,0.909090909,0.4,1,1,24.8,1,0.6,True,True,0.9,True,1.0,True,1.0,GMean,GMean,True,0.9999993548111896
2,1,0,5,2,1,5,1,2,2.0,2,0.0,0,0.0,0.75,0,0,0.0,1,1.0,False,True,0.5666666666666667,False,0.1,False,0.2,FMeasure,FMeasure,False,0.10473893350076721
11,2,0,9,44,27,0,9,6,0.728571429,559,1.0,0,0.545454545,0.28571428600000004,1,1,49.18181818,5,1.9091,False,True,0.7,False,0.3,True,0.6,GMean,GMean,True,0.5999991120790585
10,3,0,7,20,3,5,2,10,0.5555555560000001,86,1.0,0,0.833333333,0.38,1,4,7.4,1,0.6,False,False,0.5,False,0.2,False,0.5,GMean,GMean,False,0.49999846312442664
5,2,0,27,35,0,13,15,5,0.25,319,1.0,1,0.818181818,0.5,1,1,62.6,1,0.8,True,True,1.0,True,1.0,True,0.6,GMean,GMean,True,0.6000046410615112
9,5,0,33,19,0,28,5,9,0.625,204,1.0,0,0.7777777779999999,0.355555556,0,0,21.11111111,1,0.4444,False,False,0.2,False,0.2,False,0.3,GMean,GMean,False,0.29999884138602534
4,2,0,7,24,0,1,6,2,0.333333333,126,1.0,1,0.571428571,0.541666667,0,0,30.25,2,1.0,False,False,0.1,False,0.3,False,0.1,GMean,GMean,False,0.10000102873878307
1,1,0,5,1,0,4,1,1,2.0,1,0.0,0,0.0,1.0,0,0,0.0,1,1.0,False,False,0.0,False,0.0,False,0.0,GMean,GMean,False,0.0
4,2,0,9,16,2,0,9,4,0.666666667,67,0.0,1,0.727272727,0.4375,1,1,15.5,1,0.75,True,False,0.3,False,0.3,False,0.5,GMean,GMean,False,0.4999976672449452
6,1,4,12,18,7,4,8,3,0.666666667,99,1.0,1,0.0,0.4166666670000001,0,0,15.0,4,1.8333,False,True,0.7,False,0.1,True,0.6,GMean,GMean,True,0.5999980847701246
0,1,0,1,0,0,1,0,0,2.0,2,0.0,0,0.0,0.0,0,0,0.0,0,0.0,False,False,0.29,False,0.1,True,0.8,GMean,GMean,True,0.7999978767220496
10,1,0,15,81,9,0,15,5,0.747474747,659,0.727272727,3,0.0,0.44,0,0,63.8,3,1.2,True,False,0.4,True,0.7,True,0.7,FMeasure,FMeasure,True,0.6970070705583539
3,1,0,9,3,3,8,1,3,2.0,3,0.0,0,0.0,0.666666667,0,0,0.0,1,1.0,False,False,0.18801587301587305,False,0.0,False,0.1,GMean,GMean,False,0.1000001233418479
4,1,0,6,4,6,6,0,4,2.0,4,0.0,0,0.0,0.5,0,0,0.0,1,1.0,False,False,0.1125,False,0.4,False,0.3,GMean,GMean,False,0.2999997741847683
5,1,3,6,6,0,5,1,4,0.625,30,1.0,1,0.0,0.466666667,0,0,4.6,2,1.0,False,False,0.1,False,0.1,False,0.0,GMean,GMean,False,1.1598842225526046e-06
2,1,0,4,5,1,1,3,2,2.0,20,0.0,0,0.0,0.5,0,0,9.0,4,2.0,False,False,0.2,False,0.4,True,0.6,GMean,GMean,True,0.5999963922242524
3,2,0,3,6,3,0,3,3,2.0,17,0.0,0,0.967741935,0.533333333,0,0,4.666666667,1,0.3333,False,False,0.0,False,0.0,False,0.0,GMean,GMean,False,0.0
25,1,0,13,59,300,1,12,25,2.0,220,0.0,0,0.0,0.16,0,0,7.8,2,1.0,True,True,0.6,True,0.6,False,0.1,GMean,GMean,False,0.10000580083867253
10,1,0,3,40,39,0,3,4,0.962962963,470,1.0,0,0.0,0.388888889,0,0,45.7,8,2.3,False,False,0.5,True,0.7,True,0.85,Accuracy,Accuracy,False,0.5057681049073632
3,2,0,3,6,3,0,3,3,2.0,17,0.0,0,0.967741935,0.533333333,0,0,4.666666667,1,0.3333,False,False,0.0,False,0.0,False,0.0,GMean,GMean,False,0.0
9,2,0,18,44,6,4,14,9,0.7638888890000001,415,1.0,1,0.529411765,0.25,0,0,44.11111111,2,1.0,True,True,0.6,False,0.2,False,0.5,Accuracy,Accuracy,True,0.5958674631856189
3,2,0,5,6,3,4,3,3,2.0,17,0.0,0,0.967741935,0.533333333,0,0,4.666666667,1,0.3333,False,False,0.0,False,0.0,False,0.0,GMean,GMean,False,0.0
15,1,0,17,28,29,9,10,15,0.69047619,371,0.833333333,0,0.0,0.177777778,0,0,23.33333333,7,1.8667,False,True,0.9,False,0.4,False,0.5,FMeasure,FMeasure,False,0.4010180201610315
7,3,0,13,31,9,0,13,5,0.5,298,1.0,0,0.625,0.428571429,0,0,41.28571429,1,0.8571,True,False,0.4,False,0.5,True,0.8,GMean,GMean,True,0.7999984552921403
7,1,0,8,20,11,0,8,6,0.5,91,0.333333333,0,0.0,0.5,0,0,11.57142857,2,1.1429,False,False,0.2,False,0.3,False,0.1,GMean,GMean,False,0.10000068449388703
5,2,0,8,12,0,4,6,5,0.25,54,1.0,0,0.909090909,0.433333333,0,0,9.6,1,0.6,False,False,0.0,False,0.3,False,0.2,GMean,GMean,False,0.19999982885082254
19,1,2,25,22,129,22,4,19,0.916666667,130,1.0,2,0.0,0.203007519,0,0,5.315789474,3,1.0526,True,False,0.3,False,0.5,False,0.3,GMean,GMean,False,0.30000047579220973
12,3,0,8,30,64,1,7,11,1.0,93,1.0,0,0.920454545,0.606060606,1,2,6.583333333,1,0.5833,False,False,0.3,False,0.4,False,0.3,GMean,GMean,False,0.30000023861236574
5,1,0,3,19,2,0,3,3,0.666666667,157,1.0,1,0.0,0.333333333,0,0,29.8,3,1.0,False,False,0.5,False,0.5,False,0.3,GMean,GMean,False,0.30000088767641697
3,2,0,2,6,3,0,2,1,2.0,12,0.0,0,0.7142857140000001,0.666666667,1,2,3.0,1,0.6667,False,False,0.0,False,0.0,False,0.0,GMean,GMean,False,0.0
6,2,0,8,20,15,0,8,5,1.0,88,0.0,0,0.705882353,0.4166666670000001,1,2,13.5,2,1.0,False,False,0.4,False,0.5,True,0.7,GMean,GMean,True,0.6999989048647459
0,1,0,5,0,0,5,0,0,2.0,60,0.0,0,0.0,0.0,0,0,0.0,0,0.0,True,False,0.0,False,0.1,False,0.1,GMean,GMean,False,0.0999997935787223
1,1,0,3,1,0,2,1,1,2.0,1,0.0,0,0.0,1.0,0,0,0.0,1,1.0,False,False,0.0,False,0.0,False,0.0,GMean,GMean,False,0.0
5,3,0,14,36,8,0,14,5,0.75,322,1.0,0,0.7142857140000001,0.44,1,1,63.2,1,0.8,True,False,0.5,True,0.7,True,1.0,FMeasure,FMeasure,True,0.7000420276061218
4,1,0,15,4,6,14,1,4,1.333333333,14,0.0,0,0.0,0.55,0,0,0.0,1,1.0,True,False,0.0,True,0.6,False,0.0,GMean,GMean,False,1.4345240678832613e-06
5,1,0,10,39,10,1,9,2,0.75,344,0.0,0,0.0,0.3,0,0,67.6,4,1.4,True,False,0.4,False,0.3,False,0.3,GMean,GMean,False,0.30000020657217796
1,1,0,2,1,0,2,0,0,2.0,352,0.0,0,0.0,0.0,0,0,276.0,0,0.0,True,True,0.9,True,1.0,True,0.8,GMean,GMean,True,0.8000006815718217
3,2,0,2,14,0,1,1,3,0.0,42,1.0,0,0.666666667,0.5555555560000001,0,0,12.66666667,1,0.6667,False,False,0.2,False,0.2,False,0.3,GMean,GMean,False,0.29999955500356423
1,1,0,5,1,0,4,1,1,2.0,1,0.0,0,0.0,1.0,0,0,0.0,1,1.0,False,False,0.0,False,0.0,False,0.0,GMean,GMean,False,0.0
2,2,0,2,4,1,0,2,2,2.0,10,0.0,0,0.8888888890000001,0.666666667,0,0,4.0,1,0.5,False,False,0.0,False,0.0,False,0.0,GMean,GMean,False,0.0
2,1,0,8,2,1,7,1,2,2.0,7,0.0,0,0.0,0.625,0,0,0.0,1,1.0,True,False,0.0,False,0.2,False,0.0,GMean,GMean,False,3.581114293950644e-07
62,1,0,42,165,1423,3,39,48,0.827512473,1691,0.608695652,7,0.0,0.135483871,0,0,25.90322581,6,1.3226,True,False,0.4,True,0.7,True,0.9,FMeasure,FMeasure,True,0.7000183814993383
3,5,0,2,6,3,1,1,3,1.5,17,1.0,0,1.0,0.7777777779999999,0,0,4.333333333,0,0.0,False,False,0.0,False,0.0,False,0.0,GMean,GMean,False,0.0
3,3,0,9,14,3,4,6,3,2.0,48,0.0,0,0.972222222,0.533333333,2,2,15.0,3,1.0,False,False,0.1,False,0.0,False,0.0,GMean,GMean,False,1.2781310141927078e-07
5,2,0,11,18,10,4,9,5,2.0,130,0.0,0,0.909090909,0.4,1,1,25.0,1,0.6,True,True,1.0,True,0.9,True,1.0,GMean,GMean,True,0.9999998544830871
4,1,0,1,25,6,0,1,2,2.0,145,0.0,0,0.0,0.875,0,0,35.25,2,1.0,False,False,0.1,False,0.3,False,0.0,GMean,GMean,False,5.650279973544551e-07
1,1,0,2,1,0,2,0,0,2.0,211,0.0,0,0.0,0.0,0,0,168.0,0,0.0,True,True,0.9,True,0.7,True,0.6,GMean,GMean,True,0.6000005287794788
4,2,0,8,12,6,4,6,4,2.0,67,0.0,0,0.9375,0.4166666670000001,1,1,15.75,1,0.5,False,False,0.2,False,0.2,False,0.1,GMean,GMean,False,0.10000027473182085
5,2,0,9,10,10,5,6,5,2.0,39,0.0,0,0.909090909,0.4,1,2,6.8,1,0.6,False,True,0.6,False,0.2,False,0.0,FMeasure,FMeasure,False,0.2002214442801854
3,1,0,9,3,3,6,3,3,2.0,3,0.0,0,0.0,0.933333333,0,0,0.0,1,1.0,True,False,0.12952380952380954,False,0.0,False,0.0,GMean,GMean,False,1.0135574230362653e-07
3,1,0,4,8,1,3,1,0,0.5,45,1.0,0,0.0,0.5,0,0,13.66666667,2,0.6667,False,False,0.1,False,0.0,False,0.1,GMean,GMean,False,0.09999985457874605
5,2,1,9,24,4,2,7,3,0.25,124,1.0,1,0.571428571,0.457142857,0,0,23.6,2,0.8,False,False,0.3,False,0.2,False,0.1,GMean,GMean,False,0.10000040112352808
4,3,0,7,26,6,1,6,2,1.0,132,0.0,0,0.7777777779999999,0.583333333,2,2,31.75,4,1.25,False,False,0.4,False,0.1,False,0.1,GMean,GMean,False,0.10000038381257087
3,1,0,3,3,3,2,1,3,2.0,3,0.0,0,0.0,0.833333333,0,0,0.0,1,1.0,False,False,0.12952380952380954,False,0.0,False,0.2,GMean,GMean,False,0.19999995528060574
3,1,0,2,13,1,2,0,2,0.5,95,1.0,0,0.0,0.5,0,0,30.33333333,4,1.3333,True,False,0.1,False,0.4,False,0.1,GMean,GMean,False,0.10000043760669919
3,5,0,38,6,3,37,1,3,1.5,17,1.0,0,1.0,0.7777777779999999,0,0,4.333333333,0,0.0,False,False,0.0,False,0.0,False,0.2,GMean,GMean,False,0.19999945398895344
28,1,0,11,54,24,3,8,28,0.6790123459999999,198,0.0,3,0.0,0.17857142899999998,0,0,5.964285714,2,1.0357,True,True,0.7,True,0.9,True,0.7,GMean,GMean,True,0.7000002901973602
4,1,0,6,18,0,0,6,4,0.333333333,74,0.0,1,0.0,0.5,0,0,17.0,3,1.25,False,False,0.0,False,0.1,False,0.0,GMean,GMean,False,1.4569228319160955e-07
3,1,0,5,12,0,0,5,3,0.875,61,0.75,1,0.0,0.5555555560000001,0,0,18.0,4,1.6667,True,False,0.2,False,0.3,False,0.0,GMean,GMean,False,6.908635433522605e-07
28,1,3,8,55,0,3,5,28,0.0,162,1.0,1,0.0,0.17857142899999998,0,0,4.75,1,0.9643,True,False,0.4,True,0.6,True,0.6,FMeasure,FMeasure,True,0.5995253430632238
1,1,0,6,2,0,6,0,1,2.0,6,0.0,0,0.0,1.0,0,0,3.0,0,0.0,False,False,0.16499999999999998,False,0.2,False,0.0,GMean,GMean,False,4.904628756905057e-07
6,2,0,9,15,11,3,8,5,0.8,73,1.0,0,0.909090909,0.4,0,0,10.83333333,4,1.0,True,False,0.2,False,0.3,False,0.4,GMean,GMean,False,0.3999995983393333
2,2,2,6,6,1,2,4,1,2.0,19,0.0,0,0.9,0.75,0,0,8.5,2,1.0,False,False,0.0,False,0.0,False,0.0,GMean,GMean,False,0.0
18,2,0,4,36,0,1,3,13,0.79144385,375,0.545454545,5,0.375,0.22689075600000005,1,2,19.22222222,1,0.8333,False,True,0.6,True,0.9,False,0.5,GMean,GMean,False,0.5000007083037823
4,2,0,6,7,6,4,4,4,2.0,20,0.0,0,0.9375,0.4166666670000001,0,0,4.0,1,0.5,False,True,0.6,True,0.7,False,0.0,GMean,GMean,False,1.3866287653545816e-06
6,2,0,6,9,13,4,4,5,0.8,28,1.0,0,0.909090909,0.4,0,0,3.5,1,0.5,False,False,0.1,False,0.2,False,0.2,GMean,GMean,False,0.1999999029667041
3,2,0,4,8,3,1,3,3,2.0,23,0.0,0,0.984615385,0.5,1,1,6.666666667,1,0.3333,False,False,0.2,False,0.1,False,0.0,GMean,GMean,False,3.0860177092132606e-07
7,2,0,16,36,9,4,14,5,0.604166667,271,0.875,3,0.857142857,0.326530612,1,1,36.57142857,1,0.7143,False,False,0.4,True,0.7,False,0.2,GMean,GMean,False,0.20000076790570262
7,2,5,16,23,9,5,11,6,0.5,163,1.0,0,0.857142857,0.387755102,1,1,22.14285714,1,0.7143,False,False,0.3,False,0.5,True,0.6,GMean,GMean,True,0.5999995898550369
0,1,0,16,0,0,16,0,0,2.0,0,0.0,0,0.0,0.0,0,0,0.0,0,0.0,False,False,0.4561904761904762,False,0.3,True,0.6,GMean,GMean,True,0.5999995179255462
3,1,0,4,3,3,2,2,3,2.0,3,0.0,0,0.0,0.5555555560000001,0,0,0.0,1,1.0,False,False,0.15719336219336216,False,0.0,False,0.1,GMean,GMean,False,0.09999997083695172
24,1,0,2,36,0,1,1,21,0.508152174,1008,0.6875,0,0.0,0.3125,0,0,40.33333333,7,1.5,False,False,0.1,False,0.2,False,0.2,GMean,GMean,False,0.19999990081114533
3,2,0,3,6,3,0,3,3,2.0,17,0.0,0,0.967741935,0.533333333,0,0,4.666666667,1,0.3333,False,False,0.0,False,0.0,False,0.0,GMean,GMean,False,0.0
6,1,0,7,24,0,1,6,6,0.4,91,1.0,1,0.0,0.458333333,0,0,13.83333333,2,1.0,False,False,0.0,False,0.1,False,0.4,GMean,GMean,False,0.3999992625573316
9,2,0,9,26,24,1,9,5,0.85,119,1.0,2,0.529411765,0.296296296,0,0,11.66666667,2,1.0,True,False,0.4,False,0.4,True,0.6,GMean,GMean,True,0.5999995762305831
40,1,0,73,40,780,63,16,40,2.0,40,0.0,0,0.0,0.1875,0,0,0.0,1,1.0,True,True,0.9,True,0.8,True,0.7,GMean,GMean,True,0.7000003112040598
6,3,0,7,12,0,1,6,6,0.0,98,1.0,2,0.736842105,0.5277777779999999,0,0,15.0,1,0.8333,True,False,0.4,False,0.0,False,0.0,GMean,GMean,False,3.960988662695176e-07
4,1,0,1,16,0,1,0,4,0.444444444,77,1.0,0,0.0,0.625,0,0,17.5,2,1.25,False,False,0.2,False,0.1,False,0.0,GMean,GMean,False,3.107953715138862e-07
17,1,0,5,17,136,3,2,17,2.0,17,0.0,0,0.0,0.210084034,0,0,0.0,1,1.0,True,False,0.4,False,0.5,False,0.3,GMean,GMean,False,0.3000003273670098
15,4,0,22,89,51,1,22,11,0.826530612,776,0.857142857,1,0.8478260870000001,0.373333333,2,2,49.8,5,1.4667,False,False,0.2,True,0.7,True,0.6,Accuracy,Accuracy,False,0.2065240753421141
0,1,0,67,0,0,64,4,0,2.0,0,0.0,0,0.0,0.0,0,0,0.0,0,0.0,False,False,0.4561904761904762,False,0.3,True,0.6,GMean,GMean,True,0.5999995163882903
4,1,0,6,10,6,1,5,4,2.0,34,0.0,0,0.0,0.5,0,0,7.5,1,0.75,False,False,0.1,False,0.0,False,0.0,GMean,GMean,False,9.349815912113395e-08
5,2,0,9,13,8,4,7,5,0.75,41,1.0,0,0.909090909,0.4,0,0,7.0,1,0.6,True,False,0.2,False,0.1,True,1.0,GMean,GMean,True,0.999998257434884
25,1,0,54,25,300,47,7,25,2.0,25,0.0,0,0.0,0.24,0,0,0.0,1,1.0,True,False,0.5,False,0.4,False,0.4,GMean,GMean,False,0.400000099262153
3,1,0,6,3,3,2,4,3,1.5,5,0.0,0,0.0,0.583333333,0,0,0.0,1,1.0,True,False,0.15719336219336216,False,0.1,False,0.1,GMean,GMean,False,0.10000000830211057
7,1,0,2,14,0,0,2,7,0.4166666670000001,63,1.0,0,0.0,0.857142857,0,0,7.714285714,1,0.8571,False,False,0.5,False,0.2,False,0.2,GMean,GMean,False,0.20000029645400644
